t,score,threshold_raw,threshold_alert,alert,label,mean_psi,finetuned,stream_ordering
0,-0.6824754476547241,-0.19924625754356384,-0.19924625754356384,0,1,,0,timestamp
1,-0.22245898842811584,-0.19924625754356384,-0.19924625754356384,0,1,,0,timestamp
2,-0.6455966234207153,-0.19924625754356384,-0.19924625754356384,0,1,,0,timestamp
3,-0.23476868867874146,-0.19924625754356384,-0.19924625754356384,0,1,,0,timestamp
4,-0.6071322560310364,-0.19924625754356384,-0.19924625754356384,0,1,,0,timestamp
5,-0.322797954082489,-0.19924625754356384,-0.19924625754356384,0,1,,0,timestamp
6,-0.2624671161174774,-0.19924625754356384,-0.19924625754356384,0,1,,0,timestamp
7,-0.8040224313735962,-0.19924625754356384,-0.19924625754356384,0,1,,0,timestamp
8,-0.23636820912361145,-0.19924625754356384,-0.19924625754356384,0,1,,0,timestamp
9,-0.7737168073654175,-0.19924625754356384,-0.19924625754356384,0,1,,0,timestamp
10,-0.7928014397621155,-0.19924625754356384,-0.19924625754356384,0,1,,0,timestamp
11,-0.7955282330513,-0.19924625754356384,-0.19924625754356384,0,1,,0,timestamp
12,-0.8809863328933716,-0.19924625754356384,-0.19924625754356384,0,1,,0,timestamp
13,-0.29622676968574524,-0.19924625754356384,-0.19924625754356384,0,1,,0,timestamp
14,-0.5296586155891418,-0.19924625754356384,-0.19924625754356384,0,1,,0,timestamp
15,-0.3275381326675415,-0.19924625754356384,-0.19924625754356384,0,1,,0,timestamp
16,-0.431384801864624,-0.19924625754356384,-0.19924625754356384,0,1,,0,timestamp
17,-0.23417948186397552,-0.19924625754356384,-0.19924625754356384,0,1,,0,timestamp
18,-0.20990285277366638,-0.19924625754356384,-0.19924625754356384,0,1,,0,timestamp
19,-0.653829038143158,-0.19924625754356384,-0.19924625754356384,0,1,,0,timestamp
20,-0.4145423173904419,-0.19924625754356384,-0.19924625754356384,0,1,,0,timestamp
21,-0.983615517616272,-0.19924625754356384,-0.19924625754356384,0,0,,0,timestamp
22,-0.821364164352417,-0.19924625754356384,-0.19924625754356384,0,0,,0,timestamp
23,-0.5107059478759766,-0.19924625754356384,-0.19924625754356384,0,0,,0,timestamp
24,-0.5578201413154602,-0.19924625754356384,-0.19924625754356384,0,0,,0,timestamp
25,-0.6155590415000916,-0.19924625754356384,-0.19924625754356384,0,0,,0,timestamp
26,-0.5229216814041138,-0.19924625754356384,-0.19924625754356384,0,0,,0,timestamp
27,-0.8094441890716553,-0.19924625754356384,-0.19924625754356384,0,0,,0,timestamp
28,-0.5120429992675781,-0.19924625754356384,-0.19924625754356384,0,0,,0,timestamp
29,-1.0341087579727173,-0.19924625754356384,-0.19924625754356384,0,0,,0,timestamp
30,-0.5878129601478577,-0.19924625754356384,-0.19924625754356384,0,0,,0,timestamp
31,-1.0699282884597778,-0.19924625754356384,-0.19924625754356384,0,0,,0,timestamp
32,-1.096488118171692,-0.19924625754356384,-0.19924625754356384,0,0,,0,timestamp
33,-0.5333757400512695,-0.19924625754356384,-0.19924625754356384,0,0,,0,timestamp
34,-0.5146796107292175,-0.19924625754356384,-0.19924625754356384,0,0,,0,timestamp
35,-1.4827159643173218,-0.19924625754356384,-0.19924625754356384,0,0,,0,timestamp
36,-0.9956252574920654,-0.19924625754356384,-0.19924625754356384,0,0,,0,timestamp
37,-0.42954909801483154,-0.19924625754356384,-0.19924625754356384,0,0,,0,timestamp
38,-0.9099181294441223,-0.19924625754356384,-0.19924625754356384,0,0,,0,timestamp
39,-1.3223357200622559,-0.05960006279038821,-0.05960006279038821,0,0,,0,timestamp
40,-0.9030143618583679,-0.05960006279038821,-0.05960006279038821,0,0,,0,timestamp
41,-0.4491286277770996,-0.05960006279038821,-0.05960006279038821,0,0,,0,timestamp
42,-0.8899577260017395,-0.05960006279038821,-0.05960006279038821,0,0,,0,timestamp
43,-0.9275202751159668,-0.05960006279038821,-0.05960006279038821,0,0,,0,timestamp
44,-0.5990149974822998,-0.05960006279038821,-0.05960006279038821,0,0,,0,timestamp
45,-0.5890254974365234,-0.05960006279038821,-0.05960006279038821,0,0,,0,timestamp
46,-0.5330245494842529,-0.05960006279038821,-0.05960006279038821,0,0,,0,timestamp
47,-0.41741621494293213,-0.05960006279038821,-0.05960006279038821,0,0,,0,timestamp
48,-0.8165969252586365,-0.05960006279038821,-0.05960006279038821,0,0,,0,timestamp
49,-0.41972586512565613,-0.05960006279038821,-0.05960006279038821,0,0,,0,timestamp
50,-0.43379732966423035,-0.05960006279038821,-0.05960006279038821,0,0,,0,timestamp
51,-0.6730813384056091,-0.05960006279038821,-0.05960006279038821,0,0,,0,timestamp
52,-0.828849196434021,-0.05960006279038821,-0.05960006279038821,0,0,,0,timestamp
53,-1.0120800733566284,-0.05960006279038821,-0.05960006279038821,0,0,,0,timestamp
54,-1.0569775104522705,-0.05960006279038821,-0.05960006279038821,0,0,,0,timestamp
55,-0.84368896484375,-0.05960006279038821,-0.05960006279038821,0,0,,0,timestamp
56,-0.7144373655319214,-0.05960006279038821,-0.05960006279038821,0,0,,0,timestamp
57,-0.9958535432815552,-0.05960006279038821,-0.05960006279038821,0,0,,0,timestamp
58,-0.7989283800125122,-0.05960006279038821,-0.05960006279038821,0,0,,0,timestamp
59,-0.7782784104347229,-0.15491700091582938,-0.15491700091582938,0,0,,0,timestamp
60,-0.7242201566696167,-0.15491700091582938,-0.15491700091582938,0,0,,0,timestamp
61,-0.4320116341114044,-0.15491700091582938,-0.15491700091582938,0,0,,0,timestamp
62,-0.5547856688499451,-0.15491700091582938,-0.15491700091582938,0,0,,0,timestamp
63,-0.7781099677085876,-0.15491700091582938,-0.15491700091582938,0,0,,0,timestamp
64,-0.5013628005981445,-0.15491700091582938,-0.15491700091582938,0,0,,0,timestamp
65,-0.7728094458580017,-0.15491700091582938,-0.15491700091582938,0,0,,0,timestamp
66,-0.454192191362381,-0.15491700091582938,-0.15491700091582938,0,0,,0,timestamp
67,-0.5087755918502808,-0.15491700091582938,-0.15491700091582938,0,0,,0,timestamp
68,-0.7631656527519226,-0.15491700091582938,-0.15491700091582938,0,0,,0,timestamp
69,-0.9564704895019531,-0.15491700091582938,-0.15491700091582938,0,0,,0,timestamp
70,-0.5276180505752563,-0.15491700091582938,-0.15491700091582938,0,0,,0,timestamp
71,-0.505153238773346,-0.15491700091582938,-0.15491700091582938,0,0,,0,timestamp
72,-0.42590391635894775,-0.15491700091582938,-0.15491700091582938,0,0,,0,timestamp
73,-0.7557687163352966,-0.15491700091582938,-0.15491700091582938,0,0,,0,timestamp
74,-0.4343529939651489,-0.15491700091582938,-0.15491700091582938,0,0,,0,timestamp
75,-0.7796475887298584,-0.15491700091582938,-0.15491700091582938,0,0,,0,timestamp
76,-0.38584744930267334,-0.15491700091582938,-0.15491700091582938,0,0,,0,timestamp
77,-0.36934006214141846,-0.15491700091582938,-0.15491700091582938,0,0,,0,timestamp
78,-0.44566676020622253,-0.15491700091582938,-0.15491700091582938,0,0,,0,timestamp
79,-0.3997410833835602,-0.049567482960481635,-0.049567482960481635,0,0,,0,timestamp
80,-0.5433322787284851,-0.049567482960481635,-0.049567482960481635,0,0,,0,timestamp
81,-0.5448720455169678,-0.049567482960481635,-0.049567482960481635,0,0,,0,timestamp
82,-0.9195332527160645,-0.049567482960481635,-0.049567482960481635,0,0,,0,timestamp
83,-0.9631283283233643,-0.049567482960481635,-0.049567482960481635,0,0,,0,timestamp
84,-1.0842846632003784,-0.049567482960481635,-0.049567482960481635,0,0,,0,timestamp
85,-0.4523508846759796,-0.049567482960481635,-0.049567482960481635,0,0,,0,timestamp
86,-0.9114165306091309,-0.049567482960481635,-0.049567482960481635,0,0,,0,timestamp
87,-0.47296997904777527,-0.049567482960481635,-0.049567482960481635,0,0,,0,timestamp
88,-0.770704448223114,-0.049567482960481635,-0.049567482960481635,0,0,,0,timestamp
89,-0.41126522421836853,-0.049567482960481635,-0.049567482960481635,0,0,,0,timestamp
90,-0.7530232071876526,-0.049567482960481635,-0.049567482960481635,0,0,,0,timestamp
91,-0.6757547855377197,-0.049567482960481635,-0.049567482960481635,0,0,,0,timestamp
92,-0.7394789457321167,-0.049567482960481635,-0.049567482960481635,0,0,,0,timestamp
93,-0.5250108242034912,-0.049567482960481635,-0.049567482960481635,0,0,,0,timestamp
94,-0.7521478533744812,-0.049567482960481635,-0.049567482960481635,0,0,,0,timestamp
95,-0.5444998145103455,-0.049567482960481635,-0.049567482960481635,0,0,,0,timestamp
96,-0.7970131039619446,-0.049567482960481635,-0.049567482960481635,0,0,,0,timestamp
97,-0.5518412590026855,-0.049567482960481635,-0.049567482960481635,0,0,,0,timestamp
98,-0.8199465274810791,-0.049567482960481635,-0.049567482960481635,0,0,,0,timestamp
99,-0.7684078216552734,-0.12829344372473261,-0.12829344372473261,0,0,0.8580194115638733,0,timestamp
100,-0.5082678198814392,-0.12829344372473261,-0.12829344372473261,0,0,,0,timestamp
101,-0.6166980266571045,-0.12829344372473261,-0.12829344372473261,0,0,,0,timestamp
102,-0.5475803017616272,-0.12829344372473261,-0.12829344372473261,0,0,,0,timestamp
103,-0.454348623752594,-0.12829344372473261,-0.12829344372473261,0,0,,0,timestamp
104,-0.9145810604095459,-0.12829344372473261,-0.12829344372473261,0,0,,0,timestamp
105,-0.9515684843063354,-0.12829344372473261,-0.12829344372473261,0,0,,0,timestamp
106,-0.9052927494049072,-0.12829344372473261,-0.12829344372473261,0,0,,0,timestamp
107,-0.6461300253868103,-0.12829344372473261,-0.12829344372473261,0,0,,0,timestamp
108,-0.6039851903915405,-0.12829344372473261,-0.12829344372473261,0,0,,0,timestamp
109,-0.6519789695739746,-0.12829344372473261,-0.12829344372473261,0,0,,0,timestamp
110,-0.676697313785553,-0.12829344372473261,-0.12829344372473261,0,0,,0,timestamp
111,-0.6762861013412476,-0.12829344372473261,-0.12829344372473261,0,0,,0,timestamp
112,-0.7166084051132202,-0.12829344372473261,-0.12829344372473261,0,0,,0,timestamp
113,-0.6819515824317932,-0.12829344372473261,-0.12829344372473261,0,0,,0,timestamp
114,-0.6918807625770569,-0.12829344372473261,-0.12829344372473261,0,0,,0,timestamp
115,-0.5585135221481323,-0.12829344372473261,-0.12829344372473261,0,0,,0,timestamp
116,-0.6805854439735413,-0.12829344372473261,-0.12829344372473261,0,0,,0,timestamp
117,-0.6222083568572998,-0.12829344372473261,-0.12829344372473261,0,0,,0,timestamp
118,-0.650973379611969,-0.12829344372473261,-0.12829344372473261,0,0,,0,timestamp
119,-0.8531292676925659,-0.132162780840967,-0.132162780840967,0,0,,0,timestamp
120,-0.6532977819442749,-0.132162780840967,-0.132162780840967,0,0,,0,timestamp
121,-0.6470963954925537,-0.132162780840967,-0.132162780840967,0,0,,0,timestamp
122,-0.6741325259208679,-0.132162780840967,-0.132162780840967,0,0,,0,timestamp
123,-0.44757506251335144,-0.132162780840967,-0.132162780840967,0,0,,0,timestamp
124,-0.6881544589996338,-0.132162780840967,-0.132162780840967,0,0,,0,timestamp
125,-0.5557810664176941,-0.132162780840967,-0.132162780840967,0,0,,0,timestamp
126,-1.0463390350341797,-0.132162780840967,-0.132162780840967,0,0,,0,timestamp
127,-1.0255448818206787,-0.132162780840967,-0.132162780840967,0,0,,0,timestamp
128,-0.5177708864212036,-0.132162780840967,-0.132162780840967,0,0,,0,timestamp
129,-1.0779330730438232,-0.132162780840967,-0.132162780840967,0,0,,0,timestamp
130,-1.0864275693893433,-0.132162780840967,-0.132162780840967,0,0,,0,timestamp
131,-0.7821868658065796,-0.132162780840967,-0.132162780840967,0,0,,0,timestamp
132,-0.8196303844451904,-0.132162780840967,-0.132162780840967,0,0,,0,timestamp
133,-1.0897542238235474,-0.132162780840967,-0.132162780840967,0,0,,0,timestamp
134,-0.7172662019729614,-0.132162780840967,-0.132162780840967,0,0,,0,timestamp
135,-0.425112247467041,-0.132162780840967,-0.132162780840967,0,0,,0,timestamp
136,-0.8682385087013245,-0.132162780840967,-0.132162780840967,0,0,,0,timestamp
137,-0.23141756653785706,-0.132162780840967,-0.132162780840967,0,0,,0,timestamp
138,-0.8174759149551392,-0.132162780840967,-0.132162780840967,0,0,,0,timestamp
139,-0.3846803903579712,-0.1181089942651512,-0.1181089942651512,0,0,,0,timestamp
140,-0.8292341232299805,-0.1181089942651512,-0.1181089942651512,0,0,,0,timestamp
141,-0.8536049127578735,-0.1181089942651512,-0.1181089942651512,0,0,,0,timestamp
142,-0.34453779458999634,-0.1181089942651512,-0.1181089942651512,0,0,,0,timestamp
143,-0.4253475069999695,-0.1181089942651512,-0.1181089942651512,0,0,,0,timestamp
144,-0.38383808732032776,-0.1181089942651512,-0.1181089942651512,0,0,,0,timestamp
145,-0.43657463788986206,-0.1181089942651512,-0.1181089942651512,0,0,,0,timestamp
146,-0.23838910460472107,-0.1181089942651512,-0.1181089942651512,0,0,,0,timestamp
147,-1.5554938316345215,-0.1181089942651512,-0.1181089942651512,0,0,,0,timestamp
148,-0.22449076175689697,-0.1181089942651512,-0.1181089942651512,0,0,,0,timestamp
149,-0.237885981798172,-0.1181089942651512,-0.1181089942651512,0,0,,0,timestamp
150,-1.5885916948318481,-0.1181089942651512,-0.1181089942651512,0,0,,0,timestamp
151,-1.5813769102096558,-0.1181089942651512,-0.1181089942651512,0,0,,0,timestamp
152,-0.3724924325942993,-0.1181089942651512,-0.1181089942651512,0,0,,0,timestamp
153,-0.6413324475288391,-0.1181089942651512,-0.1181089942651512,0,0,,0,timestamp
154,-0.3164956271648407,-0.1181089942651512,-0.1181089942651512,0,0,,0,timestamp
155,-0.5985330939292908,-0.1181089942651512,-0.1181089942651512,0,0,,0,timestamp
156,-0.36884912848472595,-0.1181089942651512,-0.1181089942651512,0,0,,0,timestamp
157,-0.628739595413208,-0.1181089942651512,-0.1181089942651512,0,0,,0,timestamp
158,-0.2190139889717102,-0.1181089942651512,-0.1181089942651512,0,0,,0,timestamp
159,-0.9074812531471252,-0.004024839508069311,-0.004024839508069311,0,0,,0,timestamp
160,-0.8701431751251221,-0.004024839508069311,-0.004024839508069311,0,0,,0,timestamp
161,-0.9724010825157166,-0.004024839508069311,-0.004024839508069311,0,0,,0,timestamp
162,-0.887302041053772,-0.004024839508069311,-0.004024839508069311,0,0,,0,timestamp
163,-0.21589091420173645,-0.004024839508069311,-0.004024839508069311,0,0,,0,timestamp
164,-0.20531046390533447,-0.004024839508069311,-0.004024839508069311,0,0,,0,timestamp
165,-0.9041773676872253,-0.004024839508069311,-0.004024839508069311,0,0,,0,timestamp
166,-0.9138982892036438,-0.004024839508069311,-0.004024839508069311,0,0,,0,timestamp
167,-0.727036714553833,-0.004024839508069311,-0.004024839508069311,0,0,,0,timestamp
168,-0.7805815935134888,-0.004024839508069311,-0.004024839508069311,0,0,,0,timestamp
169,-0.288135290145874,-0.004024839508069311,-0.004024839508069311,0,0,,0,timestamp
170,-0.25676417350769043,-0.004024839508069311,-0.004024839508069311,0,0,,0,timestamp
171,-0.6517814993858337,-0.004024839508069311,-0.004024839508069311,0,0,,0,timestamp
172,-0.6498053073883057,-0.004024839508069311,-0.004024839508069311,0,0,,0,timestamp
173,-1.722204327583313,-0.004024839508069311,-0.004024839508069311,0,0,,0,timestamp
174,-2.081998825073242,-0.004024839508069311,-0.004024839508069311,0,0,,0,timestamp
175,-0.33310890197753906,-0.004024839508069311,-0.004024839508069311,0,0,,0,timestamp
176,-2.1600775718688965,-0.004024839508069311,-0.004024839508069311,0,0,,0,timestamp
177,-2.0220372676849365,-0.004024839508069311,-0.004024839508069311,0,0,,0,timestamp
178,-0.6858541965484619,-0.004024839508069311,-0.004024839508069311,0,0,,0,timestamp
179,-0.2861531972885132,0.16864748737697122,0.16864748737697122,0,0,,0,timestamp
180,-0.29209697246551514,0.16864748737697122,0.16864748737697122,0,0,,0,timestamp
181,-0.35767805576324463,0.16864748737697122,0.16864748737697122,0,0,,0,timestamp
182,-0.3303269147872925,0.16864748737697122,0.16864748737697122,0,0,,0,timestamp
183,-0.4918026030063629,0.16864748737697122,0.16864748737697122,0,0,,0,timestamp
184,-0.48463571071624756,0.16864748737697122,0.16864748737697122,0,0,,0,timestamp
185,-0.3118192255496979,0.16864748737697122,0.16864748737697122,0,0,,0,timestamp
186,-1.0560137033462524,0.16864748737697122,0.16864748737697122,0,0,,0,timestamp
187,-0.3192978799343109,0.16864748737697122,0.16864748737697122,0,0,,0,timestamp
188,-0.9719108939170837,0.16864748737697122,0.16864748737697122,0,0,,0,timestamp
189,-0.9951600432395935,0.16864748737697122,0.16864748737697122,0,0,,0,timestamp
190,-0.5148137807846069,0.16864748737697122,0.16864748737697122,0,0,,0,timestamp
191,-0.2273828387260437,0.16864748737697122,0.16864748737697122,0,0,,0,timestamp
192,-0.5983517169952393,0.16864748737697122,0.16864748737697122,0,0,,0,timestamp
193,-0.2969124913215637,0.16864748737697122,0.16864748737697122,0,0,,0,timestamp
194,-0.23101384937763214,0.16864748737697122,0.16864748737697122,0,0,,0,timestamp
195,-0.21967360377311707,0.16864748737697122,0.16864748737697122,0,0,,0,timestamp
196,-0.22053897380828857,0.16864748737697122,0.16864748737697122,0,0,,0,timestamp
197,-0.8692418932914734,0.16864748737697122,0.16864748737697122,0,0,,0,timestamp
198,-0.40422606468200684,0.16864748737697122,0.16864748737697122,0,0,,0,timestamp
199,-0.8324612379074097,0.19454360871429344,0.19454360871429344,0,0,0.7955493330955505,0,timestamp
200,-0.8200631141662598,0.19454360871429344,0.19454360871429344,0,0,,0,timestamp
201,-0.3375365734100342,0.19454360871429344,0.19454360871429344,0,0,,0,timestamp
202,-0.3353050947189331,0.19454360871429344,0.19454360871429344,0,0,,0,timestamp
203,-0.6932965517044067,0.19454360871429344,0.19454360871429344,0,0,,0,timestamp
204,-0.4305529296398163,0.19454360871429344,0.19454360871429344,0,0,,0,timestamp
205,-0.7023314237594604,0.19454360871429344,0.19454360871429344,0,0,,0,timestamp
206,-0.7510779500007629,0.19454360871429344,0.19454360871429344,0,0,,0,timestamp
207,-0.21151137351989746,0.19454360871429344,0.19454360871429344,0,0,,0,timestamp
208,-0.6773282289505005,0.19454360871429344,0.19454360871429344,0,0,,0,timestamp
209,-0.6729198694229126,0.19454360871429344,0.19454360871429344,0,0,,0,timestamp
210,-0.7080330848693848,0.19454360871429344,0.19454360871429344,0,0,,0,timestamp
211,-0.2360871434211731,0.19454360871429344,0.19454360871429344,0,0,,0,timestamp
212,-0.5377151370048523,0.19454360871429344,0.19454360871429344,0,0,,0,timestamp
213,-0.550147533416748,0.19454360871429344,0.19454360871429344,0,0,,0,timestamp
214,-0.44805869460105896,0.19454360871429344,0.19454360871429344,0,0,,0,timestamp
215,-0.24024583399295807,0.19454360871429344,0.19454360871429344,0,0,,0,timestamp
216,-0.28463950753211975,0.19454360871429344,0.19454360871429344,0,0,,0,timestamp
217,-1.472241997718811,0.19454360871429344,0.19454360871429344,0,0,,0,timestamp
218,-0.21091823279857635,0.19454360871429344,0.19454360871429344,0,0,,0,timestamp
219,-0.5883411765098572,0.19232662565897252,0.19232662565897252,0,0,,0,timestamp
220,-0.21541661024093628,0.19232662565897252,0.19232662565897252,0,0,,0,timestamp
221,-0.5655241012573242,0.19232662565897252,0.19232662565897252,0,0,,0,timestamp
222,-0.7598991394042969,0.19232662565897252,0.19232662565897252,0,0,,0,timestamp
223,-1.1176248788833618,0.19232662565897252,0.19232662565897252,0,0,,0,timestamp
224,-0.7050417065620422,0.19232662565897252,0.19232662565897252,0,0,,0,timestamp
225,-1.2621204853057861,0.19232662565897252,0.19232662565897252,0,0,,0,timestamp
226,-0.6989920735359192,0.19232662565897252,0.19232662565897252,0,0,,0,timestamp
227,-0.9890702366828918,0.19232662565897252,0.19232662565897252,0,0,,0,timestamp
228,-0.8030008673667908,0.19232662565897252,0.19232662565897252,0,0,,0,timestamp
229,-0.7442640662193298,0.19232662565897252,0.19232662565897252,0,0,,0,timestamp
230,-0.3230869174003601,0.19232662565897252,0.19232662565897252,0,0,,0,timestamp
231,-0.8493974804878235,0.19232662565897252,0.19232662565897252,0,0,,0,timestamp
232,-0.8617419004440308,0.19232662565897252,0.19232662565897252,0,0,,0,timestamp
233,-0.3763203024864197,0.19232662565897252,0.19232662565897252,0,0,,0,timestamp
234,-0.2073427140712738,0.19232662565897252,0.19232662565897252,0,0,,0,timestamp
235,-0.28718727827072144,0.19232662565897252,0.19232662565897252,0,0,,0,timestamp
236,-0.6418654918670654,0.19232662565897252,0.19232662565897252,0,0,,0,timestamp
237,-0.33166077733039856,0.19232662565897252,0.19232662565897252,0,0,,0,timestamp
238,-1.0142407417297363,0.19232662565897252,0.19232662565897252,0,0,,0,timestamp
239,-1.0322329998016357,0.18406213845943342,0.18406213845943342,0,0,,0,timestamp
240,-0.34684860706329346,0.18406213845943342,0.18406213845943342,0,0,,0,timestamp
241,-0.3066624402999878,0.18406213845943342,0.18406213845943342,0,0,,0,timestamp
242,-0.3599633574485779,0.18406213845943342,0.18406213845943342,0,0,,0,timestamp
243,-0.24215930700302124,0.18406213845943342,0.18406213845943342,0,0,,0,timestamp
244,-0.21408702433109283,0.18406213845943342,0.18406213845943342,0,0,,0,timestamp
245,-0.21667659282684326,0.18406213845943342,0.18406213845943342,0,0,,0,timestamp
246,-0.3066977858543396,0.18406213845943342,0.18406213845943342,0,0,,0,timestamp
247,-0.2788013219833374,0.18406213845943342,0.18406213845943342,0,0,,0,timestamp
248,-0.29746294021606445,0.18406213845943342,0.18406213845943342,0,0,,0,timestamp
249,-0.22661535441875458,0.18406213845943342,0.18406213845943342,0,0,,0,timestamp
250,-0.3396337926387787,0.18406213845943342,0.18406213845943342,0,0,,0,timestamp
251,-0.2350768744945526,0.18406213845943342,0.18406213845943342,0,0,,0,timestamp
252,-0.219046488404274,0.18406213845943342,0.18406213845943342,0,0,,0,timestamp
253,-0.22021076083183289,0.18406213845943342,0.18406213845943342,0,0,,0,timestamp
254,-0.3316299021244049,0.18406213845943342,0.18406213845943342,0,0,,0,timestamp
255,-0.3320910334587097,0.18406213845943342,0.18406213845943342,0,0,,0,timestamp
256,-0.40036916732788086,0.18406213845943342,0.18406213845943342,0,0,,0,timestamp
257,-0.3390423655509949,0.18406213845943342,0.18406213845943342,0,0,,0,timestamp
258,-0.3250479996204376,0.18406213845943342,0.18406213845943342,0,0,,0,timestamp
259,-0.32350754737854004,0.22895020165500546,0.22895020165500546,0,0,,0,timestamp
260,-0.3780158758163452,0.22895020165500546,0.22895020165500546,0,0,,0,timestamp
261,-0.24640105664730072,0.22895020165500546,0.22895020165500546,0,0,,0,timestamp
262,-0.9309480786323547,0.22895020165500546,0.22895020165500546,0,0,,0,timestamp
263,-0.9674896001815796,0.22895020165500546,0.22895020165500546,0,0,,0,timestamp
264,-0.9150165915489197,0.22895020165500546,0.22895020165500546,0,0,,0,timestamp
265,-0.9861131906509399,0.22895020165500546,0.22895020165500546,0,0,,0,timestamp
266,-0.9360554814338684,0.22895020165500546,0.22895020165500546,0,0,,0,timestamp
267,-0.3114120364189148,0.22895020165500546,0.22895020165500546,0,0,,0,timestamp
268,-0.27786657214164734,0.22895020165500546,0.22895020165500546,0,0,,0,timestamp
269,-0.2001802772283554,0.22895020165500546,0.22895020165500546,0,0,,0,timestamp
270,-0.35402312874794006,0.22895020165500546,0.22895020165500546,0,0,,0,timestamp
271,-0.31566962599754333,0.22895020165500546,0.22895020165500546,0,0,,0,timestamp
272,-0.2967633903026581,0.22895020165500546,0.22895020165500546,0,0,,0,timestamp
273,-0.32805630564689636,0.22895020165500546,0.22895020165500546,0,0,,0,timestamp
274,-0.29649636149406433,0.22895020165500546,0.22895020165500546,0,0,,0,timestamp
275,-0.249676913022995,0.22895020165500546,0.22895020165500546,0,0,,0,timestamp
276,-0.21829882264137268,0.22895020165500546,0.22895020165500546,0,0,,0,timestamp
277,-0.4468301832675934,0.22895020165500546,0.22895020165500546,0,0,,0,timestamp
278,-0.3420073688030243,0.22895020165500546,0.22895020165500546,0,0,,0,timestamp
279,-0.3416992425918579,0.2542272012611789,0.2542272012611789,0,0,,0,timestamp
280,-0.3274538218975067,0.2542272012611789,0.2542272012611789,0,0,,0,timestamp
281,-0.24568939208984375,0.2542272012611789,0.2542272012611789,0,0,,0,timestamp
282,-0.2318199872970581,0.2542272012611789,0.2542272012611789,0,0,,0,timestamp
283,-0.24251370131969452,0.2542272012611789,0.2542272012611789,0,0,,0,timestamp
284,-0.2950342893600464,0.2542272012611789,0.2542272012611789,0,0,,0,timestamp
285,-0.23926739394664764,0.2542272012611789,0.2542272012611789,0,0,,0,timestamp
286,-0.31699490547180176,0.2542272012611789,0.2542272012611789,0,0,,0,timestamp
287,-0.27990052103996277,0.2542272012611789,0.2542272012611789,0,0,,0,timestamp
288,-0.2639029622077942,0.2542272012611789,0.2542272012611789,0,0,,0,timestamp
289,-0.6574848294258118,0.2542272012611789,0.2542272012611789,0,0,,0,timestamp
290,-0.7116797566413879,0.2542272012611789,0.2542272012611789,0,0,,0,timestamp
291,-0.28087449073791504,0.2542272012611789,0.2542272012611789,0,0,,0,timestamp
292,-0.2438572347164154,0.2542272012611789,0.2542272012611789,0,0,,0,timestamp
293,-0.24599163234233856,0.2542272012611789,0.2542272012611789,0,0,,0,timestamp
294,-0.35534971952438354,0.2542272012611789,0.2542272012611789,0,0,,0,timestamp
295,-0.32304590940475464,0.2542272012611789,0.2542272012611789,0,0,,0,timestamp
296,-0.2955560088157654,0.2542272012611789,0.2542272012611789,0,0,,0,timestamp
297,-0.22024813294410706,0.2542272012611789,0.2542272012611789,0,0,,0,timestamp
298,-0.22398239374160767,0.2542272012611789,0.2542272012611789,0,0,,0,timestamp
299,-0.2638821303844452,0.2908321215959384,0.2908321215959384,0,0,1.1340714693069458,0,timestamp
300,-0.2149663120508194,0.2908321215959384,0.2908321215959384,0,0,,0,timestamp
301,-0.38995248079299927,0.2908321215959384,0.2908321215959384,0,0,,0,timestamp
302,-0.34396716952323914,0.2908321215959384,0.2908321215959384,0,0,,0,timestamp
303,-0.3056575059890747,0.2908321215959384,0.2908321215959384,0,0,,0,timestamp
304,-1.038947343826294,0.2908321215959384,0.2908321215959384,0,0,,0,timestamp
305,-1.005882978439331,0.2908321215959384,0.2908321215959384,0,0,,0,timestamp
306,-0.7534799575805664,0.2908321215959384,0.2908321215959384,0,0,,0,timestamp
307,-0.236479714512825,0.2908321215959384,0.2908321215959384,0,0,,0,timestamp
308,-0.23753513395786285,0.2908321215959384,0.2908321215959384,0,0,,0,timestamp
309,-0.3338285982608795,0.2908321215959384,0.2908321215959384,0,0,,0,timestamp
310,-0.09550647437572479,0.2908321215959384,0.2908321215959384,0,0,,0,timestamp
311,-0.09381818771362305,0.2908321215959384,0.2908321215959384,0,0,,0,timestamp
312,-0.10815168172121048,0.2908321215959384,0.2908321215959384,0,0,,0,timestamp
313,-0.19136829674243927,0.2908321215959384,0.2908321215959384,0,0,,0,timestamp
314,-0.18372602760791779,0.2908321215959384,0.2908321215959384,0,0,,0,timestamp
315,-0.20742079615592957,0.2908321215959384,0.2908321215959384,0,0,,0,timestamp
316,-0.44232693314552307,0.2908321215959384,0.2908321215959384,0,0,,0,timestamp
317,-0.6555588841438293,0.2908321215959384,0.2908321215959384,0,0,,0,timestamp
318,-0.713144063949585,0.2908321215959384,0.2908321215959384,0,0,,0,timestamp
319,-0.6791313290596008,0.2994891023777656,0.2994891023777656,0,0,,0,timestamp
320,-0.6916508674621582,0.2994891023777656,0.2994891023777656,0,0,,0,timestamp
321,-0.24432584643363953,0.2994891023777656,0.2994891023777656,0,0,,0,timestamp
322,-0.2295512855052948,0.2994891023777656,0.2994891023777656,0,0,,0,timestamp
323,-0.229329913854599,0.2994891023777656,0.2994891023777656,0,0,,0,timestamp
324,-0.6493032574653625,0.2994891023777656,0.2994891023777656,0,0,,0,timestamp
325,-0.633048415184021,0.2994891023777656,0.2994891023777656,0,0,,0,timestamp
326,-0.5251704454421997,0.2994891023777656,0.2994891023777656,0,0,,0,timestamp
327,-0.5073047876358032,0.2994891023777656,0.2994891023777656,0,0,,0,timestamp
328,-0.6908689141273499,0.2994891023777656,0.2994891023777656,0,0,,0,timestamp
329,-0.23617564141750336,0.2994891023777656,0.2994891023777656,0,0,,0,timestamp
330,-0.6031133532524109,0.2994891023777656,0.2994891023777656,0,0,,0,timestamp
331,-0.24546268582344055,0.2994891023777656,0.2994891023777656,0,0,,0,timestamp
332,-0.6232966780662537,0.2994891023777656,0.2994891023777656,0,0,,0,timestamp
333,-0.7256778478622437,0.2994891023777656,0.2994891023777656,0,0,,0,timestamp
334,-0.6590030193328857,0.2994891023777656,0.2994891023777656,0,0,,0,timestamp
335,-0.3630301356315613,0.2994891023777656,0.2994891023777656,0,0,,0,timestamp
336,-0.6406973004341125,0.2994891023777656,0.2994891023777656,0,0,,0,timestamp
337,-0.6781060695648193,0.2994891023777656,0.2994891023777656,0,0,,0,timestamp
338,-0.7779057025909424,0.2994891023777656,0.2994891023777656,0,0,,0,timestamp
339,-0.6212950944900513,0.27899263815424913,0.27899263815424913,0,0,,0,timestamp
340,-0.6043602824211121,0.27899263815424913,0.27899263815424913,0,0,,0,timestamp
341,-0.6370646953582764,0.27899263815424913,0.27899263815424913,0,0,,0,timestamp
342,-0.7267478704452515,0.27899263815424913,0.27899263815424913,0,0,,0,timestamp
343,-0.6843996047973633,0.27899263815424913,0.27899263815424913,0,0,,0,timestamp
344,-0.6652290225028992,0.27899263815424913,0.27899263815424913,0,0,,0,timestamp
345,-0.6500450372695923,0.27899263815424913,0.27899263815424913,0,0,,0,timestamp
346,-0.7269133925437927,0.27899263815424913,0.27899263815424913,0,0,,0,timestamp
347,-0.6797596216201782,0.27899263815424913,0.27899263815424913,0,0,,0,timestamp
348,-1.265608549118042,0.27899263815424913,0.27899263815424913,0,0,,0,timestamp
349,-1.1801329851150513,0.27899263815424913,0.27899263815424913,0,0,,0,timestamp
350,-0.18919023871421814,0.27899263815424913,0.27899263815424913,0,0,,0,timestamp
351,-0.3657292127609253,0.27899263815424913,0.27899263815424913,0,0,,0,timestamp
352,-0.4246111810207367,0.27899263815424913,0.27899263815424913,0,0,,0,timestamp
353,-0.2690451741218567,0.27899263815424913,0.27899263815424913,0,0,,0,timestamp
354,-0.41719889640808105,0.27899263815424913,0.27899263815424913,0,0,,0,timestamp
355,-0.4409988522529602,0.27899263815424913,0.27899263815424913,0,0,,0,timestamp
356,-0.40200912952423096,0.27899263815424913,0.27899263815424913,0,0,,0,timestamp
357,-0.3006754219532013,0.27899263815424913,0.27899263815424913,0,0,,0,timestamp
358,-0.3242031931877136,0.27899263815424913,0.27899263815424913,0,0,,0,timestamp
359,-0.3554425537586212,0.27142152471941605,0.27142152471941605,0,0,,0,timestamp
360,-0.15477286279201508,0.27142152471941605,0.27142152471941605,0,0,,0,timestamp
361,-0.48037102818489075,0.27142152471941605,0.27142152471941605,0,0,,0,timestamp
362,-0.15428093075752258,0.27142152471941605,0.27142152471941605,0,0,,0,timestamp
363,-0.45910656452178955,0.27142152471941605,0.27142152471941605,0,0,,0,timestamp
364,-0.16527172923088074,0.27142152471941605,0.27142152471941605,0,0,,0,timestamp
365,-0.41520601511001587,0.27142152471941605,0.27142152471941605,0,0,,0,timestamp
366,-0.17421621084213257,0.27142152471941605,0.27142152471941605,0,0,,0,timestamp
367,-0.260231614112854,0.27142152471941605,0.27142152471941605,0,0,,0,timestamp
368,-0.2645343840122223,0.27142152471941605,0.27142152471941605,0,0,,0,timestamp
369,-0.4070495665073395,0.27142152471941605,0.27142152471941605,0,0,,0,timestamp
370,-0.38871264457702637,0.27142152471941605,0.27142152471941605,0,0,,0,timestamp
371,-0.47577258944511414,0.27142152471941605,0.27142152471941605,0,0,,0,timestamp
372,-1.3139694929122925,0.27142152471941605,0.27142152471941605,0,0,,0,timestamp
373,-0.1923677623271942,0.27142152471941605,0.27142152471941605,0,0,,0,timestamp
374,-0.45628151297569275,0.27142152471941605,0.27142152471941605,0,0,,0,timestamp
375,-0.19694267213344574,0.27142152471941605,0.27142152471941605,0,0,,0,timestamp
376,-0.42393678426742554,0.27142152471941605,0.27142152471941605,0,0,,0,timestamp
377,-0.45162588357925415,0.27142152471941605,0.27142152471941605,0,0,,0,timestamp
378,-0.7039751410484314,0.27142152471941605,0.27142152471941605,0,0,,0,timestamp
379,-0.764512836933136,0.28993554732575644,0.28993554732575644,0,0,,0,timestamp
380,-0.41147342324256897,0.28993554732575644,0.28993554732575644,0,0,,0,timestamp
381,-0.5979995727539062,0.28993554732575644,0.28993554732575644,0,0,,0,timestamp
382,-0.772348940372467,0.28993554732575644,0.28993554732575644,0,0,,0,timestamp
383,-0.45328620076179504,0.28993554732575644,0.28993554732575644,0,0,,0,timestamp
384,-0.7980362176895142,0.28993554732575644,0.28993554732575644,0,0,,0,timestamp
385,-0.7368839979171753,0.28993554732575644,0.28993554732575644,0,0,,0,timestamp
386,-0.4744541645050049,0.28993554732575644,0.28993554732575644,0,0,,0,timestamp
387,-0.1817646026611328,0.28993554732575644,0.28993554732575644,0,0,,0,timestamp
388,-0.47237062454223633,0.28993554732575644,0.28993554732575644,0,0,,0,timestamp
389,-0.4817734658718109,0.28993554732575644,0.28993554732575644,0,0,,0,timestamp
390,-0.43864572048187256,0.28993554732575644,0.28993554732575644,0,0,,0,timestamp
391,-0.43772944808006287,0.28993554732575644,0.28993554732575644,0,0,,0,timestamp
392,-0.45607826113700867,0.28993554732575644,0.28993554732575644,0,0,,0,timestamp
393,-0.6340542435646057,0.28993554732575644,0.28993554732575644,0,0,,0,timestamp
394,-0.42769262194633484,0.28993554732575644,0.28993554732575644,0,0,,0,timestamp
395,-0.2038518190383911,0.28993554732575644,0.28993554732575644,0,0,,0,timestamp
396,-0.6811571717262268,0.28993554732575644,0.28993554732575644,0,0,,0,timestamp
397,-0.3855874836444855,0.28993554732575644,0.28993554732575644,0,0,,0,timestamp
398,-0.19550970196723938,0.28993554732575644,0.28993554732575644,0,0,,0,timestamp
399,-0.6649157404899597,0.2806770768870681,0.2806770768870681,0,0,0.34451204538345337,0,timestamp
400,-0.19236145913600922,0.2806770768870681,0.2806770768870681,0,0,,0,timestamp
401,-0.690212607383728,0.2806770768870681,0.2806770768870681,0,0,,0,timestamp
402,-0.3634081184864044,0.2806770768870681,0.2806770768870681,0,0,,0,timestamp
403,-0.36181390285491943,0.2806770768870681,0.2806770768870681,0,0,,0,timestamp
404,-0.30205395817756653,0.2806770768870681,0.2806770768870681,0,0,,0,timestamp
405,-0.34467124938964844,0.2806770768870681,0.2806770768870681,0,0,,0,timestamp
406,-0.3847769498825073,0.2806770768870681,0.2806770768870681,0,0,,0,timestamp
407,-0.79690021276474,0.2806770768870681,0.2806770768870681,0,0,,0,timestamp
408,-0.7123493552207947,0.2806770768870681,0.2806770768870681,0,0,,0,timestamp
409,-0.7262536883354187,0.2806770768870681,0.2806770768870681,0,0,,0,timestamp
410,-0.6436933875083923,0.2806770768870681,0.2806770768870681,0,0,,0,timestamp
411,-0.5958865880966187,0.2806770768870681,0.2806770768870681,0,0,,0,timestamp
412,-0.6682742834091187,0.2806770768870681,0.2806770768870681,0,0,,0,timestamp
413,-0.6763036847114563,0.2806770768870681,0.2806770768870681,0,0,,0,timestamp
414,-0.6276398301124573,0.2806770768870681,0.2806770768870681,0,0,,0,timestamp
415,-0.5777362585067749,0.2806770768870681,0.2806770768870681,0,0,,0,timestamp
416,-0.2735044062137604,0.2806770768870681,0.2806770768870681,0,0,,0,timestamp
417,-0.8075094223022461,0.2806770768870681,0.2806770768870681,0,0,,0,timestamp
418,-0.2543655335903168,0.2806770768870681,0.2806770768870681,0,0,,0,timestamp
419,-0.4408259689807892,0.2661246685517893,0.2661246685517893,0,0,,0,timestamp
420,-0.8876591920852661,0.2661246685517893,0.2661246685517893,0,0,,0,timestamp
421,-0.435524046421051,0.2661246685517893,0.2661246685517893,0,0,,0,timestamp
422,-0.7977404594421387,0.2661246685517893,0.2661246685517893,0,0,,0,timestamp
423,-0.44364988803863525,0.2661246685517893,0.2661246685517893,0,0,,0,timestamp
424,-0.4170386791229248,0.2661246685517893,0.2661246685517893,0,0,,0,timestamp
425,-0.05128943920135498,0.2661246685517893,0.2661246685517893,0,0,,0,timestamp
426,-0.36331939697265625,0.2661246685517893,0.2661246685517893,0,0,,0,timestamp
427,-0.08139668405056,0.2661246685517893,0.2661246685517893,0,0,,0,timestamp
428,-1.8536444902420044,0.2661246685517893,0.2661246685517893,0,0,,0,timestamp
429,-1.8320409059524536,0.2661246685517893,0.2661246685517893,0,0,,0,timestamp
430,-0.3119180500507355,0.2661246685517893,0.2661246685517893,0,0,,0,timestamp
431,-0.3143509030342102,0.2661246685517893,0.2661246685517893,0,0,,0,timestamp
432,-0.32099655270576477,0.2661246685517893,0.2661246685517893,0,0,,0,timestamp
433,-1.3957855701446533,0.2661246685517893,0.2661246685517893,0,0,,0,timestamp
434,-1.490696907043457,0.2661246685517893,0.2661246685517893,0,0,,0,timestamp
435,-2.306061029434204,0.2661246685517893,0.2661246685517893,0,0,,0,timestamp
436,-2.197484254837036,0.2661246685517893,0.2661246685517893,0,0,,0,timestamp
437,-1.535981297492981,0.2661246685517893,0.2661246685517893,0,0,,0,timestamp
438,-1.4389536380767822,0.2661246685517893,0.2661246685517893,0,0,,0,timestamp
439,-1.4450302124023438,0.3686874060002959,0.3686874060002959,0,0,,0,timestamp
440,-1.2622411251068115,0.3686874060002959,0.3686874060002959,0,0,,0,timestamp
441,-1.1482274532318115,0.3686874060002959,0.3686874060002959,0,0,,0,timestamp
442,-0.7904164791107178,0.3686874060002959,0.3686874060002959,0,0,,0,timestamp
443,-0.8154847621917725,0.3686874060002959,0.3686874060002959,0,0,,0,timestamp
444,-0.8305608034133911,0.3686874060002959,0.3686874060002959,0,0,,0,timestamp
445,-0.7988094091415405,0.3686874060002959,0.3686874060002959,0,0,,0,timestamp
446,-0.8825753331184387,0.3686874060002959,0.3686874060002959,0,0,,0,timestamp
447,-1.3911992311477661,0.3686874060002959,0.3686874060002959,0,0,,0,timestamp
448,-0.8544667363166809,0.3686874060002959,0.3686874060002959,0,0,,0,timestamp
449,-1.4425052404403687,0.3686874060002959,0.3686874060002959,0,0,,0,timestamp
450,-1.138872742652893,0.3686874060002959,0.3686874060002959,0,0,,0,timestamp
451,-2.241603136062622,0.3686874060002959,0.3686874060002959,0,0,,0,timestamp
452,-1.0853586196899414,0.3686874060002959,0.3686874060002959,0,0,,0,timestamp
453,-2.351456880569458,0.3686874060002959,0.3686874060002959,0,0,,0,timestamp
454,-2.345972776412964,0.3686874060002959,0.3686874060002959,0,0,,0,timestamp
455,-2.3132307529449463,0.3686874060002959,0.3686874060002959,0,0,,0,timestamp
456,-0.698151707649231,0.3686874060002959,0.3686874060002959,0,0,,0,timestamp
457,-1.8772413730621338,0.3686874060002959,0.3686874060002959,0,0,,0,timestamp
458,-1.377190113067627,0.3686874060002959,0.3686874060002959,0,0,,0,timestamp
459,-0.8967441320419312,0.4482331220586371,0.4482331220586371,0,0,,0,timestamp
460,-1.3250086307525635,0.4482331220586371,0.4482331220586371,0,0,,0,timestamp
461,-0.8321084380149841,0.4482331220586371,0.4482331220586371,0,0,,0,timestamp
462,-1.3246207237243652,0.4482331220586371,0.4482331220586371,0,0,,0,timestamp
463,-1.3385281562805176,0.4482331220586371,0.4482331220586371,0,0,,0,timestamp
464,-1.311346411705017,0.4482331220586371,0.4482331220586371,0,0,,0,timestamp
465,-2.150275468826294,0.4482331220586371,0.4482331220586371,0,0,,0,timestamp
466,-1.4341620206832886,0.4482331220586371,0.4482331220586371,0,0,,0,timestamp
467,-2.2282121181488037,0.4482331220586371,0.4482331220586371,0,0,,0,timestamp
468,-1.479902982711792,0.4482331220586371,0.4482331220586371,0,0,,0,timestamp
469,-1.4740099906921387,0.4482331220586371,0.4482331220586371,0,0,,0,timestamp
470,-0.9999980330467224,0.4482331220586371,0.4482331220586371,0,0,,0,timestamp
471,-1.7554967403411865,0.4482331220586371,0.4482331220586371,0,0,,0,timestamp
472,-1.274461030960083,0.4482331220586371,0.4482331220586371,0,0,,0,timestamp
473,-1.2258610725402832,0.4482331220586371,0.4482331220586371,0,0,,0,timestamp
474,-1.2408320903778076,0.4482331220586371,0.4482331220586371,0,0,,0,timestamp
475,-2.118054151535034,0.4482331220586371,0.4482331220586371,0,0,,0,timestamp
476,-2.1174840927124023,0.4482331220586371,0.4482331220586371,0,0,,0,timestamp
477,-2.003763198852539,0.4482331220586371,0.4482331220586371,0,0,,0,timestamp
478,-1.526379108428955,0.4482331220586371,0.4482331220586371,0,0,,0,timestamp
479,-2.047579050064087,0.5122634988404815,0.5122634988404815,0,0,,0,timestamp
480,-2.04148268699646,0.5122634988404815,0.5122634988404815,0,0,,0,timestamp
481,-2.0433189868927,0.5122634988404815,0.5122634988404815,0,0,,0,timestamp
482,-1.2750943899154663,0.5122634988404815,0.5122634988404815,0,0,,0,timestamp
483,-1.3096753358840942,0.5122634988404815,0.5122634988404815,0,0,,0,timestamp
484,-1.272095799446106,0.5122634988404815,0.5122634988404815,0,0,,0,timestamp
485,-1.4226100444793701,0.5122634988404815,0.5122634988404815,0,0,,0,timestamp
486,-2.2641422748565674,0.5122634988404815,0.5122634988404815,0,0,,0,timestamp
487,-1.955278754234314,0.5122634988404815,0.5122634988404815,0,0,,0,timestamp
488,-1.9692140817642212,0.5122634988404815,0.5122634988404815,0,0,,0,timestamp
489,-1.646782636642456,0.5122634988404815,0.5122634988404815,0,0,,0,timestamp
490,-1.838233470916748,0.5122634988404815,0.5122634988404815,0,0,,0,timestamp
491,-1.8233343362808228,0.5122634988404815,0.5122634988404815,0,0,,0,timestamp
492,-1.8352046012878418,0.5122634988404815,0.5122634988404815,0,0,,0,timestamp
493,-2.0127553939819336,0.5122634988404815,0.5122634988404815,0,0,,0,timestamp
494,-1.9045648574829102,0.5122634988404815,0.5122634988404815,0,0,,0,timestamp
495,-1.897169828414917,0.5122634988404815,0.5122634988404815,0,0,,0,timestamp
496,-1.9222095012664795,0.5122634988404815,0.5122634988404815,0,0,,0,timestamp
497,-1.864616870880127,0.5122634988404815,0.5122634988404815,0,0,,0,timestamp
498,-1.0745224952697754,0.5122634988404815,0.5122634988404815,0,0,,0,timestamp
499,-1.508941411972046,0.6002359141502474,0.6002359141502474,0,0,0.37663307785987854,0,timestamp
500,-1.4232114553451538,0.6002359141502474,0.6002359141502474,0,0,,0,timestamp
501,-1.8317844867706299,0.6002359141502474,0.6002359141502474,0,0,,0,timestamp
502,-1.3237100839614868,0.6002359141502474,0.6002359141502474,0,0,,0,timestamp
503,-1.3605388402938843,0.6002359141502474,0.6002359141502474,0,0,,0,timestamp
504,-1.8194983005523682,0.6002359141502474,0.6002359141502474,0,0,,0,timestamp
505,-1.062328577041626,0.6002359141502474,0.6002359141502474,0,0,,0,timestamp
506,-1.0419896841049194,0.6002359141502474,0.6002359141502474,0,0,,0,timestamp
507,-1.0555747747421265,0.6002359141502474,0.6002359141502474,0,0,,0,timestamp
508,-1.1125319004058838,0.6002359141502474,0.6002359141502474,0,0,,0,timestamp
509,-1.1215754747390747,0.6002359141502474,0.6002359141502474,0,0,,0,timestamp
510,-1.1034290790557861,0.6002359141502474,0.6002359141502474,0,0,,0,timestamp
511,-1.1202386617660522,0.6002359141502474,0.6002359141502474,0,0,,0,timestamp
512,-0.3403511941432953,0.6002359141502474,0.6002359141502474,0,0,,0,timestamp
513,-1.0314079523086548,0.6002359141502474,0.6002359141502474,0,0,,0,timestamp
514,-0.7085816264152527,0.6002359141502474,0.6002359141502474,0,0,,0,timestamp
515,-0.35845547914505005,0.6002359141502474,0.6002359141502474,0,0,,0,timestamp
516,-0.618412971496582,0.6002359141502474,0.6002359141502474,0,0,,0,timestamp
517,-0.6853159666061401,0.6002359141502474,0.6002359141502474,0,0,,0,timestamp
518,-0.3660602867603302,0.6002359141502474,0.6002359141502474,0,0,,0,timestamp
519,-0.6252179741859436,0.5906653148436272,0.5906653148436272,0,0,,0,timestamp
520,-0.688396155834198,0.5906653148436272,0.5906653148436272,0,0,,0,timestamp
521,-0.23862998187541962,0.5906653148436272,0.5906653148436272,0,0,,0,timestamp
522,-0.6903102397918701,0.5906653148436272,0.5906653148436272,0,0,,0,timestamp
523,-0.643699586391449,0.5906653148436272,0.5906653148436272,0,0,,0,timestamp
524,-0.2365238517522812,0.5906653148436272,0.5906653148436272,0,0,,0,timestamp
525,-0.6264844536781311,0.5906653148436272,0.5906653148436272,0,0,,0,timestamp
526,-0.24079963564872742,0.5906653148436272,0.5906653148436272,0,0,,0,timestamp
527,-0.4336342215538025,0.5906653148436272,0.5906653148436272,0,0,,0,timestamp
528,-0.22775574028491974,0.5906653148436272,0.5906653148436272,0,0,,0,timestamp
529,-0.6770786643028259,0.5906653148436272,0.5906653148436272,0,0,,0,timestamp
530,-0.18180665373802185,0.5906653148436272,0.5906653148436272,0,0,,0,timestamp
531,-0.6910466551780701,0.5906653148436272,0.5906653148436272,0,0,,0,timestamp
532,-0.18679483234882355,0.5906653148436272,0.5906653148436272,0,0,,0,timestamp
533,-0.6723808646202087,0.5906653148436272,0.5906653148436272,0,0,,0,timestamp
534,-0.21685779094696045,0.5906653148436272,0.5906653148436272,0,0,,0,timestamp
535,-0.2899891436100006,0.5906653148436272,0.5906653148436272,0,0,,0,timestamp
536,-0.19603341817855835,0.5906653148436272,0.5906653148436272,0,0,,0,timestamp
537,-0.19241800904273987,0.5906653148436272,0.5906653148436272,0,0,,0,timestamp
538,-0.2801772356033325,0.5906653148436272,0.5906653148436272,0,0,,0,timestamp
539,-0.3099466562271118,0.6036507614597424,0.6036507614597424,0,0,,0,timestamp
540,-0.2528565526008606,0.6036507614597424,0.6036507614597424,0,0,,0,timestamp
541,-0.2789243161678314,0.6036507614597424,0.6036507614597424,0,0,,0,timestamp
542,-0.48242324590682983,0.6036507614597424,0.6036507614597424,0,0,,0,timestamp
543,-0.15102429687976837,0.6036507614597424,0.6036507614597424,0,0,,0,timestamp
544,-0.2189999520778656,0.6036507614597424,0.6036507614597424,0,0,,0,timestamp
545,-0.15440914034843445,0.6036507614597424,0.6036507614597424,0,0,,0,timestamp
546,-0.28697705268859863,0.6036507614597424,0.6036507614597424,0,0,,0,timestamp
547,-1.016060471534729,0.6036507614597424,0.6036507614597424,0,0,,0,timestamp
548,-0.29864701628685,0.6036507614597424,0.6036507614597424,0,0,,0,timestamp
549,-0.2700115442276001,0.6036507614597424,0.6036507614597424,0,0,,0,timestamp
550,-0.9295138716697693,0.6036507614597424,0.6036507614597424,0,0,,0,timestamp
551,-0.2580260932445526,0.6036507614597424,0.6036507614597424,0,0,,0,timestamp
552,-0.21531900763511658,0.6036507614597424,0.6036507614597424,0,0,,0,timestamp
553,-0.23082375526428223,0.6036507614597424,0.6036507614597424,0,0,,0,timestamp
554,-0.9332935214042664,0.6036507614597424,0.6036507614597424,0,0,,0,timestamp
555,-0.25462186336517334,0.6036507614597424,0.6036507614597424,0,0,,0,timestamp
556,-1.1530193090438843,0.6036507614597424,0.6036507614597424,0,0,,0,timestamp
557,-0.2916136682033539,0.6036507614597424,0.6036507614597424,0,0,,0,timestamp
558,-0.7453437447547913,0.6036507614597424,0.6036507614597424,0,0,,0,timestamp
559,-0.9674887657165527,0.6367892901536654,0.6367892901536654,0,0,,0,timestamp
560,-0.14599956572055817,0.6367892901536654,0.6367892901536654,0,0,,0,timestamp
561,-0.7228453755378723,0.6367892901536654,0.6367892901536654,0,0,,0,timestamp
562,-1.0201497077941895,0.6367892901536654,0.6367892901536654,0,0,,0,timestamp
563,-0.7155490517616272,0.6367892901536654,0.6367892901536654,0,0,,0,timestamp
564,-0.13796018064022064,0.6367892901536654,0.6367892901536654,0,0,,0,timestamp
565,-0.6960609555244446,0.6367892901536654,0.6367892901536654,0,0,,0,timestamp
566,-0.43028298020362854,0.6367892901536654,0.6367892901536654,0,0,,0,timestamp
567,-0.3302003741264343,0.6367892901536654,0.6367892901536654,0,0,,0,timestamp
568,-0.7087587714195251,0.6367892901536654,0.6367892901536654,0,0,,0,timestamp
569,-0.6997724771499634,0.6367892901536654,0.6367892901536654,0,0,,0,timestamp
570,-0.7036278247833252,0.6367892901536654,0.6367892901536654,0,0,,0,timestamp
571,-0.609822154045105,0.6367892901536654,0.6367892901536654,0,0,,0,timestamp
572,-0.916056752204895,0.6367892901536654,0.6367892901536654,0,0,,0,timestamp
573,-0.4836062490940094,0.6367892901536654,0.6367892901536654,0,0,,0,timestamp
574,-0.6317108869552612,0.6367892901536654,0.6367892901536654,0,0,,0,timestamp
575,-0.48523783683776855,0.6367892901536654,0.6367892901536654,0,0,,0,timestamp
576,-0.7225286364555359,0.6367892901536654,0.6367892901536654,0,0,,0,timestamp
577,-0.6407365798950195,0.6367892901536654,0.6367892901536654,0,0,,0,timestamp
578,-0.20998117327690125,0.6367892901536654,0.6367892901536654,0,0,,0,timestamp
579,-0.6350142359733582,0.6208036194596289,0.6208036194596289,0,0,,0,timestamp
580,-0.2079675793647766,0.6208036194596289,0.6208036194596289,0,0,,0,timestamp
581,-0.6438905000686646,0.6208036194596289,0.6208036194596289,0,0,,0,timestamp
582,-0.7373482584953308,0.6208036194596289,0.6208036194596289,0,0,,0,timestamp
583,-0.20440928637981415,0.6208036194596289,0.6208036194596289,0,0,,0,timestamp
584,-0.6513608694076538,0.6208036194596289,0.6208036194596289,0,0,,0,timestamp
585,-0.6379384994506836,0.6208036194596289,0.6208036194596289,0,0,,0,timestamp
586,-0.7551780939102173,0.6208036194596289,0.6208036194596289,0,0,,0,timestamp
587,-0.6753067374229431,0.6208036194596289,0.6208036194596289,0,0,,0,timestamp
588,-0.21175363659858704,0.6208036194596289,0.6208036194596289,0,0,,0,timestamp
589,-0.661912202835083,0.6208036194596289,0.6208036194596289,0,0,,0,timestamp
590,-1.0856369733810425,0.6208036194596289,0.6208036194596289,0,0,,0,timestamp
591,-0.47404712438583374,0.6208036194596289,0.6208036194596289,0,0,,0,timestamp
592,-0.46961864829063416,0.6208036194596289,0.6208036194596289,0,0,,0,timestamp
593,-0.44739943742752075,0.6208036194596289,0.6208036194596289,0,0,,0,timestamp
594,-0.339207261800766,0.6208036194596289,0.6208036194596289,0,0,,0,timestamp
595,-0.48239386081695557,0.6208036194596289,0.6208036194596289,0,0,,0,timestamp
596,-0.32578665018081665,0.6208036194596289,0.6208036194596289,0,0,,0,timestamp
597,-0.3768389821052551,0.6208036194596289,0.6208036194596289,0,0,,0,timestamp
598,-0.3524278402328491,0.6208036194596289,0.6208036194596289,0,0,,0,timestamp
599,-0.20718032121658325,0.6411063538246413,0.6411063538246413,0,0,0.2948724329471588,0,timestamp
600,-1.397929072380066,0.6411063538246413,0.6411063538246413,0,0,,0,timestamp
601,-1.2744594812393188,0.6411063538246413,0.6411063538246413,0,0,,0,timestamp
602,-0.5497244596481323,0.6411063538246413,0.6411063538246413,0,0,,0,timestamp
603,-1.082435131072998,0.6411063538246413,0.6411063538246413,0,0,,0,timestamp
604,-0.37992772459983826,0.6411063538246413,0.6411063538246413,0,0,,0,timestamp
605,-0.4706127643585205,0.6411063538246413,0.6411063538246413,0,0,,0,timestamp
606,-0.16891808807849884,0.6411063538246413,0.6411063538246413,0,0,,0,timestamp
607,-0.4688244163990021,0.6411063538246413,0.6411063538246413,0,0,,0,timestamp
608,-0.17759953439235687,0.6411063538246413,0.6411063538246413,0,0,,0,timestamp
609,-0.303788423538208,0.6411063538246413,0.6411063538246413,0,0,,0,timestamp
610,-0.14332526922225952,0.6411063538246413,0.6411063538246413,0,0,,0,timestamp
611,-0.3129046857357025,0.6411063538246413,0.6411063538246413,0,0,,0,timestamp
612,-0.14435501396656036,0.6411063538246413,0.6411063538246413,0,0,,0,timestamp
613,-0.31890109181404114,0.6411063538246413,0.6411063538246413,0,0,,0,timestamp
614,-0.5865576863288879,0.6411063538246413,0.6411063538246413,0,0,,0,timestamp
615,-0.33164945244789124,0.6411063538246413,0.6411063538246413,0,0,,0,timestamp
616,-0.4965795874595642,0.6411063538246413,0.6411063538246413,0,0,,0,timestamp
617,-0.4687982499599457,0.6411063538246413,0.6411063538246413,0,0,,0,timestamp
618,-0.4486616551876068,0.6411063538246413,0.6411063538246413,0,0,,0,timestamp
619,-0.98360276222229,0.7090726220488435,0.7090726220488435,0,0,,0,timestamp
620,-0.9431847333908081,0.7090726220488435,0.7090726220488435,0,0,,0,timestamp
621,-0.48390308022499084,0.7090726220488435,0.7090726220488435,0,0,,0,timestamp
622,-0.5445886850357056,0.7090726220488435,0.7090726220488435,0,0,,0,timestamp
623,-0.5292829275131226,0.7090726220488435,0.7090726220488435,0,0,,0,timestamp
624,-0.5292975902557373,0.7090726220488435,0.7090726220488435,0,0,,0,timestamp
625,-0.43490099906921387,0.7090726220488435,0.7090726220488435,0,0,,0,timestamp
626,-0.8239759206771851,0.7090726220488435,0.7090726220488435,0,0,,0,timestamp
627,-0.42125609517097473,0.7090726220488435,0.7090726220488435,0,0,,0,timestamp
628,-0.11100216954946518,0.7090726220488435,0.7090726220488435,0,0,,0,timestamp
629,-0.3896719813346863,0.7090726220488435,0.7090726220488435,0,0,,0,timestamp
630,-0.5860092639923096,0.7090726220488435,0.7090726220488435,0,0,,0,timestamp
631,-0.2635924816131592,0.7090726220488435,0.7090726220488435,0,0,,0,timestamp
632,-0.10812385380268097,0.7090726220488435,0.7090726220488435,0,0,,0,timestamp
633,-0.6293099522590637,0.7090726220488435,0.7090726220488435,0,0,,0,timestamp
634,-0.3837057054042816,0.7090726220488435,0.7090726220488435,0,0,,0,timestamp
635,-0.6376024484634399,0.7090726220488435,0.7090726220488435,0,0,,0,timestamp
636,-0.27334579825401306,0.7090726220488435,0.7090726220488435,0,0,,0,timestamp
637,-0.3842240571975708,0.7090726220488435,0.7090726220488435,0,0,,0,timestamp
638,-0.6199877858161926,0.7090726220488435,0.7090726220488435,0,0,,0,timestamp
639,-0.2810901701450348,0.762317503563418,0.762317503563418,0,0,,0,timestamp
640,-0.26915299892425537,0.762317503563418,0.762317503563418,0,0,,0,timestamp
641,-0.6606443524360657,0.762317503563418,0.762317503563418,0,0,,0,timestamp
642,-0.43942686915397644,0.762317503563418,0.762317503563418,0,0,,0,timestamp
643,-0.20234496891498566,0.762317503563418,0.762317503563418,0,0,,0,timestamp
644,-0.6443105936050415,0.762317503563418,0.762317503563418,0,0,,0,timestamp
645,-0.4083714485168457,0.762317503563418,0.762317503563418,0,0,,0,timestamp
646,-0.17650720477104187,0.762317503563418,0.762317503563418,0,0,,0,timestamp
647,-0.6187174916267395,0.762317503563418,0.762317503563418,0,0,,0,timestamp
648,-0.27973809838294983,0.762317503563418,0.762317503563418,0,0,,0,timestamp
649,-0.3677965998649597,0.762317503563418,0.762317503563418,0,0,,0,timestamp
650,-0.6426435708999634,0.762317503563418,0.762317503563418,0,0,,0,timestamp
651,-0.20555368065834045,0.762317503563418,0.762317503563418,0,0,,0,timestamp
652,-0.20297858119010925,0.762317503563418,0.762317503563418,0,0,,0,timestamp
653,-0.199866384267807,0.762317503563418,0.762317503563418,0,0,,0,timestamp
654,-0.41075000166893005,0.762317503563418,0.762317503563418,0,0,,0,timestamp
655,-0.40297529101371765,0.762317503563418,0.762317503563418,0,0,,0,timestamp
656,-0.4116702377796173,0.762317503563418,0.762317503563418,0,0,,0,timestamp
657,-0.18027660250663757,0.762317503563418,0.762317503563418,0,0,,0,timestamp
658,-0.18545404076576233,0.762317503563418,0.762317503563418,0,0,,0,timestamp
659,-0.18466533720493317,0.7734443200580698,0.7734443200580698,0,0,,0,timestamp
660,-0.4366407096385956,0.7734443200580698,0.7734443200580698,0,0,,0,timestamp
661,-0.1610053926706314,0.7734443200580698,0.7734443200580698,0,0,,0,timestamp
662,-0.42340287566185,0.7734443200580698,0.7734443200580698,0,0,,0,timestamp
663,-0.49286365509033203,0.7734443200580698,0.7734443200580698,0,0,,0,timestamp
664,-0.4531247019767761,0.7734443200580698,0.7734443200580698,0,0,,0,timestamp
665,-0.32062476873397827,0.7734443200580698,0.7734443200580698,0,0,,0,timestamp
666,-0.4065861701965332,0.7734443200580698,0.7734443200580698,0,0,,0,timestamp
667,-0.4128354787826538,0.7734443200580698,0.7734443200580698,0,0,,0,timestamp
668,-0.44493013620376587,0.7734443200580698,0.7734443200580698,0,0,,0,timestamp
669,-0.5085495114326477,0.7734443200580698,0.7734443200580698,0,0,,0,timestamp
670,-0.49316057562828064,0.7734443200580698,0.7734443200580698,0,0,,0,timestamp
671,-0.48249486088752747,0.7734443200580698,0.7734443200580698,0,0,,0,timestamp
672,-0.491061270236969,0.7734443200580698,0.7734443200580698,0,0,,0,timestamp
673,-0.2310534417629242,0.7734443200580698,0.7734443200580698,0,0,,0,timestamp
674,-0.3253590166568756,0.7734443200580698,0.7734443200580698,0,0,,0,timestamp
675,-0.3486718535423279,0.7734443200580698,0.7734443200580698,0,0,,0,timestamp
676,-0.35170629620552063,0.7734443200580698,0.7734443200580698,0,0,,0,timestamp
677,-0.3311731815338135,0.7734443200580698,0.7734443200580698,0,0,,0,timestamp
678,-1.1231930255889893,0.7734443200580698,0.7734443200580698,0,0,,0,timestamp
679,-0.2774582505226135,0.7492595492373162,0.7492595492373162,0,0,,0,timestamp
680,-1.0978230237960815,0.7492595492373162,0.7492595492373162,0,0,,0,timestamp
681,-0.4101139307022095,0.7492595492373162,0.7492595492373162,0,0,,0,timestamp
682,-0.2048964947462082,0.7492595492373162,0.7492595492373162,0,0,,0,timestamp
683,-0.31794682145118713,0.7492595492373162,0.7492595492373162,0,0,,0,timestamp
684,-0.6584540009498596,0.7492595492373162,0.7492595492373162,0,0,,0,timestamp
685,-0.28726842999458313,0.7492595492373162,0.7492595492373162,0,0,,0,timestamp
686,-0.6848974227905273,0.7492595492373162,0.7492595492373162,0,0,,0,timestamp
687,-0.3481016755104065,0.7492595492373162,0.7492595492373162,0,0,,0,timestamp
688,-0.6690810918807983,0.7492595492373162,0.7492595492373162,0,0,,0,timestamp
689,-0.33768266439437866,0.7492595492373162,0.7492595492373162,0,0,,0,timestamp
690,-0.3157086670398712,0.7492595492373162,0.7492595492373162,0,0,,0,timestamp
691,-0.23601308465003967,0.7492595492373162,0.7492595492373162,0,0,,0,timestamp
692,-0.5585632920265198,0.7492595492373162,0.7492595492373162,0,0,,0,timestamp
693,-1.4230308532714844,0.7492595492373162,0.7492595492373162,0,0,,0,timestamp
694,-1.379570722579956,0.7492595492373162,0.7492595492373162,0,0,,0,timestamp
695,-1.4611252546310425,0.7492595492373162,0.7492595492373162,0,0,,0,timestamp
696,-1.4956281185150146,0.7492595492373162,0.7492595492373162,0,0,,0,timestamp
697,-0.5010023713111877,0.7492595492373162,0.7492595492373162,0,0,,0,timestamp
698,-0.35676392912864685,0.7492595492373162,0.7492595492373162,0,0,,0,timestamp
699,-0.43019339442253113,0.757723217448159,0.757723217448159,0,0,0.4329999089241028,0,timestamp
700,-0.4374464750289917,0.757723217448159,0.757723217448159,0,0,,0,timestamp
701,-0.32508906722068787,0.757723217448159,0.757723217448159,0,0,,0,timestamp
702,-0.22998926043510437,0.757723217448159,0.757723217448159,0,0,,0,timestamp
703,-0.26462358236312866,0.757723217448159,0.757723217448159,0,0,,0,timestamp
704,-0.8261117935180664,0.757723217448159,0.757723217448159,0,0,,0,timestamp
705,-0.2512874901294708,0.757723217448159,0.757723217448159,0,0,,0,timestamp
706,-0.7698004841804504,0.757723217448159,0.757723217448159,0,0,,0,timestamp
707,-0.7766827940940857,0.757723217448159,0.757723217448159,0,0,,0,timestamp
708,-0.21113458275794983,0.757723217448159,0.757723217448159,0,0,,0,timestamp
709,-0.3077539801597595,0.757723217448159,0.757723217448159,0,0,,0,timestamp
710,-0.29687198996543884,0.757723217448159,0.757723217448159,0,0,,0,timestamp
711,-0.22043228149414062,0.757723217448159,0.757723217448159,0,0,,0,timestamp
712,-0.4166156053543091,0.757723217448159,0.757723217448159,0,0,,0,timestamp
713,-0.3465452790260315,0.757723217448159,0.757723217448159,0,0,,0,timestamp
714,-0.39433708786964417,0.757723217448159,0.757723217448159,0,0,,0,timestamp
715,-0.40416812896728516,0.757723217448159,0.757723217448159,0,0,,0,timestamp
716,-0.31933048367500305,0.757723217448159,0.757723217448159,0,0,,0,timestamp
717,-0.40224021673202515,0.757723217448159,0.757723217448159,0,0,,0,timestamp
718,-0.5521360039710999,0.757723217448159,0.757723217448159,0,0,,0,timestamp
719,-0.5182006359100342,0.7674053961525695,0.7674053961525695,0,0,,0,timestamp
720,-0.24393542110919952,0.7674053961525695,0.7674053961525695,0,0,,0,timestamp
721,-0.2160145342350006,0.7674053961525695,0.7674053961525695,0,0,,0,timestamp
722,-0.2525894343852997,0.7674053961525695,0.7674053961525695,0,0,,0,timestamp
723,-0.368883341550827,0.7674053961525695,0.7674053961525695,0,0,,0,timestamp
724,-0.27013689279556274,0.7674053961525695,0.7674053961525695,0,0,,0,timestamp
725,-0.7293252944946289,0.7674053961525695,0.7674053961525695,0,0,,0,timestamp
726,-0.5451554656028748,0.7674053961525695,0.7674053961525695,0,0,,0,timestamp
727,-0.7418711185455322,0.7674053961525695,0.7674053961525695,0,0,,0,timestamp
728,-0.544408917427063,0.7674053961525695,0.7674053961525695,0,0,,0,timestamp
729,-0.3999524712562561,0.7674053961525695,0.7674053961525695,0,0,,0,timestamp
730,-0.4247497320175171,0.7674053961525695,0.7674053961525695,0,0,,0,timestamp
731,-0.4183422327041626,0.7674053961525695,0.7674053961525695,0,0,,0,timestamp
732,-0.6222391128540039,0.7674053961525695,0.7674053961525695,0,0,,0,timestamp
733,-0.24708382785320282,0.7674053961525695,0.7674053961525695,0,0,,0,timestamp
734,-0.6009730100631714,0.7674053961525695,0.7674053961525695,0,0,,0,timestamp
735,-0.6439772248268127,0.7674053961525695,0.7674053961525695,0,0,,0,timestamp
736,-0.6073567271232605,0.7674053961525695,0.7674053961525695,0,0,,0,timestamp
737,-0.2897442579269409,0.7674053961525695,0.7674053961525695,0,0,,0,timestamp
738,-0.19819697737693787,0.7674053961525695,0.7674053961525695,0,0,,0,timestamp
739,-0.2041589915752411,0.7792022465100792,0.7792022465100792,0,0,,0,timestamp
740,-0.2035360485315323,0.7792022465100792,0.7792022465100792,0,0,,0,timestamp
741,-0.20532271265983582,0.7792022465100792,0.7792022465100792,0,0,,0,timestamp
742,-0.5990875363349915,0.7792022465100792,0.7792022465100792,0,0,,0,timestamp
743,-0.6092182993888855,0.7792022465100792,0.7792022465100792,0,0,,0,timestamp
744,-0.9444161057472229,0.7792022465100792,0.7792022465100792,0,0,,0,timestamp
745,-0.7489416003227234,0.7792022465100792,0.7792022465100792,0,0,,0,timestamp
746,-0.1787194311618805,0.7792022465100792,0.7792022465100792,0,0,,0,timestamp
747,-0.8490601181983948,0.7792022465100792,0.7792022465100792,0,0,,0,timestamp
748,-0.8816990256309509,0.7792022465100792,0.7792022465100792,0,0,,0,timestamp
749,-0.14626388251781464,0.7792022465100792,0.7792022465100792,0,0,,0,timestamp
750,-0.7683599591255188,0.7792022465100792,0.7792022465100792,0,0,,0,timestamp
751,-0.16578982770442963,0.7792022465100792,0.7792022465100792,0,0,,0,timestamp
752,-0.5079566836357117,0.7792022465100792,0.7792022465100792,0,0,,0,timestamp
753,-0.27733859419822693,0.7792022465100792,0.7792022465100792,0,0,,0,timestamp
754,-0.40430235862731934,0.7792022465100792,0.7792022465100792,0,0,,0,timestamp
755,-0.5265400409698486,0.7792022465100792,0.7792022465100792,0,0,,0,timestamp
756,-0.41048893332481384,0.7792022465100792,0.7792022465100792,0,0,,0,timestamp
757,-0.498883455991745,0.7792022465100792,0.7792022465100792,0,0,,0,timestamp
758,-0.4169808030128479,0.7792022465100792,0.7792022465100792,0,0,,0,timestamp
759,-0.41979914903640747,0.7538693157730749,0.7538693157730749,0,0,,0,timestamp
760,-0.4197295606136322,0.7538693157730749,0.7538693157730749,0,0,,0,timestamp
761,-0.659318745136261,0.7538693157730749,0.7538693157730749,0,0,,0,timestamp
762,-0.27427396178245544,0.7538693157730749,0.7538693157730749,0,0,,0,timestamp
763,-0.7431167960166931,0.7538693157730749,0.7538693157730749,0,0,,0,timestamp
764,-0.3074168860912323,0.7538693157730749,0.7538693157730749,0,0,,0,timestamp
765,-0.6452159881591797,0.7538693157730749,0.7538693157730749,0,0,,0,timestamp
766,-0.6728026270866394,0.7538693157730749,0.7538693157730749,0,0,,0,timestamp
767,-0.6915343403816223,0.7538693157730749,0.7538693157730749,0,0,,0,timestamp
768,-0.26925891637802124,0.7538693157730749,0.7538693157730749,0,0,,0,timestamp
769,-0.27983617782592773,0.7538693157730749,0.7538693157730749,0,0,,0,timestamp
770,-0.7021217942237854,0.7538693157730749,0.7538693157730749,0,0,,0,timestamp
771,-0.1984260082244873,0.7538693157730749,0.7538693157730749,0,0,,0,timestamp
772,-0.31198978424072266,0.7538693157730749,0.7538693157730749,0,0,,0,timestamp
773,-0.6623920202255249,0.7538693157730749,0.7538693157730749,0,0,,0,timestamp
774,-0.1952027678489685,0.7538693157730749,0.7538693157730749,0,0,,0,timestamp
775,-0.6925775408744812,0.7538693157730749,0.7538693157730749,0,0,,0,timestamp
776,-1.0779627561569214,0.7538693157730749,0.7538693157730749,0,0,,0,timestamp
777,-0.40684813261032104,0.7538693157730749,0.7538693157730749,0,0,,0,timestamp
778,-0.21761280298233032,0.7538693157730749,0.7538693157730749,0,0,,0,timestamp
779,-0.41344863176345825,0.744014822087214,0.744014822087214,0,0,,0,timestamp
780,-1.1272082328796387,0.744014822087214,0.744014822087214,0,0,,0,timestamp
781,-1.098188877105713,0.744014822087214,0.744014822087214,0,0,,0,timestamp
782,-0.8985556364059448,0.744014822087214,0.744014822087214,0,0,,0,timestamp
783,-0.41823244094848633,0.744014822087214,0.744014822087214,0,0,,0,timestamp
784,-0.876179039478302,0.744014822087214,0.744014822087214,0,0,,0,timestamp
785,-0.400838166475296,0.744014822087214,0.744014822087214,0,0,,0,timestamp
786,-0.6857959628105164,0.744014822087214,0.744014822087214,0,0,,0,timestamp
787,-0.8942206501960754,0.744014822087214,0.744014822087214,0,0,,0,timestamp
788,-1.037253737449646,0.744014822087214,0.744014822087214,0,0,,0,timestamp
789,-0.739818811416626,0.744014822087214,0.744014822087214,0,0,,0,timestamp
790,-0.7125323414802551,0.744014822087214,0.744014822087214,0,0,,0,timestamp
791,-0.44602277874946594,0.744014822087214,0.744014822087214,0,0,,0,timestamp
792,-0.4313766360282898,0.744014822087214,0.744014822087214,0,0,,0,timestamp
793,-0.2981756329536438,0.744014822087214,0.744014822087214,0,0,,0,timestamp
794,-0.42778658866882324,0.744014822087214,0.744014822087214,0,0,,0,timestamp
795,-0.44057244062423706,0.744014822087214,0.744014822087214,0,0,,0,timestamp
796,-0.981376051902771,0.744014822087214,0.744014822087214,0,0,,0,timestamp
797,-1.0297467708587646,0.744014822087214,0.744014822087214,0,0,,0,timestamp
798,-1.0325474739074707,0.744014822087214,0.744014822087214,0,0,,0,timestamp
799,-0.9616590142250061,0.7223219674979688,0.7223219674979688,0,0,0.4378238916397095,0,timestamp
800,-0.6464836597442627,0.7223219674979688,0.7223219674979688,0,0,,0,timestamp
801,-0.6895062923431396,0.7223219674979688,0.7223219674979688,0,0,,0,timestamp
802,-0.7070057392120361,0.7223219674979688,0.7223219674979688,0,0,,0,timestamp
803,-1.718247413635254,0.7223219674979688,0.7223219674979688,0,0,,0,timestamp
804,-3.098559856414795,0.7223219674979688,0.7223219674979688,0,0,,0,timestamp
805,-2.188061237335205,0.7223219674979688,0.7223219674979688,0,0,,0,timestamp
806,-0.7122145891189575,0.7223219674979688,0.7223219674979688,0,0,,0,timestamp
807,-1.2572588920593262,0.7223219674979688,0.7223219674979688,0,0,,0,timestamp
808,-1.431013822555542,0.7223219674979688,0.7223219674979688,0,0,,0,timestamp
809,-1.7906866073608398,0.7223219674979688,0.7223219674979688,0,0,,0,timestamp
810,-1.8500357866287231,0.7223219674979688,0.7223219674979688,0,0,,0,timestamp
811,-1.5405528545379639,0.7223219674979688,0.7223219674979688,0,0,,0,timestamp
812,-1.4290789365768433,0.7223219674979688,0.7223219674979688,0,0,,0,timestamp
813,-2.468583345413208,0.7223219674979688,0.7223219674979688,0,0,,0,timestamp
814,-1.8466237783432007,0.7223219674979688,0.7223219674979688,0,0,,0,timestamp
815,-2.0537679195404053,0.7223219674979688,0.7223219674979688,0,0,,0,timestamp
816,-2.265955924987793,0.7223219674979688,0.7223219674979688,0,0,,0,timestamp
817,-2.1779820919036865,0.7223219674979688,0.7223219674979688,0,0,,0,timestamp
818,-2.0583508014678955,0.7223219674979688,0.7223219674979688,0,0,,0,timestamp
819,-0.17944738268852234,0.7901407599934012,0.7901407599934012,0,0,,0,timestamp
820,-0.19116327166557312,0.7901407599934012,0.7901407599934012,0,0,,0,timestamp
821,-0.1884484887123108,0.7901407599934012,0.7901407599934012,0,0,,0,timestamp
822,-0.2808955907821655,0.7901407599934012,0.7901407599934012,0,0,,0,timestamp
823,-0.4538224935531616,0.7901407599934012,0.7901407599934012,0,0,,0,timestamp
824,-0.4181786775588989,0.7901407599934012,0.7901407599934012,0,0,,0,timestamp
825,-0.4367302358150482,0.7901407599934012,0.7901407599934012,0,0,,0,timestamp
826,-0.4845326542854309,0.7901407599934012,0.7901407599934012,0,0,,0,timestamp
827,-0.14135989546775818,0.7901407599934012,0.7901407599934012,0,0,,0,timestamp
828,-0.12602292001247406,0.7901407599934012,0.7901407599934012,0,0,,0,timestamp
829,-0.19661220908164978,0.7901407599934012,0.7901407599934012,0,0,,0,timestamp
830,-0.17019347846508026,0.7901407599934012,0.7901407599934012,0,0,,0,timestamp
831,-0.19808582961559296,0.7901407599934012,0.7901407599934012,0,0,,0,timestamp
832,-0.19589275121688843,0.7901407599934012,0.7901407599934012,0,0,,0,timestamp
833,-0.4158969521522522,0.7901407599934012,0.7901407599934012,0,0,,0,timestamp
834,-0.560393214225769,0.7901407599934012,0.7901407599934012,0,0,,0,timestamp
835,-0.4488471448421478,0.7901407599934012,0.7901407599934012,0,0,,0,timestamp
836,-0.4491601586341858,0.7901407599934012,0.7901407599934012,0,0,,0,timestamp
837,-0.4390788674354553,0.7901407599934012,0.7901407599934012,0,0,,0,timestamp
838,-0.12947708368301392,0.7901407599934012,0.7901407599934012,0,0,,0,timestamp
839,-0.1318858116865158,0.8509502532439761,0.8509502532439761,0,0,,0,timestamp
840,-0.5827690958976746,0.8509502532439761,0.8509502532439761,0,0,,0,timestamp
841,-0.9694415330886841,0.8509502532439761,0.8509502532439761,0,0,,0,timestamp
842,-0.9493879079818726,0.8509502532439761,0.8509502532439761,0,0,,0,timestamp
843,-0.9619907140731812,0.8509502532439761,0.8509502532439761,0,0,,0,timestamp
844,-1.2875261306762695,0.8509502532439761,0.8509502532439761,0,0,,0,timestamp
845,-1.040194034576416,0.8509502532439761,0.8509502532439761,0,0,,0,timestamp
846,-1.108237624168396,0.8509502532439761,0.8509502532439761,0,0,,0,timestamp
847,-1.0872842073440552,0.8509502532439761,0.8509502532439761,0,0,,0,timestamp
848,-0.38792985677719116,0.8509502532439761,0.8509502532439761,0,0,,0,timestamp
849,-0.6826112866401672,0.8509502532439761,0.8509502532439761,0,0,,0,timestamp
850,-0.7156136631965637,0.8509502532439761,0.8509502532439761,0,0,,0,timestamp
851,-0.6761680841445923,0.8509502532439761,0.8509502532439761,0,0,,0,timestamp
852,-0.43661263585090637,0.8509502532439761,0.8509502532439761,0,0,,0,timestamp
853,-0.451477587223053,0.8509502532439761,0.8509502532439761,0,0,,0,timestamp
854,-0.45143890380859375,0.8509502532439761,0.8509502532439761,0,0,,0,timestamp
855,-0.42120274901390076,0.8509502532439761,0.8509502532439761,0,0,,0,timestamp
856,-0.297601580619812,0.8509502532439761,0.8509502532439761,0,0,,0,timestamp
857,-0.45056629180908203,0.8509502532439761,0.8509502532439761,0,0,,0,timestamp
858,-0.43692609667778015,0.8509502532439761,0.8509502532439761,0,0,,0,timestamp
859,-0.44283437728881836,0.8474122348168429,0.8474122348168429,0,0,,0,timestamp
860,-0.16131561994552612,0.8474122348168429,0.8474122348168429,0,0,,0,timestamp
861,-0.16507644951343536,0.8474122348168429,0.8474122348168429,0,0,,0,timestamp
862,-0.182596355676651,0.8474122348168429,0.8474122348168429,0,0,,0,timestamp
863,-0.20130282640457153,0.8474122348168429,0.8474122348168429,0,0,,0,timestamp
864,-0.2167051136493683,0.8474122348168429,0.8474122348168429,0,0,,0,timestamp
865,-0.18888011574745178,0.8474122348168429,0.8474122348168429,0,0,,0,timestamp
866,-0.06826378405094147,0.8474122348168429,0.8474122348168429,0,0,,0,timestamp
867,-0.32294121384620667,0.8474122348168429,0.8474122348168429,0,0,,0,timestamp
868,-0.24474796652793884,0.8474122348168429,0.8474122348168429,0,0,,0,timestamp
869,-0.25763633847236633,0.8474122348168429,0.8474122348168429,0,0,,0,timestamp
870,-0.2616783380508423,0.8474122348168429,0.8474122348168429,0,0,,0,timestamp
871,-0.4663083255290985,0.8474122348168429,0.8474122348168429,0,0,,0,timestamp
872,-0.4454524517059326,0.8474122348168429,0.8474122348168429,0,0,,0,timestamp
873,-0.45075860619544983,0.8474122348168429,0.8474122348168429,0,0,,0,timestamp
874,-0.45389026403427124,0.8474122348168429,0.8474122348168429,0,0,,0,timestamp
875,-0.3580237329006195,0.8474122348168429,0.8474122348168429,0,0,,0,timestamp
876,-0.3905802369117737,0.8474122348168429,0.8474122348168429,0,0,,0,timestamp
877,-0.3615332841873169,0.8474122348168429,0.8474122348168429,0,0,,0,timestamp
878,-0.38644784688949585,0.8474122348168429,0.8474122348168429,0,0,,0,timestamp
879,-0.36481499671936035,0.8553361376484794,0.8553361376484794,0,0,,0,timestamp
880,-0.8466136455535889,0.8553361376484794,0.8553361376484794,0,0,,0,timestamp
881,-0.761241614818573,0.8553361376484794,0.8553361376484794,0,0,,0,timestamp
882,-0.3684254288673401,0.8553361376484794,0.8553361376484794,0,0,,0,timestamp
883,-0.2631964683532715,0.8553361376484794,0.8553361376484794,0,0,,0,timestamp
884,-0.29701724648475647,0.8553361376484794,0.8553361376484794,0,0,,0,timestamp
885,-0.4112972617149353,0.8553361376484794,0.8553361376484794,0,0,,0,timestamp
886,-0.4298802316188812,0.8553361376484794,0.8553361376484794,0,0,,0,timestamp
887,-0.40032055974006653,0.8553361376484794,0.8553361376484794,0,0,,0,timestamp
888,-0.3200978934764862,0.8553361376484794,0.8553361376484794,0,0,,0,timestamp
889,-0.1991634964942932,0.8553361376484794,0.8553361376484794,0,0,,0,timestamp
890,-0.1848660111427307,0.8553361376484794,0.8553361376484794,0,0,,0,timestamp
891,-0.7236272692680359,0.8553361376484794,0.8553361376484794,0,0,,0,timestamp
892,-0.7247480750083923,0.8553361376484794,0.8553361376484794,0,0,,0,timestamp
893,-0.7392241954803467,0.8553361376484794,0.8553361376484794,0,0,,0,timestamp
894,-0.7722184658050537,0.8553361376484794,0.8553361376484794,0,0,,0,timestamp
895,-0.1712346225976944,0.8553361376484794,0.8553361376484794,0,0,,0,timestamp
896,-0.0915292501449585,0.8553361376484794,0.8553361376484794,0,0,,0,timestamp
897,-0.18827295303344727,0.8553361376484794,0.8553361376484794,0,0,,0,timestamp
898,-0.42076218128204346,0.8553361376484794,0.8553361376484794,0,0,,0,timestamp
899,-0.4243532121181488,0.8637785491839325,0.8637785491839325,0,0,0.5099879503250122,0,timestamp
900,-0.4216710031032562,0.8637785491839325,0.8637785491839325,0,0,,0,timestamp
901,-0.724972665309906,0.8637785491839325,0.8637785491839325,0,0,,0,timestamp
902,-0.7015247344970703,0.8637785491839325,0.8637785491839325,0,0,,0,timestamp
903,-0.6790026426315308,0.8637785491839325,0.8637785491839325,0,0,,0,timestamp
904,-0.27239105105400085,0.8637785491839325,0.8637785491839325,0,0,,0,timestamp
905,-0.24013015627861023,0.8637785491839325,0.8637785491839325,0,0,,0,timestamp
906,-0.23319363594055176,0.8637785491839325,0.8637785491839325,0,0,,0,timestamp
907,-0.4230784475803375,0.8637785491839325,0.8637785491839325,0,0,,0,timestamp
908,-0.416977196931839,0.8637785491839325,0.8637785491839325,0,0,,0,timestamp
909,-0.40990832448005676,0.8637785491839325,0.8637785491839325,0,0,,0,timestamp
910,-0.8543705940246582,0.8637785491839325,0.8637785491839325,0,0,,0,timestamp
911,-0.8521948456764221,0.8637785491839325,0.8637785491839325,0,0,,0,timestamp
912,-0.8334486484527588,0.8637785491839325,0.8637785491839325,0,0,,0,timestamp
913,-0.41991308331489563,0.8637785491839325,0.8637785491839325,0,0,,0,timestamp
914,-0.4650510251522064,0.8637785491839325,0.8637785491839325,0,0,,0,timestamp
915,-0.42282119393348694,0.8637785491839325,0.8637785491839325,0,0,,0,timestamp
916,-0.4126635789871216,0.8637785491839325,0.8637785491839325,0,0,,0,timestamp
917,-0.23969843983650208,0.8637785491839325,0.8637785491839325,0,0,,0,timestamp
918,-0.4015536904335022,0.8637785491839325,0.8637785491839325,0,0,,0,timestamp
919,-0.39120161533355713,0.8708889682099705,0.8708889682099705,0,0,,0,timestamp
920,-0.4306637644767761,0.8708889682099705,0.8708889682099705,0,0,,0,timestamp
921,-0.23213881254196167,0.8708889682099705,0.8708889682099705,0,0,,0,timestamp
922,-0.2519511580467224,0.8708889682099705,0.8708889682099705,0,0,,0,timestamp
923,-0.2862789034843445,0.8708889682099705,0.8708889682099705,0,0,,0,timestamp
924,-0.4722502827644348,0.8708889682099705,0.8708889682099705,0,0,,0,timestamp
925,-0.440086305141449,0.8708889682099705,0.8708889682099705,0,0,,0,timestamp
926,-0.463411808013916,0.8708889682099705,0.8708889682099705,0,0,,0,timestamp
927,-0.43564489483833313,0.8708889682099705,0.8708889682099705,0,0,,0,timestamp
928,-0.4295724630355835,0.8708889682099705,0.8708889682099705,0,0,,0,timestamp
929,-0.22033168375492096,0.8708889682099705,0.8708889682099705,0,0,,0,timestamp
930,-0.2302185446023941,0.8708889682099705,0.8708889682099705,0,0,,0,timestamp
931,-0.2345508337020874,0.8708889682099705,0.8708889682099705,0,0,,0,timestamp
932,-0.4054392874240875,0.8708889682099705,0.8708889682099705,0,0,,0,timestamp
933,-0.3700764775276184,0.8708889682099705,0.8708889682099705,0,0,,0,timestamp
934,-1.0869098901748657,0.8708889682099705,0.8708889682099705,0,0,,0,timestamp
935,-1.0355116128921509,0.8708889682099705,0.8708889682099705,0,0,,0,timestamp
936,-1.0056540966033936,0.8708889682099705,0.8708889682099705,0,0,,0,timestamp
937,-0.9886857271194458,0.8708889682099705,0.8708889682099705,0,0,,0,timestamp
938,-0.24598124623298645,0.8708889682099705,0.8708889682099705,0,0,,0,timestamp
939,-0.402363121509552,0.8391048465916477,0.8391048465916477,0,0,,0,timestamp
940,-0.3728400468826294,0.8391048465916477,0.8391048465916477,0,0,,0,timestamp
941,-0.20237447321414948,0.8391048465916477,0.8391048465916477,0,0,,0,timestamp
942,-0.22786085307598114,0.8391048465916477,0.8391048465916477,0,0,,0,timestamp
943,-0.27791067957878113,0.8391048465916477,0.8391048465916477,0,0,,0,timestamp
944,-0.2837028503417969,0.8391048465916477,0.8391048465916477,0,0,,0,timestamp
945,-0.2813618779182434,0.8391048465916477,0.8391048465916477,0,0,,0,timestamp
946,-0.2613487243652344,0.8391048465916477,0.8391048465916477,0,0,,0,timestamp
947,-0.23518672585487366,0.8391048465916477,0.8391048465916477,0,0,,0,timestamp
948,-0.41978833079338074,0.8391048465916477,0.8391048465916477,0,0,,0,timestamp
949,-0.4375537931919098,0.8391048465916477,0.8391048465916477,0,0,,0,timestamp
950,-0.28442031145095825,0.8391048465916477,0.8391048465916477,0,0,,0,timestamp
951,-0.28583014011383057,0.8391048465916477,0.8391048465916477,0,0,,0,timestamp
952,-0.2505652606487274,0.8391048465916477,0.8391048465916477,0,0,,0,timestamp
953,-0.24322295188903809,0.8391048465916477,0.8391048465916477,0,0,,0,timestamp
954,-0.25114357471466064,0.8391048465916477,0.8391048465916477,0,0,,0,timestamp
955,-0.18037493526935577,0.8391048465916477,0.8391048465916477,0,0,,0,timestamp
956,-0.16126205027103424,0.8391048465916477,0.8391048465916477,0,0,,0,timestamp
957,-0.23592200875282288,0.8391048465916477,0.8391048465916477,0,0,,0,timestamp
958,-0.19062334299087524,0.8391048465916477,0.8391048465916477,0,0,,0,timestamp
959,-0.08890010416507721,0.807844919889394,0.807844919889394,0,0,,0,timestamp
960,-0.08601055294275284,0.807844919889394,0.807844919889394,0,0,,0,timestamp
961,-0.33848461508750916,0.807844919889394,0.807844919889394,0,0,,0,timestamp
962,-0.3205501139163971,0.807844919889394,0.807844919889394,0,0,,0,timestamp
963,-0.49051105976104736,0.807844919889394,0.807844919889394,0,0,,0,timestamp
964,-0.6772767305374146,0.807844919889394,0.807844919889394,0,0,,0,timestamp
965,-0.6397031545639038,0.807844919889394,0.807844919889394,0,0,,0,timestamp
966,-0.629180908203125,0.807844919889394,0.807844919889394,0,0,,0,timestamp
967,-0.22565211355686188,0.807844919889394,0.807844919889394,0,0,,0,timestamp
968,-0.38510602712631226,0.807844919889394,0.807844919889394,0,0,,0,timestamp
969,-0.386598140001297,0.807844919889394,0.807844919889394,0,0,,0,timestamp
970,-0.9197081327438354,0.807844919889394,0.807844919889394,0,0,,0,timestamp
971,-0.9211252331733704,0.807844919889394,0.807844919889394,0,0,,0,timestamp
972,-1.3694207668304443,0.807844919889394,0.807844919889394,0,0,,0,timestamp
973,-1.3163387775421143,0.807844919889394,0.807844919889394,0,0,,0,timestamp
974,-1.3511176109313965,0.807844919889394,0.807844919889394,0,0,,0,timestamp
975,-1.34184730052948,0.807844919889394,0.807844919889394,0,0,,0,timestamp
976,-1.3260667324066162,0.807844919889394,0.807844919889394,0,0,,0,timestamp
977,-0.2891465127468109,0.807844919889394,0.807844919889394,0,0,,0,timestamp
978,-0.37104660272598267,0.807844919889394,0.807844919889394,0,0,,0,timestamp
979,-0.35800179839134216,0.7218455220372877,0.7218455220372877,0,0,,0,timestamp
980,-0.3414822816848755,0.7218455220372877,0.7218455220372877,0,0,,0,timestamp
981,-0.35321295261383057,0.7218455220372877,0.7218455220372877,0,0,,0,timestamp
982,-0.18431676924228668,0.7218455220372877,0.7218455220372877,0,0,,0,timestamp
983,-0.18392400443553925,0.7218455220372877,0.7218455220372877,0,0,,0,timestamp
984,-0.1933312565088272,0.7218455220372877,0.7218455220372877,0,0,,0,timestamp
985,-0.20563863217830658,0.7218455220372877,0.7218455220372877,0,0,,0,timestamp
986,-0.09441674500703812,0.7218455220372877,0.7218455220372877,0,0,,0,timestamp
987,-0.2570329010486603,0.7218455220372877,0.7218455220372877,0,0,,0,timestamp
988,-0.42957091331481934,0.7218455220372877,0.7218455220372877,0,0,,0,timestamp
989,-0.4214795231819153,0.7218455220372877,0.7218455220372877,0,0,,0,timestamp
990,-0.43162813782691956,0.7218455220372877,0.7218455220372877,0,0,,0,timestamp
991,-0.40941348671913147,0.7218455220372877,0.7218455220372877,0,0,,0,timestamp
992,-0.2326366901397705,0.7218455220372877,0.7218455220372877,0,0,,0,timestamp
993,-0.6339082717895508,0.7218455220372877,0.7218455220372877,0,0,,0,timestamp
994,-0.17937764525413513,0.7218455220372877,0.7218455220372877,0,0,,0,timestamp
995,-0.20913465321063995,0.7218455220372877,0.7218455220372877,0,0,,0,timestamp
996,-0.6866357326507568,0.7218455220372877,0.7218455220372877,0,0,,0,timestamp
997,-0.6994829177856445,0.7218455220372877,0.7218455220372877,0,0,,0,timestamp
998,-0.36399245262145996,0.7218455220372877,0.7218455220372877,0,0,,0,timestamp
999,-0.3860222399234772,0.5734708706017781,0.5734708706017781,0,0,1.3032664060592651,0,timestamp
1000,-0.3719187378883362,0.5734708706017781,0.5734708706017781,0,0,,0,timestamp
1001,-0.2910105884075165,0.5734708706017781,0.5734708706017781,0,0,,0,timestamp
1002,-0.37272384762763977,0.5734708706017781,0.5734708706017781,0,0,,0,timestamp
1003,-0.3807230293750763,0.5734708706017781,0.5734708706017781,0,0,,0,timestamp
1004,-0.37604957818984985,0.5734708706017781,0.5734708706017781,0,0,,0,timestamp
1005,-0.3670509159564972,0.5734708706017781,0.5734708706017781,0,0,,0,timestamp
1006,-0.3186413049697876,0.5734708706017781,0.5734708706017781,0,0,,0,timestamp
1007,-0.32154399156570435,0.5734708706017781,0.5734708706017781,0,0,,0,timestamp
1008,-0.17934785783290863,0.5734708706017781,0.5734708706017781,0,0,,0,timestamp
1009,-0.18317249417304993,0.5734708706017781,0.5734708706017781,0,0,,0,timestamp
1010,-0.1617644876241684,0.5734708706017781,0.5734708706017781,0,0,,0,timestamp
1011,-0.4260019063949585,0.5734708706017781,0.5734708706017781,0,0,,0,timestamp
1012,-0.4296801686286926,0.5734708706017781,0.5734708706017781,0,0,,0,timestamp
1013,-0.43841037154197693,0.5734708706017781,0.5734708706017781,0,0,,0,timestamp
1014,-0.43624967336654663,0.5734708706017781,0.5734708706017781,0,0,,0,timestamp
1015,-0.18620538711547852,0.5734708706017781,0.5734708706017781,0,0,,0,timestamp
1016,-0.20635531842708588,0.5734708706017781,0.5734708706017781,0,0,,0,timestamp
1017,-0.22748441994190216,0.5734708706017781,0.5734708706017781,0,0,,0,timestamp
1018,-0.128560870885849,0.5734708706017781,0.5734708706017781,0,0,,0,timestamp
1019,-0.8444018959999084,0.5341203465398857,0.5341203465398857,0,0,,0,timestamp
1020,-0.8422521948814392,0.5341203465398857,0.5341203465398857,0,0,,0,timestamp
1021,-0.8927496075630188,0.5341203465398857,0.5341203465398857,0,0,,0,timestamp
1022,-0.4791639447212219,0.5341203465398857,0.5341203465398857,0,0,,0,timestamp
1023,-1.2824994325637817,0.5341203465398857,0.5341203465398857,0,0,,0,timestamp
1024,-1.2838940620422363,0.5341203465398857,0.5341203465398857,0,0,,0,timestamp
1025,-0.6676561236381531,0.5341203465398857,0.5341203465398857,0,0,,0,timestamp
1026,-0.6572651267051697,0.5341203465398857,0.5341203465398857,0,0,,0,timestamp
1027,-0.23057672381401062,0.5341203465398857,0.5341203465398857,0,0,,0,timestamp
1028,-0.13968801498413086,0.5341203465398857,0.5341203465398857,0,0,,0,timestamp
1029,-0.14027303457260132,0.5341203465398857,0.5341203465398857,0,0,,0,timestamp
1030,-0.14934276044368744,0.5341203465398857,0.5341203465398857,0,0,,0,timestamp
1031,-0.3370690643787384,0.5341203465398857,0.5341203465398857,0,0,,0,timestamp
1032,-0.41541793942451477,0.5341203465398857,0.5341203465398857,0,0,,0,timestamp
1033,-0.392768919467926,0.5341203465398857,0.5341203465398857,0,0,,0,timestamp
1034,-0.23677457869052887,0.5341203465398857,0.5341203465398857,0,0,,0,timestamp
1035,-0.386694073677063,0.5341203465398857,0.5341203465398857,0,0,,0,timestamp
1036,-0.6544628143310547,0.5341203465398857,0.5341203465398857,0,0,,0,timestamp
1037,-0.6584494709968567,0.5341203465398857,0.5341203465398857,0,0,,0,timestamp
1038,-0.6783539652824402,0.5341203465398857,0.5341203465398857,0,0,,0,timestamp
1039,-0.26118069887161255,0.5405019480331859,0.5405019480331859,0,0,,0,timestamp
1040,-0.2576645016670227,0.5405019480331859,0.5405019480331859,0,0,,0,timestamp
1041,-0.2543308734893799,0.5405019480331859,0.5405019480331859,0,0,,0,timestamp
1042,-0.2991293966770172,0.5405019480331859,0.5405019480331859,0,0,,0,timestamp
1043,-0.4957813024520874,0.5405019480331859,0.5405019480331859,0,0,,0,timestamp
1044,-0.5111601948738098,0.5405019480331859,0.5405019480331859,0,0,,0,timestamp
1045,-0.5248464345932007,0.5405019480331859,0.5405019480331859,0,0,,0,timestamp
1046,-0.5296530723571777,0.5405019480331859,0.5405019480331859,0,0,,0,timestamp
1047,-0.2063567340373993,0.5405019480331859,0.5405019480331859,0,0,,0,timestamp
1048,-0.2241598665714264,0.5405019480331859,0.5405019480331859,0,0,,0,timestamp
1049,-0.2215096652507782,0.5405019480331859,0.5405019480331859,0,0,,0,timestamp
1050,-0.19300247728824615,0.5405019480331859,0.5405019480331859,0,0,,0,timestamp
1051,-0.6545385718345642,0.5405019480331859,0.5405019480331859,0,0,,0,timestamp
1052,-0.6769911050796509,0.5405019480331859,0.5405019480331859,0,0,,0,timestamp
1053,-1.0572670698165894,0.5405019480331859,0.5405019480331859,0,0,,0,timestamp
1054,-1.0177301168441772,0.5405019480331859,0.5405019480331859,0,0,,0,timestamp
1055,-1.0263340473175049,0.5405019480331859,0.5405019480331859,0,0,,0,timestamp
1056,-0.27868467569351196,0.5405019480331859,0.5405019480331859,0,0,,0,timestamp
1057,-0.11962069571018219,0.5405019480331859,0.5405019480331859,0,0,,0,timestamp
1058,-0.18209704756736755,0.5405019480331859,0.5405019480331859,0,0,,0,timestamp
1059,-0.17921292781829834,0.5363838681045286,0.5363838681045286,0,0,,0,timestamp
1060,-0.19600796699523926,0.5363838681045286,0.5363838681045286,0,0,,0,timestamp
1061,-0.21723344922065735,0.5363838681045286,0.5363838681045286,0,0,,0,timestamp
1062,-0.2213679850101471,0.5363838681045286,0.5363838681045286,0,0,,0,timestamp
1063,-0.43792954087257385,0.5363838681045286,0.5363838681045286,0,0,,0,timestamp
1064,-0.44235989451408386,0.5363838681045286,0.5363838681045286,0,0,,0,timestamp
1065,-0.1334080845117569,0.5363838681045286,0.5363838681045286,0,0,,0,timestamp
1066,-0.718335747718811,0.5363838681045286,0.5363838681045286,0,0,,0,timestamp
1067,-0.7345514893531799,0.5363838681045286,0.5363838681045286,0,0,,0,timestamp
1068,-0.7351627945899963,0.5363838681045286,0.5363838681045286,0,0,,0,timestamp
1069,-1.3585706949234009,0.5363838681045286,0.5363838681045286,0,0,,0,timestamp
1070,-1.319250464439392,0.5363838681045286,0.5363838681045286,0,0,,0,timestamp
1071,-0.35410529375076294,0.5363838681045286,0.5363838681045286,0,0,,0,timestamp
1072,-0.3432638645172119,0.5363838681045286,0.5363838681045286,0,0,,0,timestamp
1073,-0.3685585558414459,0.5363838681045286,0.5363838681045286,0,0,,0,timestamp
1074,-0.39811834692955017,0.5363838681045286,0.5363838681045286,0,0,,0,timestamp
1075,-0.12653495371341705,0.5363838681045286,0.5363838681045286,0,0,,0,timestamp
1076,-0.13067226111888885,0.5363838681045286,0.5363838681045286,0,0,,0,timestamp
1077,-0.13867442309856415,0.5363838681045286,0.5363838681045286,0,0,,0,timestamp
1078,-0.14331284165382385,0.5363838681045286,0.5363838681045286,0,0,,0,timestamp
1079,-1.0104643106460571,0.5515749033194928,0.5515749033194928,0,0,,0,timestamp
1080,-0.4107614755630493,0.5515749033194928,0.5515749033194928,0,0,,0,timestamp
1081,-0.42490047216415405,0.5515749033194928,0.5515749033194928,0,0,,0,timestamp
1082,-0.7894203662872314,0.5515749033194928,0.5515749033194928,0,0,,0,timestamp
1083,-0.7884844541549683,0.5515749033194928,0.5515749033194928,0,0,,0,timestamp
1084,-0.8470339179039001,0.5515749033194928,0.5515749033194928,0,0,,0,timestamp
1085,-0.8720906972885132,0.5515749033194928,0.5515749033194928,0,0,,0,timestamp
1086,-0.326715886592865,0.5515749033194928,0.5515749033194928,0,0,,0,timestamp
1087,-0.24226349592208862,0.5515749033194928,0.5515749033194928,0,0,,0,timestamp
1088,-0.2495080977678299,0.5515749033194928,0.5515749033194928,0,0,,0,timestamp
1089,-0.21440339088439941,0.5515749033194928,0.5515749033194928,0,0,,0,timestamp
1090,-0.23550842702388763,0.5515749033194928,0.5515749033194928,0,0,,0,timestamp
1091,-0.21344143152236938,0.5515749033194928,0.5515749033194928,0,0,,0,timestamp
1092,-0.2243276834487915,0.5515749033194928,0.5515749033194928,0,0,,0,timestamp
1093,-0.2413591891527176,0.5515749033194928,0.5515749033194928,0,0,,0,timestamp
1094,-0.28508076071739197,0.5515749033194928,0.5515749033194928,0,0,,0,timestamp
1095,-0.27668964862823486,0.5515749033194928,0.5515749033194928,0,0,,0,timestamp
1096,-0.3837384879589081,0.5515749033194928,0.5515749033194928,0,0,,0,timestamp
1097,-0.4141921103000641,0.5515749033194928,0.5515749033194928,0,0,,0,timestamp
1098,-0.4413297772407532,0.5515749033194928,0.5515749033194928,0,0,,0,timestamp
1099,-0.37434878945350647,0.5566238472324792,0.5566238472324792,0,0,1.3191742897033691,0,timestamp
1100,-0.4403696656227112,0.5566238472324792,0.5566238472324792,0,0,,0,timestamp
1101,-0.35807353258132935,0.5566238472324792,0.5566238472324792,0,0,,0,timestamp
1102,-0.3018907606601715,0.5566238472324792,0.5566238472324792,0,0,,0,timestamp
1103,-0.3048021197319031,0.5566238472324792,0.5566238472324792,0,0,,0,timestamp
1104,-0.19350002706050873,0.5566238472324792,0.5566238472324792,0,0,,0,timestamp
1105,-0.14525052905082703,0.5566238472324792,0.5566238472324792,0,0,,0,timestamp
1106,-0.1444629728794098,0.5566238472324792,0.5566238472324792,0,0,,0,timestamp
1107,-0.12945102155208588,0.5566238472324792,0.5566238472324792,0,0,,0,timestamp
1108,-0.13715191185474396,0.5566238472324792,0.5566238472324792,0,0,,0,timestamp
1109,-1.0167268514633179,0.5566238472324792,0.5566238472324792,0,0,,0,timestamp
1110,-1.0376766920089722,0.5566238472324792,0.5566238472324792,0,0,,0,timestamp
1111,-0.18276967108249664,0.5566238472324792,0.5566238472324792,0,0,,0,timestamp
1112,-0.21412107348442078,0.5566238472324792,0.5566238472324792,0,0,,0,timestamp
1113,-0.2246824949979782,0.5566238472324792,0.5566238472324792,0,0,,0,timestamp
1114,-0.2227756828069687,0.5566238472324792,0.5566238472324792,0,0,,0,timestamp
1115,-0.40345093607902527,0.5566238472324792,0.5566238472324792,0,0,,0,timestamp
1116,-0.2306436151266098,0.5566238472324792,0.5566238472324792,0,0,,0,timestamp
1117,-0.3800235986709595,0.5566238472324792,0.5566238472324792,0,0,,0,timestamp
1118,-0.4076695144176483,0.5566238472324792,0.5566238472324792,0,0,,0,timestamp
1119,-0.3796495497226715,0.5547730904571901,0.5547730904571901,0,0,,0,timestamp
1120,-0.39621445536613464,0.5547730904571901,0.5547730904571901,0,0,,0,timestamp
1121,-0.30373167991638184,0.5547730904571901,0.5547730904571901,0,0,,0,timestamp
1122,-0.29605501890182495,0.5547730904571901,0.5547730904571901,0,0,,0,timestamp
1123,-0.4223312735557556,0.5547730904571901,0.5547730904571901,0,0,,0,timestamp
1124,-0.8905213475227356,0.5547730904571901,0.5547730904571901,0,0,,0,timestamp
1125,-0.4969194829463959,0.5547730904571901,0.5547730904571901,0,0,,0,timestamp
1126,-0.4852060377597809,0.5547730904571901,0.5547730904571901,0,0,,0,timestamp
1127,-0.48608139157295227,0.5547730904571901,0.5547730904571901,0,0,,0,timestamp
1128,-0.5339065790176392,0.5547730904571901,0.5547730904571901,0,0,,0,timestamp
1129,-0.5906550884246826,0.5547730904571901,0.5547730904571901,0,0,,0,timestamp
1130,-0.21248336136341095,0.5547730904571901,0.5547730904571901,0,0,,0,timestamp
1131,-0.24738526344299316,0.5547730904571901,0.5547730904571901,0,0,,0,timestamp
1132,-0.6285610198974609,0.5547730904571901,0.5547730904571901,0,0,,0,timestamp
1133,-0.6423890590667725,0.5547730904571901,0.5547730904571901,0,0,,0,timestamp
1134,-0.6487875580787659,0.5547730904571901,0.5547730904571901,0,0,,0,timestamp
1135,-0.643090546131134,0.5547730904571901,0.5547730904571901,0,0,,0,timestamp
1136,-0.2284957319498062,0.5547730904571901,0.5547730904571901,0,0,,0,timestamp
1137,-0.28421059250831604,0.5547730904571901,0.5547730904571901,0,0,,0,timestamp
1138,-0.2680512070655823,0.5547730904571901,0.5547730904571901,0,0,,0,timestamp
1139,-0.268769234418869,0.5545215336324345,0.5545215336324345,0,0,,0,timestamp
1140,-0.39101558923721313,0.5545215336324345,0.5545215336324345,0,0,,0,timestamp
1141,-0.39583584666252136,0.5545215336324345,0.5545215336324345,0,0,,0,timestamp
1142,-0.4232293963432312,0.5545215336324345,0.5545215336324345,0,0,,0,timestamp
1143,-0.3586563766002655,0.5545215336324345,0.5545215336324345,0,0,,0,timestamp
1144,-0.3442370295524597,0.5545215336324345,0.5545215336324345,0,0,,0,timestamp
1145,-0.41454842686653137,0.5545215336324345,0.5545215336324345,0,0,,0,timestamp
1146,-0.40344253182411194,0.5545215336324345,0.5545215336324345,0,0,,0,timestamp
1147,-0.43718060851097107,0.5545215336324345,0.5545215336324345,0,0,,0,timestamp
1148,-0.14142809808254242,0.5545215336324345,0.5545215336324345,0,0,,0,timestamp
1149,-0.16793042421340942,0.5545215336324345,0.5545215336324345,0,0,,0,timestamp
1150,-0.17202042043209076,0.5545215336324345,0.5545215336324345,0,0,,0,timestamp
1151,-0.979276180267334,0.5545215336324345,0.5545215336324345,0,0,,0,timestamp
1152,-0.9687173366546631,0.5545215336324345,0.5545215336324345,0,0,,0,timestamp
1153,-0.9708575010299683,0.5545215336324345,0.5545215336324345,0,0,,0,timestamp
1154,-0.9393342733383179,0.5545215336324345,0.5545215336324345,0,0,,0,timestamp
1155,-0.28881505131721497,0.5545215336324345,0.5545215336324345,0,0,,0,timestamp
1156,-0.17443761229515076,0.5545215336324345,0.5545215336324345,0,0,,0,timestamp
1157,-0.1946638524532318,0.5545215336324345,0.5545215336324345,0,0,,0,timestamp
1158,-0.178540900349617,0.5545215336324345,0.5545215336324345,0,0,,0,timestamp
1159,-0.284315288066864,0.5594949480198406,0.5594949480198406,0,0,,0,timestamp
1160,-0.30402839183807373,0.5594949480198406,0.5594949480198406,0,0,,0,timestamp
1161,-0.4188629388809204,0.5594949480198406,0.5594949480198406,0,0,,0,timestamp
1162,-0.3774559199810028,0.5594949480198406,0.5594949480198406,0,0,,0,timestamp
1163,-0.3461988866329193,0.5594949480198406,0.5594949480198406,0,0,,0,timestamp
1164,-0.3605673909187317,0.5594949480198406,0.5594949480198406,0,0,,0,timestamp
1165,-0.07989248633384705,0.5594949480198406,0.5594949480198406,0,0,,0,timestamp
1166,-0.07548177242279053,0.5594949480198406,0.5594949480198406,0,0,,0,timestamp
1167,-0.5776970982551575,0.5594949480198406,0.5594949480198406,0,0,,0,timestamp
1168,-0.601478099822998,0.5594949480198406,0.5594949480198406,0,0,,0,timestamp
1169,-0.20461776852607727,0.5594949480198406,0.5594949480198406,0,0,,0,timestamp
1170,-0.18622982501983643,0.5594949480198406,0.5594949480198406,0,0,,0,timestamp
1171,-0.39093464612960815,0.5594949480198406,0.5594949480198406,0,0,,0,timestamp
1172,-0.4135359525680542,0.5594949480198406,0.5594949480198406,0,0,,0,timestamp
1173,-0.39917945861816406,0.5594949480198406,0.5594949480198406,0,0,,0,timestamp
1174,-0.19580845534801483,0.5594949480198406,0.5594949480198406,0,0,,0,timestamp
1175,-0.30711084604263306,0.5594949480198406,0.5594949480198406,0,0,,0,timestamp
1176,-0.3056585490703583,0.5594949480198406,0.5594949480198406,0,0,,0,timestamp
1177,-0.2831669747829437,0.5594949480198406,0.5594949480198406,0,0,,0,timestamp
1178,-0.2662074863910675,0.5594949480198406,0.5594949480198406,0,0,,0,timestamp
1179,-1.0216842889785767,0.5668555523839993,0.5668555523839993,0,0,,0,timestamp
1180,-1.0236165523529053,0.5668555523839993,0.5668555523839993,0,0,,0,timestamp
1181,-1.0289183855056763,0.5668555523839993,0.5668555523839993,0,0,,0,timestamp
1182,-0.1815183162689209,0.5668555523839993,0.5668555523839993,0,0,,0,timestamp
1183,-0.16805604100227356,0.5668555523839993,0.5668555523839993,0,0,,0,timestamp
1184,-0.14993610978126526,0.5668555523839993,0.5668555523839993,0,0,,0,timestamp
1185,-0.370261013507843,0.5668555523839993,0.5668555523839993,0,0,,0,timestamp
1186,-0.31500765681266785,0.5668555523839993,0.5668555523839993,0,0,,0,timestamp
1187,-0.5262300372123718,0.5668555523839993,0.5668555523839993,0,0,,0,timestamp
1188,-0.1676780879497528,0.5668555523839993,0.5668555523839993,0,0,,0,timestamp
1189,-0.1673160344362259,0.5668555523839993,0.5668555523839993,0,0,,0,timestamp
1190,-0.17539356648921967,0.5668555523839993,0.5668555523839993,0,0,,0,timestamp
1191,-0.24589289724826813,0.5668555523839993,0.5668555523839993,0,0,,0,timestamp
1192,-0.2585330307483673,0.5668555523839993,0.5668555523839993,0,0,,0,timestamp
1193,-0.26654189825057983,0.5668555523839993,0.5668555523839993,0,0,,0,timestamp
1194,-0.25556275248527527,0.5668555523839993,0.5668555523839993,0,0,,0,timestamp
1195,-0.28206995129585266,0.5668555523839993,0.5668555523839993,0,0,,0,timestamp
1196,-0.39207902550697327,0.5668555523839993,0.5668555523839993,0,0,,0,timestamp
1197,-0.37746763229370117,0.5668555523839993,0.5668555523839993,0,0,,0,timestamp
1198,-0.1835327297449112,0.5668555523839993,0.5668555523839993,0,0,,0,timestamp
1199,-0.1833827942609787,0.5572293096884775,0.5572293096884775,0,0,1.3009170293807983,0,timestamp
1200,-0.3974789083003998,0.5572293096884775,0.5572293096884775,0,0,,0,timestamp
1201,-0.389767587184906,0.5572293096884775,0.5572293096884775,0,0,,0,timestamp
1202,-0.4840794503688812,0.5572293096884775,0.5572293096884775,0,0,,0,timestamp
1203,-0.461019903421402,0.5572293096884775,0.5572293096884775,0,0,,0,timestamp
1204,-0.4693510830402374,0.5572293096884775,0.5572293096884775,0,0,,0,timestamp
1205,-0.4809669256210327,0.5572293096884775,0.5572293096884775,0,0,,0,timestamp
1206,-0.6130167841911316,0.5572293096884775,0.5572293096884775,0,0,,0,timestamp
1207,-0.5938788652420044,0.5572293096884775,0.5572293096884775,0,0,,0,timestamp
1208,-0.6277846097946167,0.5572293096884775,0.5572293096884775,0,0,,0,timestamp
1209,-0.6292048692703247,0.5572293096884775,0.5572293096884775,0,0,,0,timestamp
1210,-0.39350906014442444,0.5572293096884775,0.5572293096884775,0,0,,0,timestamp
1211,-0.2042417675256729,0.5572293096884775,0.5572293096884775,0,0,,0,timestamp
1212,-0.20678769052028656,0.5572293096884775,0.5572293096884775,0,0,,0,timestamp
1213,-0.344404935836792,0.5572293096884775,0.5572293096884775,0,0,,0,timestamp
1214,-0.3735329508781433,0.5572293096884775,0.5572293096884775,0,0,,0,timestamp
1215,-0.5366634726524353,0.5572293096884775,0.5572293096884775,0,0,,0,timestamp
1216,-0.5221102833747864,0.5572293096884775,0.5572293096884775,0,0,,0,timestamp
1217,-0.6432400941848755,0.5572293096884775,0.5572293096884775,0,0,,0,timestamp
1218,-0.6147143840789795,0.5572293096884775,0.5572293096884775,0,0,,0,timestamp
1219,-0.6215161681175232,0.5498463554309642,0.5498463554309642,0,0,,0,timestamp
1220,-0.1860031634569168,0.5498463554309642,0.5498463554309642,0,0,,0,timestamp
1221,-0.1756729781627655,0.5498463554309642,0.5498463554309642,0,0,,0,timestamp
1222,-0.17393335700035095,0.5498463554309642,0.5498463554309642,0,0,,0,timestamp
1223,-0.0653345063328743,0.5498463554309642,0.5498463554309642,0,0,,0,timestamp
1224,-0.10580693185329437,0.5498463554309642,0.5498463554309642,0,0,,0,timestamp
1225,-0.17846035957336426,0.5498463554309642,0.5498463554309642,0,0,,0,timestamp
1226,-0.1900261640548706,0.5498463554309642,0.5498463554309642,0,0,,0,timestamp
1227,-0.18636316061019897,0.5498463554309642,0.5498463554309642,0,0,,0,timestamp
1228,-0.1793195903301239,0.5498463554309642,0.5498463554309642,0,0,,0,timestamp
1229,-0.3686891198158264,0.5498463554309642,0.5498463554309642,0,0,,0,timestamp
1230,-0.3688158094882965,0.5498463554309642,0.5498463554309642,0,0,,0,timestamp
1231,-0.34797194600105286,0.5498463554309642,0.5498463554309642,0,0,,0,timestamp
1232,-0.40437597036361694,0.5498463554309642,0.5498463554309642,0,0,,0,timestamp
1233,-0.2628960609436035,0.5498463554309642,0.5498463554309642,0,0,,0,timestamp
1234,-0.2680438160896301,0.5498463554309642,0.5498463554309642,0,0,,0,timestamp
1235,-0.28794440627098083,0.5498463554309642,0.5498463554309642,0,0,,0,timestamp
1236,-0.2644974887371063,0.5498463554309642,0.5498463554309642,0,0,,0,timestamp
1237,-0.5372170805931091,0.5498463554309642,0.5498463554309642,0,0,,0,timestamp
1238,-2.2814693450927734,0.5498463554309642,0.5498463554309642,0,0,,0,timestamp
1239,-0.2424536645412445,0.5824206733175501,0.5824206733175501,0,0,,0,timestamp
1240,-0.8699580430984497,0.5824206733175501,0.5824206733175501,0,0,,0,timestamp
1241,-0.8731814026832581,0.5824206733175501,0.5824206733175501,0,0,,0,timestamp
1242,-0.891171932220459,0.5824206733175501,0.5824206733175501,0,0,,0,timestamp
1243,-0.3313705623149872,0.5824206733175501,0.5824206733175501,0,0,,0,timestamp
1244,-0.3233799338340759,0.5824206733175501,0.5824206733175501,0,0,,0,timestamp
1245,-0.3141973912715912,0.5824206733175501,0.5824206733175501,0,0,,0,timestamp
1246,-0.9679192900657654,0.5824206733175501,0.5824206733175501,0,0,,0,timestamp
1247,-0.8298677802085876,0.5824206733175501,0.5824206733175501,0,0,,0,timestamp
1248,-0.8511785268783569,0.5824206733175501,0.5824206733175501,0,0,,0,timestamp
1249,-0.41664600372314453,0.5824206733175501,0.5824206733175501,0,0,,0,timestamp
1250,-0.4169921875,0.5824206733175501,0.5824206733175501,0,0,,0,timestamp
1251,-0.07516767084598541,0.5824206733175501,0.5824206733175501,0,0,,0,timestamp
1252,-0.07626613229513168,0.5824206733175501,0.5824206733175501,0,0,,0,timestamp
1253,-0.389712929725647,0.5824206733175501,0.5824206733175501,0,0,,0,timestamp
1254,-0.6353825330734253,0.5824206733175501,0.5824206733175501,0,0,,0,timestamp
1255,-0.6522678136825562,0.5824206733175501,0.5824206733175501,0,0,,0,timestamp
1256,-0.6182671189308167,0.5824206733175501,0.5824206733175501,0,0,,0,timestamp
1257,-0.445550799369812,0.5824206733175501,0.5824206733175501,0,0,,0,timestamp
1258,-0.4125623106956482,0.5824206733175501,0.5824206733175501,0,0,,0,timestamp
1259,-0.41549691557884216,0.5839167918992667,0.5839167918992667,0,0,,0,timestamp
1260,-0.39393550157546997,0.5839167918992667,0.5839167918992667,0,0,,0,timestamp
1261,-0.42416730523109436,0.5839167918992667,0.5839167918992667,0,0,,0,timestamp
1262,-0.2925267219543457,0.5839167918992667,0.5839167918992667,0,0,,0,timestamp
1263,-0.2908923029899597,0.5839167918992667,0.5839167918992667,0,0,,0,timestamp
1264,-0.295732319355011,0.5839167918992667,0.5839167918992667,0,0,,0,timestamp
1265,-0.30745503306388855,0.5839167918992667,0.5839167918992667,0,0,,0,timestamp
1266,-0.21965499222278595,0.5839167918992667,0.5839167918992667,0,0,,0,timestamp
1267,-0.4585571885108948,0.5839167918992667,0.5839167918992667,0,0,,0,timestamp
1268,-0.4736240804195404,0.5839167918992667,0.5839167918992667,0,0,,0,timestamp
1269,-0.4655921161174774,0.5839167918992667,0.5839167918992667,0,0,,0,timestamp
1270,-0.47680455446243286,0.5839167918992667,0.5839167918992667,0,0,,0,timestamp
1271,-0.1726967990398407,0.5839167918992667,0.5839167918992667,0,0,,0,timestamp
1272,-0.24588888883590698,0.5839167918992667,0.5839167918992667,0,0,,0,timestamp
1273,-0.20470701158046722,0.5839167918992667,0.5839167918992667,0,0,,0,timestamp
1274,-0.0549442395567894,0.5839167918992667,0.5839167918992667,0,0,,0,timestamp
1275,-0.08652317523956299,0.5839167918992667,0.5839167918992667,0,0,,0,timestamp
1276,-0.1928333342075348,0.5839167918992667,0.5839167918992667,0,0,,0,timestamp
1277,-1.3351491689682007,0.5839167918992667,0.5839167918992667,0,0,,0,timestamp
1278,-0.5677149891853333,0.5839167918992667,0.5839167918992667,0,0,,0,timestamp
1279,-0.38126230239868164,0.5888123692225541,0.5888123692225541,0,0,,0,timestamp
1280,-0.402878075838089,0.5888123692225541,0.5888123692225541,0,0,,0,timestamp
1281,-0.3838050663471222,0.5888123692225541,0.5888123692225541,0,0,,0,timestamp
1282,-0.16333499550819397,0.5888123692225541,0.5888123692225541,0,0,,0,timestamp
1283,-0.15805621445178986,0.5888123692225541,0.5888123692225541,0,0,,0,timestamp
1284,-0.7580113410949707,0.5888123692225541,0.5888123692225541,0,0,,0,timestamp
1285,-0.7832958102226257,0.5888123692225541,0.5888123692225541,0,0,,0,timestamp
1286,-0.39936763048171997,0.5888123692225541,0.5888123692225541,0,0,,0,timestamp
1287,-0.49158599972724915,0.5888123692225541,0.5888123692225541,0,0,,0,timestamp
1288,-0.3755905032157898,0.5888123692225541,0.5888123692225541,0,0,,0,timestamp
1289,-0.24251529574394226,0.5888123692225541,0.5888123692225541,0,0,,0,timestamp
1290,-1.1825348138809204,0.5888123692225541,0.5888123692225541,0,0,,0,timestamp
1291,-0.12359264492988586,0.5888123692225541,0.5888123692225541,0,0,,0,timestamp
1292,-0.14141911268234253,0.5888123692225541,0.5888123692225541,0,0,,0,timestamp
1293,-0.1145896166563034,0.5888123692225541,0.5888123692225541,0,0,,0,timestamp
1294,-0.13454988598823547,0.5888123692225541,0.5888123692225541,0,0,,0,timestamp
1295,-0.13066419959068298,0.5888123692225541,0.5888123692225541,0,0,,0,timestamp
1296,-0.13569480180740356,0.5888123692225541,0.5888123692225541,0,0,,0,timestamp
1297,-0.3055204749107361,0.5888123692225541,0.5888123692225541,0,0,,0,timestamp
1298,-0.31279507279396057,0.5888123692225541,0.5888123692225541,0,0,,0,timestamp
1299,-0.36244264245033264,0.5917812844712456,0.5917812844712456,0,0,0.7612711191177368,0,timestamp
1300,-0.15291814506053925,0.5917812844712456,0.5917812844712456,0,0,,0,timestamp
1301,-0.12758812308311462,0.5917812844712456,0.5917812844712456,0,0,,0,timestamp
1302,-0.2956281304359436,0.5917812844712456,0.5917812844712456,0,0,,0,timestamp
1303,-0.1629651039838791,0.5917812844712456,0.5917812844712456,0,0,,0,timestamp
1304,-0.06924347579479218,0.5917812844712456,0.5917812844712456,0,0,,0,timestamp
1305,-0.09288554638624191,0.5917812844712456,0.5917812844712456,0,0,,0,timestamp
1306,-0.13791358470916748,0.5917812844712456,0.5917812844712456,0,0,,0,timestamp
1307,-0.09486392885446548,0.5917812844712456,0.5917812844712456,0,0,,0,timestamp
1308,-0.30424126982688904,0.5917812844712456,0.5917812844712456,0,0,,0,timestamp
1309,-0.6086068153381348,0.5917812844712456,0.5917812844712456,0,0,,0,timestamp
1310,-0.14547163248062134,0.5917812844712456,0.5917812844712456,0,0,,0,timestamp
1311,-0.14749681949615479,0.5917812844712456,0.5917812844712456,0,0,,0,timestamp
1312,-0.3740082383155823,0.5917812844712456,0.5917812844712456,0,0,,0,timestamp
1313,-0.13562457263469696,0.5917812844712456,0.5917812844712456,0,0,,0,timestamp
1314,-0.3741806745529175,0.5917812844712456,0.5917812844712456,0,0,,0,timestamp
1315,-0.16084030270576477,0.5917812844712456,0.5917812844712456,0,0,,0,timestamp
1316,-0.8700236678123474,0.5917812844712456,0.5917812844712456,0,0,,0,timestamp
1317,-0.15580222010612488,0.5917812844712456,0.5917812844712456,0,0,,0,timestamp
1318,-0.8253535032272339,0.5917812844712456,0.5917812844712456,0,0,,0,timestamp
1319,-0.14343345165252686,0.3391324055294094,0.3391324055294094,0,0,,0,timestamp
1320,-0.922432541847229,0.3391324055294094,0.3391324055294094,0,0,,0,timestamp
1321,-0.14899417757987976,0.3391324055294094,0.3391324055294094,0,0,,0,timestamp
1322,-0.9009378552436829,0.3391324055294094,0.3391324055294094,0,0,,0,timestamp
1323,-0.9004167318344116,0.3391324055294094,0.3391324055294094,0,0,,0,timestamp
1324,-0.1482343226671219,0.3391324055294094,0.3391324055294094,0,0,,0,timestamp
1325,-0.4579803943634033,0.3391324055294094,0.3391324055294094,0,0,,0,timestamp
1326,-0.4618288576602936,0.3391324055294094,0.3391324055294094,0,0,,0,timestamp
1327,-0.4781285226345062,0.3391324055294094,0.3391324055294094,0,0,,0,timestamp
1328,-0.31899356842041016,0.3391324055294094,0.3391324055294094,0,0,,0,timestamp
1329,-0.47018036246299744,0.3391324055294094,0.3391324055294094,0,0,,0,timestamp
1330,-0.3690590262413025,0.3391324055294094,0.3391324055294094,0,0,,0,timestamp
1331,-0.48975813388824463,0.3391324055294094,0.3391324055294094,0,0,,0,timestamp
1332,-0.36302101612091064,0.3391324055294094,0.3391324055294094,0,0,,0,timestamp
1333,-0.22243644297122955,0.3391324055294094,0.3391324055294094,0,0,,0,timestamp
1334,-0.45296961069107056,0.3391324055294094,0.3391324055294094,0,0,,0,timestamp
1335,-0.4894106984138489,0.3391324055294094,0.3391324055294094,0,0,,0,timestamp
1336,-0.2179233729839325,0.3391324055294094,0.3391324055294094,0,0,,0,timestamp
1337,-0.20190958678722382,0.3391324055294094,0.3391324055294094,0,0,,0,timestamp
1338,-0.22140298783779144,0.3391324055294094,0.3391324055294094,0,0,,0,timestamp
1339,-0.24645276367664337,0.34175938428858355,0.34175938428858355,0,0,,0,timestamp
1340,-0.214030459523201,0.34175938428858355,0.34175938428858355,0,0,,0,timestamp
1341,-0.21018292009830475,0.34175938428858355,0.34175938428858355,0,0,,0,timestamp
1342,-0.2385946810245514,0.34175938428858355,0.34175938428858355,0,0,,0,timestamp
1343,-1.0644123554229736,0.34175938428858355,0.34175938428858355,0,0,,0,timestamp
1344,-0.41169658303260803,0.34175938428858355,0.34175938428858355,0,0,,0,timestamp
1345,-1.0326991081237793,0.34175938428858355,0.34175938428858355,0,0,,0,timestamp
1346,-1.0502372980117798,0.34175938428858355,0.34175938428858355,0,0,,0,timestamp
1347,-0.3813265562057495,0.34175938428858355,0.34175938428858355,0,0,,0,timestamp
1348,-1.0435346364974976,0.34175938428858355,0.34175938428858355,0,0,,0,timestamp
1349,-0.41538330912590027,0.34175938428858355,0.34175938428858355,0,0,,0,timestamp
1350,-1.0934901237487793,0.34175938428858355,0.34175938428858355,0,0,,0,timestamp
1351,-0.433969110250473,0.34175938428858355,0.34175938428858355,0,0,,0,timestamp
1352,-0.4656067192554474,0.34175938428858355,0.34175938428858355,0,0,,0,timestamp
1353,-0.9073835611343384,0.34175938428858355,0.34175938428858355,0,0,,0,timestamp
1354,-0.8398484587669373,0.34175938428858355,0.34175938428858355,0,0,,0,timestamp
1355,-0.9771026372909546,0.34175938428858355,0.34175938428858355,0,0,,0,timestamp
1356,-0.8791323304176331,0.34175938428858355,0.34175938428858355,0,0,,0,timestamp
1357,-0.8102127313613892,0.34175938428858355,0.34175938428858355,0,0,,0,timestamp
1358,-0.7648117542266846,0.34175938428858355,0.34175938428858355,0,0,,0,timestamp
1359,-0.37677842378616333,0.3440025494450768,0.3440025494450768,0,0,,0,timestamp
1360,-0.10122569650411606,0.3440025494450768,0.3440025494450768,0,0,,0,timestamp
1361,-0.08935487270355225,0.3440025494450768,0.3440025494450768,0,0,,0,timestamp
1362,-0.07977200299501419,0.3440025494450768,0.3440025494450768,0,0,,0,timestamp
1363,-0.1007969081401825,0.3440025494450768,0.3440025494450768,0,0,,0,timestamp
1364,-0.18819375336170197,0.3440025494450768,0.3440025494450768,0,0,,0,timestamp
1365,-0.14773419499397278,0.3440025494450768,0.3440025494450768,0,0,,0,timestamp
1366,-0.13745607435703278,0.3440025494450768,0.3440025494450768,0,0,,0,timestamp
1367,-0.15591812133789062,0.3440025494450768,0.3440025494450768,0,0,,0,timestamp
1368,-0.14132681488990784,0.3440025494450768,0.3440025494450768,0,0,,0,timestamp
1369,-0.1464739739894867,0.3440025494450768,0.3440025494450768,0,0,,0,timestamp
1370,-0.12811219692230225,0.3440025494450768,0.3440025494450768,0,0,,0,timestamp
1371,-0.19015949964523315,0.3440025494450768,0.3440025494450768,0,0,,0,timestamp
1372,-0.14663097262382507,0.3440025494450768,0.3440025494450768,0,0,,0,timestamp
1373,-0.14153321087360382,0.3440025494450768,0.3440025494450768,0,0,,0,timestamp
1374,-0.16941088438034058,0.3440025494450768,0.3440025494450768,0,0,,0,timestamp
1375,-0.15129108726978302,0.3440025494450768,0.3440025494450768,0,0,,0,timestamp
1376,-0.15675853192806244,0.3440025494450768,0.3440025494450768,0,0,,0,timestamp
1377,-0.12739866971969604,0.3440025494450768,0.3440025494450768,0,0,,0,timestamp
1378,-0.16022010147571564,0.3440025494450768,0.3440025494450768,0,0,,0,timestamp
1379,-0.15261860191822052,0.35888912146867735,0.35888912146867735,0,0,,0,timestamp
1380,-0.13837377727031708,0.35888912146867735,0.35888912146867735,0,0,,0,timestamp
1381,-0.17886778712272644,0.35888912146867735,0.35888912146867735,0,0,,0,timestamp
1382,-0.17472264170646667,0.35888912146867735,0.35888912146867735,0,0,,0,timestamp
1383,-0.27810704708099365,0.35888912146867735,0.35888912146867735,0,0,,0,timestamp
1384,-0.2723510265350342,0.35888912146867735,0.35888912146867735,0,0,,0,timestamp
1385,-0.11635003983974457,0.35888912146867735,0.35888912146867735,0,0,,0,timestamp
1386,-0.16003131866455078,0.35888912146867735,0.35888912146867735,0,0,,0,timestamp
1387,-0.13928301632404327,0.35888912146867735,0.35888912146867735,0,0,,0,timestamp
1388,-0.16420526802539825,0.35888912146867735,0.35888912146867735,0,0,,0,timestamp
1389,-0.07570987194776535,0.35888912146867735,0.35888912146867735,0,0,,0,timestamp
1390,-0.08536861836910248,0.35888912146867735,0.35888912146867735,0,0,,0,timestamp
1391,-1.8208014965057373,0.35888912146867735,0.35888912146867735,0,0,,0,timestamp
1392,-0.08477214723825455,0.35888912146867735,0.35888912146867735,0,0,,0,timestamp
1393,-1.007602334022522,0.35888912146867735,0.35888912146867735,0,0,,0,timestamp
1394,-0.82781982421875,0.35888912146867735,0.35888912146867735,0,0,,0,timestamp
1395,-0.728879451751709,0.35888912146867735,0.35888912146867735,0,0,,0,timestamp
1396,-0.09831419587135315,0.35888912146867735,0.35888912146867735,0,0,,0,timestamp
1397,-1.0659432411193848,0.35888912146867735,0.35888912146867735,0,0,,0,timestamp
1398,-0.16255728900432587,0.35888912146867735,0.35888912146867735,0,0,,0,timestamp
1399,-0.7206161022186279,0.3938315241057444,0.3938315241057444,0,0,0.4558286964893341,0,timestamp
1400,-0.7281243205070496,0.3938315241057444,0.3938315241057444,0,0,,0,timestamp
1401,-0.1498020738363266,0.3938315241057444,0.3938315241057444,0,0,,0,timestamp
1402,-0.23871096968650818,0.3938315241057444,0.3938315241057444,0,0,,0,timestamp
1403,-0.15047487616539001,0.3938315241057444,0.3938315241057444,0,0,,0,timestamp
1404,-0.24596065282821655,0.3938315241057444,0.3938315241057444,0,0,,0,timestamp
1405,-0.19746264815330505,0.3938315241057444,0.3938315241057444,0,0,,0,timestamp
1406,-0.2381138950586319,0.3938315241057444,0.3938315241057444,0,0,,0,timestamp
1407,-0.16843731701374054,0.3938315241057444,0.3938315241057444,0,0,,0,timestamp
1408,-0.6803186535835266,0.3938315241057444,0.3938315241057444,0,0,,0,timestamp
1409,-0.949858546257019,0.3938315241057444,0.3938315241057444,0,0,,0,timestamp
1410,-0.6611181497573853,0.3938315241057444,0.3938315241057444,0,0,,0,timestamp
1411,-0.6671990752220154,0.3938315241057444,0.3938315241057444,0,0,,0,timestamp
1412,-0.2005978226661682,0.3938315241057444,0.3938315241057444,0,0,,0,timestamp
1413,-0.1643649935722351,0.3938315241057444,0.3938315241057444,0,0,,0,timestamp
1414,-0.1515979915857315,0.3938315241057444,0.3938315241057444,0,0,,0,timestamp
1415,-0.14954650402069092,0.3938315241057444,0.3938315241057444,0,0,,0,timestamp
1416,-0.16492025554180145,0.3938315241057444,0.3938315241057444,0,0,,0,timestamp
1417,-0.14056244492530823,0.3938315241057444,0.3938315241057444,0,0,,0,timestamp
1418,-0.12958842515945435,0.3938315241057444,0.3938315241057444,0,0,,0,timestamp
1419,-0.4173140227794647,0.42219505017866377,0.42219505017866377,0,0,,0,timestamp
1420,-0.18709315359592438,0.42219505017866377,0.42219505017866377,0,0,,0,timestamp
1421,-0.4235498309135437,0.42219505017866377,0.42219505017866377,0,0,,0,timestamp
1422,-0.1291172355413437,0.42219505017866377,0.42219505017866377,0,0,,0,timestamp
1423,-0.27752113342285156,0.42219505017866377,0.42219505017866377,0,0,,0,timestamp
1424,-0.1316428780555725,0.42219505017866377,0.42219505017866377,0,0,,0,timestamp
1425,-0.1164163202047348,0.42219505017866377,0.42219505017866377,0,0,,0,timestamp
1426,-0.1939350664615631,0.42219505017866377,0.42219505017866377,0,0,,0,timestamp
1427,-0.1636367291212082,0.42219505017866377,0.42219505017866377,0,0,,0,timestamp
1428,-0.19940970838069916,0.42219505017866377,0.42219505017866377,0,0,,0,timestamp
1429,-0.1367245465517044,0.42219505017866377,0.42219505017866377,0,0,,0,timestamp
1430,-0.18881011009216309,0.42219505017866377,0.42219505017866377,0,0,,0,timestamp
1431,-0.13839353621006012,0.42219505017866377,0.42219505017866377,0,0,,0,timestamp
1432,-0.19298222661018372,0.42219505017866377,0.42219505017866377,0,0,,0,timestamp
1433,-0.821079671382904,0.42219505017866377,0.42219505017866377,0,0,,0,timestamp
1434,-1.0615092515945435,0.42219505017866377,0.42219505017866377,0,0,,0,timestamp
1435,-0.7942523956298828,0.42219505017866377,0.42219505017866377,0,0,,0,timestamp
1436,-0.9908384680747986,0.42219505017866377,0.42219505017866377,0,0,,0,timestamp
1437,-1.147267460823059,0.42219505017866377,0.42219505017866377,0,0,,0,timestamp
1438,-0.9469249248504639,0.42219505017866377,0.42219505017866377,0,0,,0,timestamp
1439,-0.9480004906654358,0.4419914179503982,0.4419914179503982,0,0,,0,timestamp
1440,-0.13922104239463806,0.4419914179503982,0.4419914179503982,0,0,,0,timestamp
1441,-0.16976545751094818,0.4419914179503982,0.4419914179503982,0,0,,0,timestamp
1442,-0.35511067509651184,0.4419914179503982,0.4419914179503982,0,0,,0,timestamp
1443,-0.3913172781467438,0.4419914179503982,0.4419914179503982,0,0,,0,timestamp
1444,-0.16138364374637604,0.4419914179503982,0.4419914179503982,0,0,,0,timestamp
1445,-0.14347289502620697,0.4419914179503982,0.4419914179503982,0,0,,0,timestamp
1446,-0.1984361708164215,0.4419914179503982,0.4419914179503982,0,0,,0,timestamp
1447,-0.14188861846923828,0.4419914179503982,0.4419914179503982,0,0,,0,timestamp
1448,-0.2168705016374588,0.4419914179503982,0.4419914179503982,0,0,,0,timestamp
1449,-0.17253577709197998,0.4419914179503982,0.4419914179503982,0,0,,0,timestamp
1450,-0.7523330450057983,0.4419914179503982,0.4419914179503982,0,0,,0,timestamp
1451,-0.7714770436286926,0.4419914179503982,0.4419914179503982,0,0,,0,timestamp
1452,-0.22229325771331787,0.4419914179503982,0.4419914179503982,0,0,,0,timestamp
1453,-0.14612425863742828,0.4419914179503982,0.4419914179503982,0,0,,0,timestamp
1454,-0.13407422602176666,0.4419914179503982,0.4419914179503982,0,0,,0,timestamp
1455,-0.15757067501544952,0.4419914179503982,0.4419914179503982,0,0,,0,timestamp
1456,-0.15037576854228973,0.4419914179503982,0.4419914179503982,0,0,,0,timestamp
1457,-0.3402393162250519,0.4419914179503982,0.4419914179503982,0,0,,0,timestamp
1458,-0.13898801803588867,0.4419914179503982,0.4419914179503982,0,0,,0,timestamp
1459,-0.34837085008621216,0.4427120466103447,0.4427120466103447,0,0,,0,timestamp
1460,-0.35289180278778076,0.4427120466103447,0.4427120466103447,0,0,,0,timestamp
1461,-0.12641674280166626,0.4427120466103447,0.4427120466103447,0,0,,0,timestamp
1462,-0.134046733379364,0.4427120466103447,0.4427120466103447,0,0,,0,timestamp
1463,-0.18305262923240662,0.4427120466103447,0.4427120466103447,0,0,,0,timestamp
1464,-0.1755436360836029,0.4427120466103447,0.4427120466103447,0,0,,0,timestamp
1465,-0.17194555699825287,0.4427120466103447,0.4427120466103447,0,0,,0,timestamp
1466,-0.16065213084220886,0.4427120466103447,0.4427120466103447,0,0,,0,timestamp
1467,-0.4318189024925232,0.4427120466103447,0.4427120466103447,0,0,,0,timestamp
1468,-0.4202669560909271,0.4427120466103447,0.4427120466103447,0,0,,0,timestamp
1469,-0.1749938279390335,0.4427120466103447,0.4427120466103447,0,0,,0,timestamp
1470,-0.19544829428195953,0.4427120466103447,0.4427120466103447,0,0,,0,timestamp
1471,-0.15068088471889496,0.4427120466103447,0.4427120466103447,0,0,,0,timestamp
1472,-0.13876770436763763,0.4427120466103447,0.4427120466103447,0,0,,0,timestamp
1473,-0.16726984083652496,0.4427120466103447,0.4427120466103447,0,0,,0,timestamp
1474,-0.13541235029697418,0.4427120466103447,0.4427120466103447,0,0,,0,timestamp
1475,-0.17304928600788116,0.4427120466103447,0.4427120466103447,0,0,,0,timestamp
1476,-0.16348618268966675,0.4427120466103447,0.4427120466103447,0,0,,0,timestamp
1477,-0.23427052795886993,0.4427120466103447,0.4427120466103447,0,0,,0,timestamp
1478,-0.15944945812225342,0.4427120466103447,0.4427120466103447,0,0,,0,timestamp
1479,-0.2029431015253067,0.4245171087682915,0.4245171087682915,0,0,,0,timestamp
1480,-0.13823501765727997,0.4245171087682915,0.4245171087682915,0,0,,0,timestamp
1481,-0.13931995630264282,0.4245171087682915,0.4245171087682915,0,0,,0,timestamp
1482,-0.17796717584133148,0.4245171087682915,0.4245171087682915,0,0,,0,timestamp
1483,-0.1730354130268097,0.4245171087682915,0.4245171087682915,0,0,,0,timestamp
1484,-0.16691043972969055,0.4245171087682915,0.4245171087682915,0,0,,0,timestamp
1485,-0.1354231983423233,0.4245171087682915,0.4245171087682915,0,0,,0,timestamp
1486,-0.4871986210346222,0.4245171087682915,0.4245171087682915,0,0,,0,timestamp
1487,-0.6983858346939087,0.4245171087682915,0.4245171087682915,0,0,,0,timestamp
1488,-0.6504151821136475,0.4245171087682915,0.4245171087682915,0,0,,0,timestamp
1489,-0.7004891037940979,0.4245171087682915,0.4245171087682915,0,0,,0,timestamp
1490,-0.1309005320072174,0.4245171087682915,0.4245171087682915,0,0,,0,timestamp
1491,-0.4945056736469269,0.4245171087682915,0.4245171087682915,0,0,,0,timestamp
1492,-0.4443526864051819,0.4245171087682915,0.4245171087682915,0,0,,0,timestamp
1493,-0.12246406078338623,0.4245171087682915,0.4245171087682915,0,0,,0,timestamp
1494,-0.18519741296768188,0.4245171087682915,0.4245171087682915,0,0,,0,timestamp
1495,-0.1259358823299408,0.4245171087682915,0.4245171087682915,0,0,,0,timestamp
1496,-0.14894424378871918,0.4245171087682915,0.4245171087682915,0,0,,0,timestamp
1497,-0.45721811056137085,0.4245171087682915,0.4245171087682915,0,0,,0,timestamp
1498,-0.4283502995967865,0.4245171087682915,0.4245171087682915,0,0,,0,timestamp
1499,-0.1677539199590683,0.4338995113424814,0.4338995113424814,0,0,0.5977647304534912,0,timestamp
1500,-0.13768906891345978,0.4338995113424814,0.4338995113424814,0,0,,0,timestamp
1501,-0.4139370918273926,0.4338995113424814,0.4338995113424814,0,0,,0,timestamp
1502,-0.14384636282920837,0.4338995113424814,0.4338995113424814,0,0,,0,timestamp
1503,-0.17665976285934448,0.4338995113424814,0.4338995113424814,0,0,,0,timestamp
1504,-0.08110152184963226,0.4338995113424814,0.4338995113424814,0,0,,0,timestamp
1505,-0.1433558166027069,0.4338995113424814,0.4338995113424814,0,0,,0,timestamp
1506,-0.11869732290506363,0.4338995113424814,0.4338995113424814,0,0,,0,timestamp
1507,-0.13112272322177887,0.4338995113424814,0.4338995113424814,0,0,,0,timestamp
1508,-0.1492038071155548,0.4338995113424814,0.4338995113424814,0,0,,0,timestamp
1509,-0.42335817217826843,0.4338995113424814,0.4338995113424814,0,0,,0,timestamp
1510,-0.13781367242336273,0.4338995113424814,0.4338995113424814,0,0,,0,timestamp
1511,-0.17663155496120453,0.4338995113424814,0.4338995113424814,0,0,,0,timestamp
1512,-0.17143768072128296,0.4338995113424814,0.4338995113424814,0,0,,0,timestamp
1513,-0.6182065010070801,0.4338995113424814,0.4338995113424814,0,0,,0,timestamp
1514,-0.6407111287117004,0.4338995113424814,0.4338995113424814,0,0,,0,timestamp
1515,-0.05590226128697395,0.4338995113424814,0.4338995113424814,0,0,,0,timestamp
1516,-0.13679717481136322,0.4338995113424814,0.4338995113424814,0,0,,0,timestamp
1517,-0.7018315196037292,0.4338995113424814,0.4338995113424814,0,0,,0,timestamp
1518,-0.23221100866794586,0.4338995113424814,0.4338995113424814,0,0,,0,timestamp
1519,-0.1581762135028839,0.4500404263242227,0.4500404263242227,0,0,,0,timestamp
1520,-0.14519615471363068,0.4500404263242227,0.4500404263242227,0,0,,0,timestamp
1521,-0.1613597571849823,0.4500404263242227,0.4500404263242227,0,0,,0,timestamp
1522,-0.14235255122184753,0.4500404263242227,0.4500404263242227,0,0,,0,timestamp
1523,-0.1289859563112259,0.4500404263242227,0.4500404263242227,0,0,,0,timestamp
1524,-0.16488376259803772,0.4500404263242227,0.4500404263242227,0,0,,0,timestamp
1525,-0.15260881185531616,0.4500404263242227,0.4500404263242227,0,0,,0,timestamp
1526,-0.14802971482276917,0.4500404263242227,0.4500404263242227,0,0,,0,timestamp
1527,-0.16694827377796173,0.4500404263242227,0.4500404263242227,0,0,,0,timestamp
1528,-0.13246512413024902,0.4500404263242227,0.4500404263242227,0,0,,0,timestamp
1529,-0.14085419476032257,0.4500404263242227,0.4500404263242227,0,0,,0,timestamp
1530,-0.13753443956375122,0.4500404263242227,0.4500404263242227,0,0,,0,timestamp
1531,-0.06328926235437393,0.4500404263242227,0.4500404263242227,0,0,,0,timestamp
1532,-0.06343559175729752,0.4500404263242227,0.4500404263242227,0,0,,0,timestamp
1533,-0.13233111798763275,0.4500404263242227,0.4500404263242227,0,0,,0,timestamp
1534,-0.1241239458322525,0.4500404263242227,0.4500404263242227,0,0,,0,timestamp
1535,-0.1392822116613388,0.4500404263242227,0.4500404263242227,0,0,,0,timestamp
1536,-1.1040928363800049,0.4500404263242227,0.4500404263242227,0,0,,0,timestamp
1537,-0.13335977494716644,0.4500404263242227,0.4500404263242227,0,0,,0,timestamp
1538,-0.12136082351207733,0.4500404263242227,0.4500404263242227,0,0,,0,timestamp
1539,-1.1095575094223022,0.4634284949686187,0.4634284949686187,0,0,,0,timestamp
1540,-0.15222544968128204,0.4634284949686187,0.4634284949686187,0,0,,0,timestamp
1541,-0.13606950640678406,0.4634284949686187,0.4634284949686187,0,0,,0,timestamp
1542,-0.25580865144729614,0.4634284949686187,0.4634284949686187,0,0,,0,timestamp
1543,-0.9677850604057312,0.4634284949686187,0.4634284949686187,0,0,,0,timestamp
1544,-0.3943027853965759,0.4634284949686187,0.4634284949686187,0,0,,0,timestamp
1545,-0.1892053633928299,0.4634284949686187,0.4634284949686187,0,0,,0,timestamp
1546,-0.40838533639907837,0.4634284949686187,0.4634284949686187,0,0,,0,timestamp
1547,-0.9898558855056763,0.4634284949686187,0.4634284949686187,0,0,,0,timestamp
1548,-0.19108562171459198,0.4634284949686187,0.4634284949686187,0,0,,0,timestamp
1549,-0.870851993560791,0.4634284949686187,0.4634284949686187,0,0,,0,timestamp
1550,-0.11312680691480637,0.4634284949686187,0.4634284949686187,0,0,,0,timestamp
1551,-0.9330179691314697,0.4634284949686187,0.4634284949686187,0,0,,0,timestamp
1552,-0.44672873616218567,0.4634284949686187,0.4634284949686187,0,0,,0,timestamp
1553,-0.9629996418952942,0.4634284949686187,0.4634284949686187,0,0,,0,timestamp
1554,-0.4416228234767914,0.4634284949686187,0.4634284949686187,0,0,,0,timestamp
1555,-0.4214226007461548,0.4634284949686187,0.4634284949686187,0,0,,0,timestamp
1556,-0.09279339760541916,0.4634284949686187,0.4634284949686187,0,0,,0,timestamp
1557,-0.9789690375328064,0.4634284949686187,0.4634284949686187,0,0,,0,timestamp
1558,-0.10560183972120285,0.4634284949686187,0.4634284949686187,0,0,,0,timestamp
1559,-1.0709919929504395,0.4721012343925475,0.4721012343925475,0,0,,0,timestamp
1560,-0.9985843300819397,0.4721012343925475,0.4721012343925475,0,0,,0,timestamp
1561,-0.4373670220375061,0.4721012343925475,0.4721012343925475,0,0,,0,timestamp
1562,-0.11499694734811783,0.4721012343925475,0.4721012343925475,0,0,,0,timestamp
1563,-0.5168200135231018,0.4721012343925475,0.4721012343925475,0,0,,0,timestamp
1564,-0.08760606497526169,0.4721012343925475,0.4721012343925475,0,0,,0,timestamp
1565,-0.5643084049224854,0.4721012343925475,0.4721012343925475,0,0,,0,timestamp
1566,-0.3735322952270508,0.4721012343925475,0.4721012343925475,0,0,,0,timestamp
1567,-0.47967034578323364,0.4721012343925475,0.4721012343925475,0,0,,0,timestamp
1568,-0.48020389676094055,0.4721012343925475,0.4721012343925475,0,0,,0,timestamp
1569,-0.46527352929115295,0.4721012343925475,0.4721012343925475,0,0,,0,timestamp
1570,-0.4698868691921234,0.4721012343925475,0.4721012343925475,0,0,,0,timestamp
1571,-0.4992717206478119,0.4721012343925475,0.4721012343925475,0,0,,0,timestamp
1572,-0.20279070734977722,0.4721012343925475,0.4721012343925475,0,0,,0,timestamp
1573,-0.19549353420734406,0.4721012343925475,0.4721012343925475,0,0,,0,timestamp
1574,-0.1725282371044159,0.4721012343925475,0.4721012343925475,0,0,,0,timestamp
1575,-0.4553169310092926,0.4721012343925475,0.4721012343925475,0,0,,0,timestamp
1576,-0.4960213601589203,0.4721012343925475,0.4721012343925475,0,0,,0,timestamp
1577,-0.3167594075202942,0.4721012343925475,0.4721012343925475,0,0,,0,timestamp
1578,-0.15689776837825775,0.4721012343925475,0.4721012343925475,0,0,,0,timestamp
1579,-0.15709659457206726,0.4515684598654659,0.4515684598654659,0,0,,0,timestamp
1580,-0.16606219112873077,0.4515684598654659,0.4515684598654659,0,0,,0,timestamp
1581,-0.14049924910068512,0.4515684598654659,0.4515684598654659,0,0,,0,timestamp
1582,-0.130973681807518,0.4515684598654659,0.4515684598654659,0,0,,0,timestamp
1583,-0.16824744641780853,0.4515684598654659,0.4515684598654659,0,0,,0,timestamp
1584,-0.14555716514587402,0.4515684598654659,0.4515684598654659,0,0,,0,timestamp
1585,-1.0584594011306763,0.4515684598654659,0.4515684598654659,0,0,,0,timestamp
1586,-1.0479872226715088,0.4515684598654659,0.4515684598654659,0,0,,0,timestamp
1587,-0.17775428295135498,0.4515684598654659,0.4515684598654659,0,0,,0,timestamp
1588,-0.1336696296930313,0.4515684598654659,0.4515684598654659,0,0,,0,timestamp
1589,-1.1077921390533447,0.4515684598654659,0.4515684598654659,0,0,,0,timestamp
1590,-0.49422144889831543,0.4515684598654659,0.4515684598654659,0,0,,0,timestamp
1591,-1.1852049827575684,0.4515684598654659,0.4515684598654659,0,0,,0,timestamp
1592,-0.1250918209552765,0.4515684598654659,0.4515684598654659,0,0,,0,timestamp
1593,-0.494507759809494,0.4515684598654659,0.4515684598654659,0,0,,0,timestamp
1594,-0.5134080052375793,0.4515684598654659,0.4515684598654659,0,0,,0,timestamp
1595,-0.49469155073165894,0.4515684598654659,0.4515684598654659,0,0,,0,timestamp
1596,-0.12289952486753464,0.4515684598654659,0.4515684598654659,0,0,,0,timestamp
1597,-0.4279404282569885,0.4515684598654659,0.4515684598654659,0,0,,0,timestamp
1598,-0.1229444295167923,0.4515684598654659,0.4515684598654659,0,0,,0,timestamp
1599,-0.457906037569046,0.46974648703981214,0.46974648703981214,0,0,0.45521479845046997,0,timestamp
1600,-0.13328585028648376,0.46974648703981214,0.46974648703981214,0,0,,0,timestamp
1601,-0.16321061551570892,0.46974648703981214,0.46974648703981214,0,0,,0,timestamp
1602,-0.15195216238498688,0.46974648703981214,0.46974648703981214,0,0,,0,timestamp
1603,-0.08696973323822021,0.46974648703981214,0.46974648703981214,0,0,,0,timestamp
1604,-0.12219533324241638,0.46974648703981214,0.46974648703981214,0,0,,0,timestamp
1605,-0.2334044724702835,0.46974648703981214,0.46974648703981214,0,0,,0,timestamp
1606,-0.11443260312080383,0.46974648703981214,0.46974648703981214,0,0,,0,timestamp
1607,-0.1574767529964447,0.46974648703981214,0.46974648703981214,0,0,,0,timestamp
1608,-0.27491241693496704,0.46974648703981214,0.46974648703981214,0,0,,0,timestamp
1609,-0.26961177587509155,0.46974648703981214,0.46974648703981214,0,0,,0,timestamp
1610,-0.25294604897499084,0.46974648703981214,0.46974648703981214,0,0,,0,timestamp
1611,-0.26033276319503784,0.46974648703981214,0.46974648703981214,0,0,,0,timestamp
1612,-0.27549758553504944,0.46974648703981214,0.46974648703981214,0,0,,0,timestamp
1613,-0.31713858246803284,0.46974648703981214,0.46974648703981214,0,0,,0,timestamp
1614,-0.381744921207428,0.46974648703981214,0.46974648703981214,0,0,,0,timestamp
1615,-0.8029350638389587,0.46974648703981214,0.46974648703981214,0,0,,0,timestamp
1616,-0.15273119509220123,0.46974648703981214,0.46974648703981214,0,0,,0,timestamp
1617,-0.7894734740257263,0.46974648703981214,0.46974648703981214,0,0,,0,timestamp
1618,-0.7828842401504517,0.46974648703981214,0.46974648703981214,0,0,,0,timestamp
1619,-0.15002964437007904,0.4704872328537082,0.4704872328537082,0,0,,0,timestamp
1620,-0.08868715912103653,0.4704872328537082,0.4704872328537082,0,0,,0,timestamp
1621,-0.19694219529628754,0.4704872328537082,0.4704872328537082,0,0,,0,timestamp
1622,-0.09306777268648148,0.4704872328537082,0.4704872328537082,0,0,,0,timestamp
1623,-0.19575005769729614,0.4704872328537082,0.4704872328537082,0,0,,0,timestamp
1624,-0.07605087012052536,0.4704872328537082,0.4704872328537082,0,0,,0,timestamp
1625,-0.08521227538585663,0.4704872328537082,0.4704872328537082,0,0,,0,timestamp
1626,-1.031643033027649,0.4704872328537082,0.4704872328537082,0,0,,0,timestamp
1627,-0.12057514488697052,0.4704872328537082,0.4704872328537082,0,0,,0,timestamp
1628,-0.11683402210474014,0.4704872328537082,0.4704872328537082,0,0,,0,timestamp
1629,-1.0043869018554688,0.4704872328537082,0.4704872328537082,0,0,,0,timestamp
1630,-0.39698851108551025,0.4704872328537082,0.4704872328537082,0,0,,0,timestamp
1631,-0.0968141257762909,0.4704872328537082,0.4704872328537082,0,0,,0,timestamp
1632,-0.3286440074443817,0.4704872328537082,0.4704872328537082,0,0,,0,timestamp
1633,-1.1266744136810303,0.4704872328537082,0.4704872328537082,0,0,,0,timestamp
1634,-0.16059324145317078,0.4704872328537082,0.4704872328537082,0,0,,0,timestamp
1635,-0.1709461212158203,0.4704872328537082,0.4704872328537082,0,0,,0,timestamp
1636,-0.7302191853523254,0.4704872328537082,0.4704872328537082,0,0,,0,timestamp
1637,-0.1443883180618286,0.4704872328537082,0.4704872328537082,0,0,,0,timestamp
1638,-0.15016816556453705,0.4704872328537082,0.4704872328537082,0,0,,0,timestamp
1639,-0.1809379607439041,0.5047132292787565,0.5047132292787565,0,0,,0,timestamp
1640,-0.18719279766082764,0.5047132292787565,0.5047132292787565,0,0,,0,timestamp
1641,-0.13302183151245117,0.5047132292787565,0.5047132292787565,0,0,,0,timestamp
1642,-0.20177657902240753,0.5047132292787565,0.5047132292787565,0,0,,0,timestamp
1643,-0.17073366045951843,0.5047132292787565,0.5047132292787565,0,0,,0,timestamp
1644,-0.13917125761508942,0.5047132292787565,0.5047132292787565,0,0,,0,timestamp
1645,-0.4356619119644165,0.5047132292787565,0.5047132292787565,0,0,,0,timestamp
1646,-0.38724595308303833,0.5047132292787565,0.5047132292787565,0,0,,0,timestamp
1647,-0.13920141756534576,0.5047132292787565,0.5047132292787565,0,0,,0,timestamp
1648,-0.13033412396907806,0.5047132292787565,0.5047132292787565,0,0,,0,timestamp
1649,-0.3756188154220581,0.5047132292787565,0.5047132292787565,0,0,,0,timestamp
1650,-0.13796654343605042,0.5047132292787565,0.5047132292787565,0,0,,0,timestamp
1651,-0.3716419041156769,0.5047132292787565,0.5047132292787565,0,0,,0,timestamp
1652,-0.14262017607688904,0.5047132292787565,0.5047132292787565,0,0,,0,timestamp
1653,-0.27544742822647095,0.5047132292787565,0.5047132292787565,0,0,,0,timestamp
1654,-0.18842874467372894,0.5047132292787565,0.5047132292787565,0,0,,0,timestamp
1655,-0.4551304876804352,0.5047132292787565,0.5047132292787565,0,0,,0,timestamp
1656,-0.45779311656951904,0.5047132292787565,0.5047132292787565,0,0,,0,timestamp
1657,-0.16869232058525085,0.5047132292787565,0.5047132292787565,0,0,,0,timestamp
1658,-0.44455021619796753,0.5047132292787565,0.5047132292787565,0,0,,0,timestamp
1659,-0.43836158514022827,0.5027142419143227,0.5027142419143227,0,0,,0,timestamp
1660,-0.1563313603401184,0.5027142419143227,0.5027142419143227,0,0,,0,timestamp
1661,-0.17123951017856598,0.5027142419143227,0.5027142419143227,0,0,,0,timestamp
1662,-0.16221638023853302,0.5027142419143227,0.5027142419143227,0,0,,0,timestamp
1663,-0.1985730528831482,0.5027142419143227,0.5027142419143227,0,0,,0,timestamp
1664,-0.21558907628059387,0.5027142419143227,0.5027142419143227,0,0,,0,timestamp
1665,-0.18695004284381866,0.5027142419143227,0.5027142419143227,0,0,,0,timestamp
1666,-0.20014885067939758,0.5027142419143227,0.5027142419143227,0,0,,0,timestamp
1667,-0.1325635015964508,0.5027142419143227,0.5027142419143227,0,0,,0,timestamp
1668,-0.3402080535888672,0.5027142419143227,0.5027142419143227,0,0,,0,timestamp
1669,-0.135170117020607,0.5027142419143227,0.5027142419143227,0,0,,0,timestamp
1670,-0.4697481095790863,0.5027142419143227,0.5027142419143227,0,0,,0,timestamp
1671,-0.11436313390731812,0.5027142419143227,0.5027142419143227,0,0,,0,timestamp
1672,-0.4911724328994751,0.5027142419143227,0.5027142419143227,0,0,,0,timestamp
1673,-0.46793806552886963,0.5027142419143227,0.5027142419143227,0,0,,0,timestamp
1674,-0.5038548707962036,0.5027142419143227,0.5027142419143227,0,0,,0,timestamp
1675,-0.46720704436302185,0.5027142419143227,0.5027142419143227,0,0,,0,timestamp
1676,-0.4927600026130676,0.5027142419143227,0.5027142419143227,0,0,,0,timestamp
1677,-0.12833401560783386,0.5027142419143227,0.5027142419143227,0,0,,0,timestamp
1678,-0.5305843353271484,0.5027142419143227,0.5027142419143227,0,0,,0,timestamp
1679,-0.15224044024944305,0.5182022595019982,0.5182022595019982,0,0,,0,timestamp
1680,-0.27630263566970825,0.5182022595019982,0.5182022595019982,0,0,,0,timestamp
1681,-0.12235592305660248,0.5182022595019982,0.5182022595019982,0,0,,0,timestamp
1682,-0.8510429263114929,0.5182022595019982,0.5182022595019982,0,0,,0,timestamp
1683,-0.10894346237182617,0.5182022595019982,0.5182022595019982,0,0,,0,timestamp
1684,-0.8502286076545715,0.5182022595019982,0.5182022595019982,0,0,,0,timestamp
1685,-0.3826287090778351,0.5182022595019982,0.5182022595019982,0,0,,0,timestamp
1686,-0.3853217363357544,0.5182022595019982,0.5182022595019982,0,0,,0,timestamp
1687,-0.20768076181411743,0.5182022595019982,0.5182022595019982,0,0,,0,timestamp
1688,-0.1744421124458313,0.5182022595019982,0.5182022595019982,0,0,,0,timestamp
1689,-0.19381240010261536,0.5182022595019982,0.5182022595019982,0,0,,0,timestamp
1690,-0.2573004961013794,0.5182022595019982,0.5182022595019982,0,0,,0,timestamp
1691,-0.3098459839820862,0.5182022595019982,0.5182022595019982,0,0,,0,timestamp
1692,-0.1144360899925232,0.5182022595019982,0.5182022595019982,0,0,,0,timestamp
1693,-0.12865948677062988,0.5182022595019982,0.5182022595019982,0,0,,0,timestamp
1694,-0.44965824484825134,0.5182022595019982,0.5182022595019982,0,0,,0,timestamp
1695,-0.834754467010498,0.5182022595019982,0.5182022595019982,0,0,,0,timestamp
1696,-0.1391153782606125,0.5182022595019982,0.5182022595019982,0,0,,0,timestamp
1697,-0.12242322415113449,0.5182022595019982,0.5182022595019982,0,0,,0,timestamp
1698,-0.13000282645225525,0.5182022595019982,0.5182022595019982,0,0,,0,timestamp
1699,-0.16267551481723785,0.5221456720442801,0.5221456720442801,0,0,0.4199862778186798,0,timestamp
1700,-0.1593358963727951,0.5221456720442801,0.5221456720442801,0,0,,0,timestamp
1701,-0.12493319809436798,0.5221456720442801,0.5221456720442801,0,0,,0,timestamp
1702,-0.12195713818073273,0.5221456720442801,0.5221456720442801,0,0,,0,timestamp
1703,-0.1403568536043167,0.5221456720442801,0.5221456720442801,0,0,,0,timestamp
1704,-0.12337654829025269,0.5221456720442801,0.5221456720442801,0,0,,0,timestamp
1705,-0.3260030448436737,0.5221456720442801,0.5221456720442801,0,0,,0,timestamp
1706,-0.5688427090644836,0.5221456720442801,0.5221456720442801,0,0,,0,timestamp
1707,-0.5674508810043335,0.5221456720442801,0.5221456720442801,0,0,,0,timestamp
1708,-0.7090520858764648,0.5221456720442801,0.5221456720442801,0,0,,0,timestamp
1709,-0.7109159231185913,0.5221456720442801,0.5221456720442801,0,0,,0,timestamp
1710,-0.7372394800186157,0.5221456720442801,0.5221456720442801,0,0,,0,timestamp
1711,-0.1881980150938034,0.5221456720442801,0.5221456720442801,0,0,,0,timestamp
1712,-0.23664847016334534,0.5221456720442801,0.5221456720442801,0,0,,0,timestamp
1713,-0.21626639366149902,0.5221456720442801,0.5221456720442801,0,0,,0,timestamp
1714,-0.2237655520439148,0.5221456720442801,0.5221456720442801,0,0,,0,timestamp
1715,-0.27052536606788635,0.5221456720442801,0.5221456720442801,0,0,,0,timestamp
1716,-0.2502310574054718,0.5221456720442801,0.5221456720442801,0,0,,0,timestamp
1717,-0.22612103819847107,0.5221456720442801,0.5221456720442801,0,0,,0,timestamp
1718,-0.21084484457969666,0.5221456720442801,0.5221456720442801,0,0,,0,timestamp
1719,-0.21320360898971558,0.5348672521098705,0.5348672521098705,0,0,,0,timestamp
1720,-0.19827906787395477,0.5348672521098705,0.5348672521098705,0,0,,0,timestamp
1721,-0.07526406645774841,0.5348672521098705,0.5348672521098705,0,0,,0,timestamp
1722,-0.2545746862888336,0.5348672521098705,0.5348672521098705,0,0,,0,timestamp
1723,-0.07421757280826569,0.5348672521098705,0.5348672521098705,0,0,,0,timestamp
1724,-0.08639651536941528,0.5348672521098705,0.5348672521098705,0,0,,0,timestamp
1725,-0.3107976019382477,0.5348672521098705,0.5348672521098705,0,0,,0,timestamp
1726,-0.4338422119617462,0.5348672521098705,0.5348672521098705,0,0,,0,timestamp
1727,-0.4283767342567444,0.5348672521098705,0.5348672521098705,0,0,,0,timestamp
1728,-0.32995089888572693,0.5348672521098705,0.5348672521098705,0,0,,0,timestamp
1729,-0.9638819098472595,0.5348672521098705,0.5348672521098705,0,0,,0,timestamp
1730,-0.42268428206443787,0.5348672521098705,0.5348672521098705,0,0,,0,timestamp
1731,-0.4511829912662506,0.5348672521098705,0.5348672521098705,0,0,,0,timestamp
1732,-0.49576282501220703,0.5348672521098705,0.5348672521098705,0,0,,0,timestamp
1733,-2.9188504219055176,0.5348672521098705,0.5348672521098705,0,0,,0,timestamp
1734,-2.7555735111236572,0.5348672521098705,0.5348672521098705,0,0,,0,timestamp
1735,-2.2330989837646484,0.5348672521098705,0.5348672521098705,0,0,,0,timestamp
1736,-1.9880313873291016,0.5348672521098705,0.5348672521098705,0,0,,0,timestamp
1737,-1.8945242166519165,0.5348672521098705,0.5348672521098705,0,0,,0,timestamp
1738,-1.6769006252288818,0.5348672521098705,0.5348672521098705,0,0,,0,timestamp
1739,-2.0378010272979736,0.6912620655191791,0.6912620655191791,0,0,,0,timestamp
1740,-2.07415771484375,0.6912620655191791,0.6912620655191791,0,0,,0,timestamp
1741,-1.5185645818710327,0.6912620655191791,0.6912620655191791,0,0,,0,timestamp
1742,-1.442259430885315,0.6912620655191791,0.6912620655191791,0,0,,0,timestamp
1743,-1.415778398513794,0.6912620655191791,0.6912620655191791,0,0,,0,timestamp
1744,-1.3450275659561157,0.6912620655191791,0.6912620655191791,0,0,,0,timestamp
1745,-1.3444671630859375,0.6912620655191791,0.6912620655191791,0,0,,0,timestamp
1746,-1.5971007347106934,0.6912620655191791,0.6912620655191791,0,0,,0,timestamp
1747,-1.4627156257629395,0.6912620655191791,0.6912620655191791,0,0,,0,timestamp
1748,-1.3454535007476807,0.6912620655191791,0.6912620655191791,0,0,,0,timestamp
1749,-1.1616111993789673,0.6912620655191791,0.6912620655191791,0,0,,0,timestamp
1750,-1.3041417598724365,0.6912620655191791,0.6912620655191791,0,0,,0,timestamp
1751,-1.3116230964660645,0.6912620655191791,0.6912620655191791,0,0,,0,timestamp
1752,-1.2250757217407227,0.6912620655191791,0.6912620655191791,0,0,,0,timestamp
1753,-1.2467620372772217,0.6912620655191791,0.6912620655191791,0,0,,0,timestamp
1754,-1.2109133005142212,0.6912620655191791,0.6912620655191791,0,0,,0,timestamp
1755,-1.7531150579452515,0.6912620655191791,0.6912620655191791,0,0,,0,timestamp
1756,-1.1860594749450684,0.6912620655191791,0.6912620655191791,0,0,,0,timestamp
1757,-2.25581955909729,0.6912620655191791,0.6912620655191791,0,0,,0,timestamp
1758,-2.6073944568634033,0.6912620655191791,0.6912620655191791,0,0,,0,timestamp
1759,-3.063328266143799,0.887817584836448,0.887817584836448,0,0,,0,timestamp
1760,-3.1416592597961426,0.887817584836448,0.887817584836448,0,0,,0,timestamp
1761,-3.0039539337158203,0.887817584836448,0.887817584836448,0,0,,0,timestamp
1762,-1.5355970859527588,0.887817584836448,0.887817584836448,0,0,,0,timestamp
1763,-2.107637405395508,0.887817584836448,0.887817584836448,0,0,,0,timestamp
1764,-1.888054609298706,0.887817584836448,0.887817584836448,0,0,,0,timestamp
1765,-1.911393404006958,0.887817584836448,0.887817584836448,0,0,,0,timestamp
1766,-2.291334867477417,0.887817584836448,0.887817584836448,0,0,,0,timestamp
1767,-2.2532505989074707,0.887817584836448,0.887817584836448,0,0,,0,timestamp
1768,-2.2269198894500732,0.887817584836448,0.887817584836448,0,0,,0,timestamp
1769,-2.1574883460998535,0.887817584836448,0.887817584836448,0,0,,0,timestamp
1770,-2.121199607849121,0.887817584836448,0.887817584836448,0,0,,0,timestamp
1771,-2.116621971130371,0.887817584836448,0.887817584836448,0,0,,0,timestamp
1772,-1.3909647464752197,0.887817584836448,0.887817584836448,0,0,,0,timestamp
1773,-1.4634826183319092,0.887817584836448,0.887817584836448,0,0,,0,timestamp
1774,-1.3674198389053345,0.887817584836448,0.887817584836448,0,0,,0,timestamp
1775,-0.823271632194519,0.887817584836448,0.887817584836448,0,0,,0,timestamp
1776,-0.8767766952514648,0.887817584836448,0.887817584836448,0,0,,0,timestamp
1777,-2.415224313735962,0.887817584836448,0.887817584836448,0,0,,0,timestamp
1778,-2.1293106079101562,0.887817584836448,0.887817584836448,0,0,,0,timestamp
1779,-1.1065990924835205,1.1308902288326985,1.1308902288326985,0,0,,0,timestamp
1780,-1.3151559829711914,1.1308902288326985,1.1308902288326985,0,0,,0,timestamp
1781,-2.361645221710205,1.1308902288326985,1.1308902288326985,0,0,,0,timestamp
1782,-2.2653965950012207,1.1308902288326985,1.1308902288326985,0,0,,0,timestamp
1783,-2.306077241897583,1.1308902288326985,1.1308902288326985,0,0,,0,timestamp
1784,-2.2595577239990234,1.1308902288326985,1.1308902288326985,0,0,,0,timestamp
1785,-1.4989196062088013,1.1308902288326985,1.1308902288326985,0,0,,0,timestamp
1786,-1.3898299932479858,1.1308902288326985,1.1308902288326985,0,0,,0,timestamp
1787,-1.389789342880249,1.1308902288326985,1.1308902288326985,0,0,,0,timestamp
1788,-1.457798719406128,1.1308902288326985,1.1308902288326985,0,0,,0,timestamp
1789,-1.387563943862915,1.1308902288326985,1.1308902288326985,0,0,,0,timestamp
1790,-1.7032709121704102,1.1308902288326985,1.1308902288326985,0,0,,0,timestamp
1791,-2.108729839324951,1.1308902288326985,1.1308902288326985,0,0,,0,timestamp
1792,-1.8746188879013062,1.1308902288326985,1.1308902288326985,0,0,,0,timestamp
1793,-1.9683655500411987,1.1308902288326985,1.1308902288326985,0,0,,0,timestamp
1794,-2.165766716003418,1.1308902288326985,1.1308902288326985,0,0,,0,timestamp
1795,-2.2134382724761963,1.1308902288326985,1.1308902288326985,0,0,,0,timestamp
1796,-1.329500436782837,1.1308902288326985,1.1308902288326985,0,0,,0,timestamp
1797,-1.2649402618408203,1.1308902288326985,1.1308902288326985,0,0,,0,timestamp
1798,-1.241038203239441,1.1308902288326985,1.1308902288326985,0,0,,0,timestamp
1799,-1.247316598892212,1.2548036313295232,1.2548036313295232,0,0,0.3301010727882385,0,timestamp
1800,-1.42535400390625,1.2548036313295232,1.2548036313295232,0,0,,0,timestamp
1801,-1.2978545427322388,1.2548036313295232,1.2548036313295232,0,0,,0,timestamp
1802,-2.2841882705688477,1.2548036313295232,1.2548036313295232,0,0,,0,timestamp
1803,-2.4891531467437744,1.2548036313295232,1.2548036313295232,0,0,,0,timestamp
1804,-2.7672595977783203,1.2548036313295232,1.2548036313295232,0,0,,0,timestamp
1805,-1.677080750465393,1.2548036313295232,1.2548036313295232,0,0,,0,timestamp
1806,-1.4392685890197754,1.2548036313295232,1.2548036313295232,0,0,,0,timestamp
1807,-2.0229969024658203,1.2548036313295232,1.2548036313295232,0,0,,0,timestamp
1808,-2.063265562057495,1.2548036313295232,1.2548036313295232,0,0,,0,timestamp
1809,-0.9984414577484131,1.2548036313295232,1.2548036313295232,0,0,,0,timestamp
1810,-0.870461642742157,1.2548036313295232,1.2548036313295232,0,0,,0,timestamp
1811,-0.9481349587440491,1.2548036313295232,1.2548036313295232,0,0,,0,timestamp
1812,-3.123598098754883,1.2548036313295232,1.2548036313295232,0,0,,0,timestamp
1813,-2.6128108501434326,1.2548036313295232,1.2548036313295232,0,0,,0,timestamp
1814,-3.0530776977539062,1.2548036313295232,1.2548036313295232,0,0,,0,timestamp
1815,-3.3877358436584473,1.2548036313295232,1.2548036313295232,0,0,,0,timestamp
1816,-3.534299373626709,1.2548036313295232,1.2548036313295232,0,0,,0,timestamp
1817,-3.3230032920837402,1.2548036313295232,1.2548036313295232,0,0,,0,timestamp
1818,-3.22859525680542,1.2548036313295232,1.2548036313295232,0,0,,0,timestamp
1819,-2.1522321701049805,1.4779252730505195,1.4779252730505195,0,0,,0,timestamp
1820,-1.888416051864624,1.4779252730505195,1.4779252730505195,0,0,,0,timestamp
1821,-1.75810968875885,1.4779252730505195,1.4779252730505195,0,0,,0,timestamp
1822,-0.1894298493862152,1.4779252730505195,1.4779252730505195,0,0,,0,timestamp
1823,-0.14672181010246277,1.4779252730505195,1.4779252730505195,0,0,,0,timestamp
1824,-0.16104234755039215,1.4779252730505195,1.4779252730505195,0,0,,0,timestamp
1825,-0.09527431428432465,1.4779252730505195,1.4779252730505195,0,0,,0,timestamp
1826,-0.10432186722755432,1.4779252730505195,1.4779252730505195,0,0,,0,timestamp
1827,-0.09876053035259247,1.4779252730505195,1.4779252730505195,0,0,,0,timestamp
1828,-0.8595995903015137,1.4779252730505195,1.4779252730505195,0,0,,0,timestamp
1829,-0.31304794549942017,1.4779252730505195,1.4779252730505195,0,0,,0,timestamp
1830,-0.30159497261047363,1.4779252730505195,1.4779252730505195,0,0,,0,timestamp
1831,-0.09409881383180618,1.4779252730505195,1.4779252730505195,0,0,,0,timestamp
1832,-0.43608471751213074,1.4779252730505195,1.4779252730505195,0,0,,0,timestamp
1833,-0.39775609970092773,1.4779252730505195,1.4779252730505195,0,0,,0,timestamp
1834,-0.4283372759819031,1.4779252730505195,1.4779252730505195,0,0,,0,timestamp
1835,-0.2867504954338074,1.4779252730505195,1.4779252730505195,0,0,,0,timestamp
1836,-0.10747893154621124,1.4779252730505195,1.4779252730505195,0,0,,0,timestamp
1837,-0.09758976101875305,1.4779252730505195,1.4779252730505195,0,0,,0,timestamp
1838,-0.1021563857793808,1.4779252730505195,1.4779252730505195,0,0,,0,timestamp
1839,-0.19897642731666565,1.507699837253869,1.507699837253869,0,0,,0,timestamp
1840,-0.1144324392080307,1.507699837253869,1.507699837253869,0,0,,0,timestamp
1841,-0.14856791496276855,1.507699837253869,1.507699837253869,0,0,,0,timestamp
1842,-0.41972053050994873,1.507699837253869,1.507699837253869,0,0,,0,timestamp
1843,-0.15561002492904663,1.507699837253869,1.507699837253869,0,0,,0,timestamp
1844,-0.2608969509601593,1.507699837253869,1.507699837253869,0,0,,0,timestamp
1845,-0.15135598182678223,1.507699837253869,1.507699837253869,0,0,,0,timestamp
1846,-0.13722772896289825,1.507699837253869,1.507699837253869,0,0,,0,timestamp
1847,-0.16551558673381805,1.507699837253869,1.507699837253869,0,0,,0,timestamp
1848,-0.15473732352256775,1.507699837253869,1.507699837253869,0,0,,0,timestamp
1849,-0.1275605410337448,1.507699837253869,1.507699837253869,0,0,,0,timestamp
1850,-0.09603376686573029,1.507699837253869,1.507699837253869,0,0,,0,timestamp
1851,-0.3364008963108063,1.507699837253869,1.507699837253869,0,0,,0,timestamp
1852,-0.331723153591156,1.507699837253869,1.507699837253869,0,0,,0,timestamp
1853,-0.3259536623954773,1.507699837253869,1.507699837253869,0,0,,0,timestamp
1854,-0.18415211141109467,1.507699837253869,1.507699837253869,0,0,,0,timestamp
1855,-0.212505504488945,1.507699837253869,1.507699837253869,0,0,,0,timestamp
1856,-0.19134709239006042,1.507699837253869,1.507699837253869,0,0,,0,timestamp
1857,-0.31129565834999084,1.507699837253869,1.507699837253869,0,0,,0,timestamp
1858,-0.3113722801208496,1.507699837253869,1.507699837253869,0,0,,0,timestamp
1859,-0.3303041458129883,1.5343087979123986,1.5343087979123986,0,0,,0,timestamp
1860,-0.28978171944618225,1.5343087979123986,1.5343087979123986,0,0,,0,timestamp
1861,-2.046989679336548,1.5343087979123986,1.5343087979123986,0,0,,0,timestamp
1862,-0.14534586668014526,1.5343087979123986,1.5343087979123986,0,0,,0,timestamp
1863,-0.3830513656139374,1.5343087979123986,1.5343087979123986,0,0,,0,timestamp
1864,-0.38267767429351807,1.5343087979123986,1.5343087979123986,0,0,,0,timestamp
1865,-0.7896352410316467,1.5343087979123986,1.5343087979123986,0,0,,0,timestamp
1866,-0.21075257658958435,1.5343087979123986,1.5343087979123986,0,0,,0,timestamp
1867,-1.1949841976165771,1.5343087979123986,1.5343087979123986,0,0,,0,timestamp
1868,-1.0069501399993896,1.5343087979123986,1.5343087979123986,0,0,,0,timestamp
1869,-0.2021278291940689,1.5343087979123986,1.5343087979123986,0,0,,0,timestamp
1870,-0.9522170424461365,1.5343087979123986,1.5343087979123986,0,0,,0,timestamp
1871,-0.32147449254989624,1.5343087979123986,1.5343087979123986,0,0,,0,timestamp
1872,-0.2659280002117157,1.5343087979123986,1.5343087979123986,0,0,,0,timestamp
1873,-0.13520529866218567,1.5343087979123986,1.5343087979123986,0,0,,0,timestamp
1874,-0.6173336505889893,1.5343087979123986,1.5343087979123986,0,0,,0,timestamp
1875,-1.0211446285247803,1.5343087979123986,1.5343087979123986,0,0,,0,timestamp
1876,-1.0635088682174683,1.5343087979123986,1.5343087979123986,0,0,,0,timestamp
1877,-1.2504589557647705,1.5343087979123986,1.5343087979123986,0,0,,0,timestamp
1878,-0.47345393896102905,1.5343087979123986,1.5343087979123986,0,0,,0,timestamp
1879,-0.4780368506908417,1.4960670292988711,1.4960670292988711,0,0,,0,timestamp
1880,-0.4531945586204529,1.4960670292988711,1.4960670292988711,0,0,,0,timestamp
1881,-0.4480581283569336,1.4960670292988711,1.4960670292988711,0,0,,0,timestamp
1882,-0.14462052285671234,1.4960670292988711,1.4960670292988711,0,0,,0,timestamp
1883,-0.3990345299243927,1.4960670292988711,1.4960670292988711,0,0,,0,timestamp
1884,-0.40898099541664124,1.4960670292988711,1.4960670292988711,0,0,,0,timestamp
1885,-0.06781278550624847,1.4960670292988711,1.4960670292988711,0,0,,0,timestamp
1886,-0.06317055970430374,1.4960670292988711,1.4960670292988711,0,0,,0,timestamp
1887,-0.07892736047506332,1.4960670292988711,1.4960670292988711,0,0,,0,timestamp
1888,-0.0855061411857605,1.4960670292988711,1.4960670292988711,0,0,,0,timestamp
1889,-0.0853625163435936,1.4960670292988711,1.4960670292988711,0,0,,0,timestamp
1890,-0.12006952613592148,1.4960670292988711,1.4960670292988711,0,0,,0,timestamp
1891,-0.11717118322849274,1.4960670292988711,1.4960670292988711,0,0,,0,timestamp
1892,-0.13487669825553894,1.4960670292988711,1.4960670292988711,0,0,,0,timestamp
1893,-0.12490774691104889,1.4960670292988711,1.4960670292988711,0,0,,0,timestamp
1894,-0.4159146249294281,1.4960670292988711,1.4960670292988711,0,0,,0,timestamp
1895,-0.20630285143852234,1.4960670292988711,1.4960670292988711,0,0,,0,timestamp
1896,-0.27607420086860657,1.4960670292988711,1.4960670292988711,0,0,,0,timestamp
1897,-0.2604729235172272,1.4960670292988711,1.4960670292988711,0,0,,0,timestamp
1898,-0.24728485941886902,1.4960670292988711,1.4960670292988711,0,0,,0,timestamp
1899,-0.40326979756355286,1.4905530104681097,1.4905530104681097,0,0,0.21760042011737823,0,timestamp
1900,-0.4192308187484741,1.4905530104681097,1.4905530104681097,0,0,,0,timestamp
1901,-0.12714409828186035,1.4905530104681097,1.4905530104681097,0,0,,0,timestamp
1902,-0.42402172088623047,1.4905530104681097,1.4905530104681097,0,0,,0,timestamp
1903,-0.1224803477525711,1.4905530104681097,1.4905530104681097,0,0,,0,timestamp
1904,-0.12485828995704651,1.4905530104681097,1.4905530104681097,0,0,,0,timestamp
1905,-0.29105037450790405,1.4905530104681097,1.4905530104681097,0,0,,0,timestamp
1906,-0.12440244853496552,1.4905530104681097,1.4905530104681097,0,0,,0,timestamp
1907,-0.3362707197666168,1.4905530104681097,1.4905530104681097,0,0,,0,timestamp
1908,-0.11800864338874817,1.4905530104681097,1.4905530104681097,0,0,,0,timestamp
1909,-0.09483334422111511,1.4905530104681097,1.4905530104681097,0,0,,0,timestamp
1910,-0.333900511264801,1.4905530104681097,1.4905530104681097,0,0,,0,timestamp
1911,-0.15306507050991058,1.4905530104681097,1.4905530104681097,0,0,,0,timestamp
1912,-0.12420356273651123,1.4905530104681097,1.4905530104681097,0,0,,0,timestamp
1913,-0.11501792073249817,1.4905530104681097,1.4905530104681097,0,0,,0,timestamp
1914,-0.4213463068008423,1.4905530104681097,1.4905530104681097,0,0,,0,timestamp
1915,-0.43403512239456177,1.4905530104681097,1.4905530104681097,0,0,,0,timestamp
1916,-0.06721364706754684,1.4905530104681097,1.4905530104681097,0,0,,0,timestamp
1917,-0.06293314695358276,1.4905530104681097,1.4905530104681097,0,0,,0,timestamp
1918,-0.05756207928061485,1.4905530104681097,1.4905530104681097,0,0,,0,timestamp
1919,-0.1456390917301178,1.4930999716803166,1.4930999716803166,0,0,,0,timestamp
1920,-0.14874908328056335,1.4930999716803166,1.4930999716803166,0,0,,0,timestamp
1921,-0.060911573469638824,1.4930999716803166,1.4930999716803166,0,0,,0,timestamp
1922,-0.47206369042396545,1.4930999716803166,1.4930999716803166,0,0,,0,timestamp
1923,-0.10323209315538406,1.4930999716803166,1.4930999716803166,0,0,,0,timestamp
1924,-0.47239914536476135,1.4930999716803166,1.4930999716803166,0,0,,0,timestamp
1925,-0.10578413307666779,1.4930999716803166,1.4930999716803166,0,0,,0,timestamp
1926,-0.48721981048583984,1.4930999716803166,1.4930999716803166,0,0,,0,timestamp
1927,-0.10427483171224594,1.4930999716803166,1.4930999716803166,0,0,,0,timestamp
1928,-0.4905048608779907,1.4930999716803166,1.4930999716803166,0,0,,0,timestamp
1929,-0.07762394845485687,1.4930999716803166,1.4930999716803166,0,0,,0,timestamp
1930,-0.2314717024564743,1.4930999716803166,1.4930999716803166,0,0,,0,timestamp
1931,-0.17441844940185547,1.4930999716803166,1.4930999716803166,0,0,,0,timestamp
1932,-0.11825013160705566,1.4930999716803166,1.4930999716803166,0,0,,0,timestamp
1933,-0.13789622485637665,1.4930999716803166,1.4930999716803166,0,0,,0,timestamp
1934,-0.1181345283985138,1.4930999716803166,1.4930999716803166,0,0,,0,timestamp
1935,-0.2165319174528122,1.4930999716803166,1.4930999716803166,0,0,,0,timestamp
1936,-0.2647043466567993,1.4930999716803166,1.4930999716803166,0,0,,0,timestamp
1937,-0.1666802316904068,1.4930999716803166,1.4930999716803166,0,0,,0,timestamp
1938,-0.2865881323814392,1.4930999716803166,1.4930999716803166,0,0,,0,timestamp
1939,-0.16532374918460846,1.5008286982587755,1.5008286982587755,0,0,,0,timestamp
1940,-0.5143920183181763,1.5008286982587755,1.5008286982587755,0,0,,0,timestamp
1941,-0.14980848133563995,1.5008286982587755,1.5008286982587755,0,0,,0,timestamp
1942,-0.23276585340499878,1.5008286982587755,1.5008286982587755,0,0,,0,timestamp
1943,-0.49347084760665894,1.5008286982587755,1.5008286982587755,0,0,,0,timestamp
1944,-1.0940502882003784,1.5008286982587755,1.5008286982587755,0,0,,0,timestamp
1945,-0.4364786744117737,1.5008286982587755,1.5008286982587755,0,0,,0,timestamp
1946,-0.4424908757209778,1.5008286982587755,1.5008286982587755,0,0,,0,timestamp
1947,-0.4711802005767822,1.5008286982587755,1.5008286982587755,0,0,,0,timestamp
1948,-0.38441959023475647,1.5008286982587755,1.5008286982587755,0,0,,0,timestamp
1949,-0.3845406472682953,1.5008286982587755,1.5008286982587755,0,0,,0,timestamp
1950,-0.1854417324066162,1.5008286982587755,1.5008286982587755,0,0,,0,timestamp
1951,-0.29614728689193726,1.5008286982587755,1.5008286982587755,0,0,,0,timestamp
1952,-0.26706424355506897,1.5008286982587755,1.5008286982587755,0,0,,0,timestamp
1953,-0.2746540307998657,1.5008286982587755,1.5008286982587755,0,0,,0,timestamp
1954,-0.28747910261154175,1.5008286982587755,1.5008286982587755,0,0,,0,timestamp
1955,-0.25006523728370667,1.5008286982587755,1.5008286982587755,0,0,,0,timestamp
1956,-0.25383666157722473,1.5008286982587755,1.5008286982587755,0,0,,0,timestamp
1957,-0.2554584741592407,1.5008286982587755,1.5008286982587755,0,0,,0,timestamp
1958,-0.23886777460575104,1.5008286982587755,1.5008286982587755,0,0,,0,timestamp
1959,-1.1822065114974976,1.4901168044433546,1.4901168044433546,0,0,,0,timestamp
1960,-0.3089337646961212,1.4901168044433546,1.4901168044433546,0,0,,0,timestamp
1961,-0.22795307636260986,1.4901168044433546,1.4901168044433546,0,0,,0,timestamp
1962,-0.4651622772216797,1.4901168044433546,1.4901168044433546,0,0,,0,timestamp
1963,-0.3904809057712555,1.4901168044433546,1.4901168044433546,0,0,,0,timestamp
1964,-0.42904698848724365,1.4901168044433546,1.4901168044433546,0,0,,0,timestamp
1965,-0.4753057658672333,1.4901168044433546,1.4901168044433546,0,0,,0,timestamp
1966,-0.198821023106575,1.4901168044433546,1.4901168044433546,0,0,,0,timestamp
1967,-0.4595416188240051,1.4901168044433546,1.4901168044433546,0,0,,0,timestamp
1968,-0.14017066359519958,1.4901168044433546,1.4901168044433546,0,0,,0,timestamp
1969,-0.43902358412742615,1.4901168044433546,1.4901168044433546,0,0,,0,timestamp
1970,-0.8089098334312439,1.4901168044433546,1.4901168044433546,0,0,,0,timestamp
1971,-0.406863808631897,1.4901168044433546,1.4901168044433546,0,0,,0,timestamp
1972,-0.4385499060153961,1.4901168044433546,1.4901168044433546,0,0,,0,timestamp
1973,-0.7801653146743774,1.4901168044433546,1.4901168044433546,0,0,,0,timestamp
1974,-0.7950868606567383,1.4901168044433546,1.4901168044433546,0,0,,0,timestamp
1975,-0.4335867166519165,1.4901168044433546,1.4901168044433546,0,0,,0,timestamp
1976,-0.8032081723213196,1.4901168044433546,1.4901168044433546,0,0,,0,timestamp
1977,-0.18958880007266998,1.4901168044433546,1.4901168044433546,0,0,,0,timestamp
1978,-0.3778233230113983,1.4901168044433546,1.4901168044433546,0,0,,0,timestamp
1979,-0.37158524990081787,1.447212492172973,1.447212492172973,0,0,,0,timestamp
1980,-0.3769766390323639,1.447212492172973,1.447212492172973,0,0,,0,timestamp
1981,-0.18379256129264832,1.447212492172973,1.447212492172973,0,0,,0,timestamp
1982,-0.3731236755847931,1.447212492172973,1.447212492172973,0,0,,0,timestamp
1983,-0.4861726462841034,1.447212492172973,1.447212492172973,0,0,,0,timestamp
1984,-0.3217166066169739,1.447212492172973,1.447212492172973,0,0,,0,timestamp
1985,-0.10142968595027924,1.447212492172973,1.447212492172973,0,0,,0,timestamp
1986,-0.08651114255189896,1.447212492172973,1.447212492172973,0,0,,0,timestamp
1987,-0.08504581451416016,1.447212492172973,1.447212492172973,0,0,,0,timestamp
1988,-0.8604363203048706,1.447212492172973,1.447212492172973,0,0,,0,timestamp
1989,-1.0026957988739014,1.447212492172973,1.447212492172973,0,0,,0,timestamp
1990,-1.0145841836929321,1.447212492172973,1.447212492172973,0,0,,0,timestamp
1991,-0.9035754799842834,1.447212492172973,1.447212492172973,0,0,,0,timestamp
1992,-0.14772015810012817,1.447212492172973,1.447212492172973,0,0,,0,timestamp
1993,-0.09417831152677536,1.447212492172973,1.447212492172973,0,0,,0,timestamp
1994,-0.05760641396045685,1.447212492172973,1.447212492172973,0,0,,0,timestamp
1995,-0.06976103782653809,1.447212492172973,1.447212492172973,0,0,,0,timestamp
1996,-0.28700146079063416,1.447212492172973,1.447212492172973,0,0,,0,timestamp
1997,-0.2090224325656891,1.447212492172973,1.447212492172973,0,0,,0,timestamp
1998,-0.23457761108875275,1.447212492172973,1.447212492172973,0,0,,0,timestamp
1999,-0.3829059302806854,1.4482542853204166,1.4482542853204166,0,0,0.4728655219078064,0,timestamp
2000,-0.4023502469062805,1.4482542853204166,1.4482542853204166,0,0,,0,timestamp
2001,-0.45217031240463257,1.4482542853204166,1.4482542853204166,0,0,,0,timestamp
2002,-0.44546523690223694,1.4482542853204166,1.4482542853204166,0,0,,0,timestamp
2003,-0.45205703377723694,1.4482542853204166,1.4482542853204166,0,0,,0,timestamp
2004,-0.4547664225101471,1.4482542853204166,1.4482542853204166,0,0,,0,timestamp
2005,-0.4221227765083313,1.4482542853204166,1.4482542853204166,0,0,,0,timestamp
2006,-0.40578538179397583,1.4482542853204166,1.4482542853204166,0,0,,0,timestamp
2007,-0.7763434052467346,1.4482542853204166,1.4482542853204166,0,0,,0,timestamp
2008,-0.8961031436920166,1.4482542853204166,1.4482542853204166,0,0,,0,timestamp
2009,-0.9093279242515564,1.4482542853204166,1.4482542853204166,0,0,,0,timestamp
2010,-0.42704033851623535,1.4482542853204166,1.4482542853204166,0,0,,0,timestamp
2011,-0.18981128931045532,1.4482542853204166,1.4482542853204166,0,0,,0,timestamp
2012,-0.16937504708766937,1.4482542853204166,1.4482542853204166,0,0,,0,timestamp
2013,-0.17741084098815918,1.4482542853204166,1.4482542853204166,0,0,,0,timestamp
2014,-0.8259330987930298,1.4482542853204166,1.4482542853204166,0,0,,0,timestamp
2015,-0.8019235730171204,1.4482542853204166,1.4482542853204166,0,0,,0,timestamp
2016,-0.9074856638908386,1.4482542853204166,1.4482542853204166,0,0,,0,timestamp
2017,-0.26784253120422363,1.4482542853204166,1.4482542853204166,0,0,,0,timestamp
2018,-0.19594858586788177,1.4482542853204166,1.4482542853204166,0,0,,0,timestamp
2019,-1.117470145225525,1.4233876752610655,1.4233876752610655,0,0,,0,timestamp
2020,-0.20129546523094177,1.4233876752610655,1.4233876752610655,0,0,,0,timestamp
2021,-0.24836651980876923,1.4233876752610655,1.4233876752610655,0,0,,0,timestamp
2022,-0.16249755024909973,1.4233876752610655,1.4233876752610655,0,0,,0,timestamp
2023,-0.20641639828681946,1.4233876752610655,1.4233876752610655,0,0,,0,timestamp
2024,-0.13937245309352875,1.4233876752610655,1.4233876752610655,0,0,,0,timestamp
2025,-0.09236165881156921,1.4233876752610655,1.4233876752610655,0,0,,0,timestamp
2026,-0.09473876655101776,1.4233876752610655,1.4233876752610655,0,0,,0,timestamp
2027,-0.10948537290096283,1.4233876752610655,1.4233876752610655,0,0,,0,timestamp
2028,-0.6783664226531982,1.4233876752610655,1.4233876752610655,0,0,,0,timestamp
2029,-0.09249460697174072,1.4233876752610655,1.4233876752610655,0,0,,0,timestamp
2030,-0.6577876806259155,1.4233876752610655,1.4233876752610655,0,0,,0,timestamp
2031,-0.09606824815273285,1.4233876752610655,1.4233876752610655,0,0,,0,timestamp
2032,-0.09909006953239441,1.4233876752610655,1.4233876752610655,0,0,,0,timestamp
2033,-1.5195814371109009,1.4233876752610655,1.4233876752610655,0,0,,0,timestamp
2034,-0.09661154448986053,1.4233876752610655,1.4233876752610655,0,0,,0,timestamp
2035,-0.16679875552654266,1.4233876752610655,1.4233876752610655,0,0,,0,timestamp
2036,-0.1810993105173111,1.4233876752610655,1.4233876752610655,0,0,,0,timestamp
2037,-0.16354618966579437,1.4233876752610655,1.4233876752610655,0,0,,0,timestamp
2038,-0.16241659224033356,1.4233876752610655,1.4233876752610655,0,0,,0,timestamp
2039,-0.18364264070987701,1.4212423703267616,1.4212423703267616,0,0,,0,timestamp
2040,-0.17015902698040009,1.4212423703267616,1.4212423703267616,0,0,,0,timestamp
2041,-0.15469621121883392,1.4212423703267616,1.4212423703267616,0,0,,0,timestamp
2042,-0.1391613483428955,1.4212423703267616,1.4212423703267616,0,0,,0,timestamp
2043,-0.12455016374588013,1.4212423703267616,1.4212423703267616,0,0,,0,timestamp
2044,-0.15715618431568146,1.4212423703267616,1.4212423703267616,0,0,,0,timestamp
2045,-0.2980179488658905,1.4212423703267616,1.4212423703267616,0,0,,0,timestamp
2046,-0.27120137214660645,1.4212423703267616,1.4212423703267616,0,0,,0,timestamp
2047,-0.15537069737911224,1.4212423703267616,1.4212423703267616,0,0,,0,timestamp
2048,-0.1595953106880188,1.4212423703267616,1.4212423703267616,0,0,,0,timestamp
2049,-0.14453579485416412,1.4212423703267616,1.4212423703267616,0,0,,0,timestamp
2050,-0.5486316680908203,1.4212423703267616,1.4212423703267616,0,0,,0,timestamp
2051,-0.5406268835067749,1.4212423703267616,1.4212423703267616,0,0,,0,timestamp
2052,-0.49645301699638367,1.4212423703267616,1.4212423703267616,0,0,,0,timestamp
2053,-0.5233736634254456,1.4212423703267616,1.4212423703267616,0,0,,0,timestamp
2054,-0.09657464176416397,1.4212423703267616,1.4212423703267616,0,0,,0,timestamp
2055,-0.09451425075531006,1.4212423703267616,1.4212423703267616,0,0,,0,timestamp
2056,-0.4061000943183899,1.4212423703267616,1.4212423703267616,0,0,,0,timestamp
2057,-0.42799443006515503,1.4212423703267616,1.4212423703267616,0,0,,0,timestamp
2058,-0.12762561440467834,1.4212423703267616,1.4212423703267616,0,0,,0,timestamp
2059,-0.13865534961223602,1.4312475888291885,1.4312475888291885,0,0,,0,timestamp
2060,-0.1419695019721985,1.4312475888291885,1.4312475888291885,0,0,,0,timestamp
2061,-0.16130830347537994,1.4312475888291885,1.4312475888291885,0,0,,0,timestamp
2062,-0.588933527469635,1.4312475888291885,1.4312475888291885,0,0,,0,timestamp
2063,-0.5838091373443604,1.4312475888291885,1.4312475888291885,0,0,,0,timestamp
2064,-0.5729029774665833,1.4312475888291885,1.4312475888291885,0,0,,0,timestamp
2065,-0.5602013468742371,1.4312475888291885,1.4312475888291885,0,0,,0,timestamp
2066,-0.26218411326408386,1.4312475888291885,1.4312475888291885,0,0,,0,timestamp
2067,-0.13136765360832214,1.4312475888291885,1.4312475888291885,0,0,,0,timestamp
2068,-0.26067307591438293,1.4312475888291885,1.4312475888291885,0,0,,0,timestamp
2069,-0.09969905018806458,1.4312475888291885,1.4312475888291885,0,0,,0,timestamp
2070,-0.1173250824213028,1.4312475888291885,1.4312475888291885,0,0,,0,timestamp
2071,-0.14010950922966003,1.4312475888291885,1.4312475888291885,0,0,,0,timestamp
2072,-0.5534077286720276,1.4312475888291885,1.4312475888291885,0,0,,0,timestamp
2073,-0.2673594355583191,1.4312475888291885,1.4312475888291885,0,0,,0,timestamp
2074,-0.14230741560459137,1.4312475888291885,1.4312475888291885,0,0,,0,timestamp
2075,-0.5992581248283386,1.4312475888291885,1.4312475888291885,0,0,,0,timestamp
2076,-0.5816569924354553,1.4312475888291885,1.4312475888291885,0,0,,0,timestamp
2077,-0.15665706992149353,1.4312475888291885,1.4312475888291885,0,0,,0,timestamp
2078,-0.3210015594959259,1.4312475888291885,1.4312475888291885,0,0,,0,timestamp
2079,-0.4695824980735779,1.4412686162166357,1.4412686162166357,0,0,,0,timestamp
2080,-0.12887190282344818,1.4412686162166357,1.4412686162166357,0,0,,0,timestamp
2081,-0.45009273290634155,1.4412686162166357,1.4412686162166357,0,0,,0,timestamp
2082,-0.4656238257884979,1.4412686162166357,1.4412686162166357,0,0,,0,timestamp
2083,-0.16495347023010254,1.4412686162166357,1.4412686162166357,0,0,,0,timestamp
2084,-0.13102395832538605,1.4412686162166357,1.4412686162166357,0,0,,0,timestamp
2085,-0.9613984227180481,1.4412686162166357,1.4412686162166357,0,0,,0,timestamp
2086,-0.49616339802742004,1.4412686162166357,1.4412686162166357,0,0,,0,timestamp
2087,-0.9138784408569336,1.4412686162166357,1.4412686162166357,0,0,,0,timestamp
2088,-0.5379927754402161,1.4412686162166357,1.4412686162166357,0,0,,0,timestamp
2089,-0.1395057886838913,1.4412686162166357,1.4412686162166357,0,0,,0,timestamp
2090,-0.19190894067287445,1.4412686162166357,1.4412686162166357,0,0,,0,timestamp
2091,-0.19262292981147766,1.4412686162166357,1.4412686162166357,0,0,,0,timestamp
2092,-0.18433962762355804,1.4412686162166357,1.4412686162166357,0,0,,0,timestamp
2093,-0.3745420277118683,1.4412686162166357,1.4412686162166357,0,0,,0,timestamp
2094,-0.3818786144256592,1.4412686162166357,1.4412686162166357,0,0,,0,timestamp
2095,-0.43208059668540955,1.4412686162166357,1.4412686162166357,0,0,,0,timestamp
2096,-0.40283146500587463,1.4412686162166357,1.4412686162166357,0,0,,0,timestamp
2097,-0.08131207525730133,1.4412686162166357,1.4412686162166357,0,0,,0,timestamp
2098,-0.07874654978513718,1.4412686162166357,1.4412686162166357,0,0,,0,timestamp
2099,-0.29911893606185913,1.4386692924783038,1.4386692924783038,0,0,0.4594045877456665,0,timestamp
2100,-0.3098061680793762,1.4386692924783038,1.4386692924783038,0,0,,0,timestamp
2101,-0.3435266315937042,1.4386692924783038,1.4386692924783038,0,0,,0,timestamp
2102,-0.1873130351305008,1.4386692924783038,1.4386692924783038,0,0,,0,timestamp
2103,-0.29838860034942627,1.4386692924783038,1.4386692924783038,0,0,,0,timestamp
2104,-0.22419646382331848,1.4386692924783038,1.4386692924783038,0,0,,0,timestamp
2105,-0.18135324120521545,1.4386692924783038,1.4386692924783038,0,0,,0,timestamp
2106,-0.44041720032691956,1.4386692924783038,1.4386692924783038,0,0,,0,timestamp
2107,-0.3109865188598633,1.4386692924783038,1.4386692924783038,0,0,,0,timestamp
2108,-0.29097849130630493,1.4386692924783038,1.4386692924783038,0,0,,0,timestamp
2109,-0.16937053203582764,1.4386692924783038,1.4386692924783038,0,0,,0,timestamp
2110,-0.29599127173423767,1.4386692924783038,1.4386692924783038,0,0,,0,timestamp
2111,-0.46069586277008057,1.4386692924783038,1.4386692924783038,0,0,,0,timestamp
2112,-0.4810127317905426,1.4386692924783038,1.4386692924783038,0,0,,0,timestamp
2113,-0.31135278940200806,1.4386692924783038,1.4386692924783038,0,0,,0,timestamp
2114,-0.48941171169281006,1.4386692924783038,1.4386692924783038,0,0,,0,timestamp
2115,-0.1716715395450592,1.4386692924783038,1.4386692924783038,0,0,,0,timestamp
2116,-0.23143070936203003,1.4386692924783038,1.4386692924783038,0,0,,0,timestamp
2117,-0.1881600171327591,1.4386692924783038,1.4386692924783038,0,0,,0,timestamp
2118,-0.15366482734680176,1.4386692924783038,1.4386692924783038,0,0,,0,timestamp
2119,-0.17747297883033752,1.4344007972119635,1.4344007972119635,0,0,,0,timestamp
2120,-0.4808769226074219,1.4344007972119635,1.4344007972119635,0,0,,0,timestamp
2121,-0.4841873347759247,1.4344007972119635,1.4344007972119635,0,0,,0,timestamp
2122,-0.4326236844062805,1.4344007972119635,1.4344007972119635,0,0,,0,timestamp
2123,-0.503284752368927,1.4344007972119635,1.4344007972119635,0,0,,0,timestamp
2124,-0.1641220897436142,1.4344007972119635,1.4344007972119635,0,0,,0,timestamp
2125,-0.1401122510433197,1.4344007972119635,1.4344007972119635,0,0,,0,timestamp
2126,-0.1425485908985138,1.4344007972119635,1.4344007972119635,0,0,,0,timestamp
2127,-0.16032856702804565,1.4344007972119635,1.4344007972119635,0,0,,0,timestamp
2128,-0.21457959711551666,1.4344007972119635,1.4344007972119635,0,0,,0,timestamp
2129,-0.15439124405384064,1.4344007972119635,1.4344007972119635,0,0,,0,timestamp
2130,-0.1508338302373886,1.4344007972119635,1.4344007972119635,0,0,,0,timestamp
2131,-0.17857642471790314,1.4344007972119635,1.4344007972119635,0,0,,0,timestamp
2132,-0.102139912545681,1.4344007972119635,1.4344007972119635,0,0,,0,timestamp
2133,-0.28519099950790405,1.4344007972119635,1.4344007972119635,0,0,,0,timestamp
2134,-0.16198724508285522,1.4344007972119635,1.4344007972119635,0,0,,0,timestamp
2135,-0.16265830397605896,1.4344007972119635,1.4344007972119635,0,0,,0,timestamp
2136,-0.0946296975016594,1.4344007972119635,1.4344007972119635,0,0,,0,timestamp
2137,-0.8296446204185486,1.4344007972119635,1.4344007972119635,0,0,,0,timestamp
2138,-0.22249072790145874,1.4344007972119635,1.4344007972119635,0,0,,0,timestamp
2139,-0.2489568591117859,1.43597048374755,1.43597048374755,0,0,,0,timestamp
2140,-0.820298433303833,1.43597048374755,1.43597048374755,0,0,,0,timestamp
2141,-0.17738643288612366,1.43597048374755,1.43597048374755,0,0,,0,timestamp
2142,-0.8456447720527649,1.43597048374755,1.43597048374755,0,0,,0,timestamp
2143,-0.22344154119491577,1.43597048374755,1.43597048374755,0,0,,0,timestamp
2144,-0.16520050168037415,1.43597048374755,1.43597048374755,0,0,,0,timestamp
2145,-0.12595422565937042,1.43597048374755,1.43597048374755,0,0,,0,timestamp
2146,-0.1661069691181183,1.43597048374755,1.43597048374755,0,0,,0,timestamp
2147,-0.23785528540611267,1.43597048374755,1.43597048374755,0,0,,0,timestamp
2148,-0.15441130101680756,1.43597048374755,1.43597048374755,0,0,,0,timestamp
2149,-0.0804460421204567,1.43597048374755,1.43597048374755,0,0,,0,timestamp
2150,-0.28837379813194275,1.43597048374755,1.43597048374755,0,0,,0,timestamp
2151,-0.4272995591163635,1.43597048374755,1.43597048374755,0,0,,0,timestamp
2152,-0.4729415476322174,1.43597048374755,1.43597048374755,0,0,,0,timestamp
2153,-0.4348161220550537,1.43597048374755,1.43597048374755,0,0,,0,timestamp
2154,-0.9186065793037415,1.43597048374755,1.43597048374755,0,0,,0,timestamp
2155,-0.1603788286447525,1.43597048374755,1.43597048374755,0,0,,0,timestamp
2156,-0.14856266975402832,1.43597048374755,1.43597048374755,0,0,,0,timestamp
2157,-0.1493358463048935,1.43597048374755,1.43597048374755,0,0,,0,timestamp
2158,-0.22650855779647827,1.43597048374755,1.43597048374755,0,0,,0,timestamp
2159,-0.18388652801513672,1.4378477301524415,1.4378477301524415,0,0,,0,timestamp
2160,-0.16377900540828705,1.4378477301524415,1.4378477301524415,0,0,,0,timestamp
2161,-0.16452054679393768,1.4378477301524415,1.4378477301524415,0,0,,0,timestamp
2162,-0.20079560577869415,1.4378477301524415,1.4378477301524415,0,0,,0,timestamp
2163,-0.16035902500152588,1.4378477301524415,1.4378477301524415,0,0,,0,timestamp
2164,-0.13289874792099,1.4378477301524415,1.4378477301524415,0,0,,0,timestamp
2165,-0.3274117410182953,1.4378477301524415,1.4378477301524415,0,0,,0,timestamp
2166,-0.2835750877857208,1.4378477301524415,1.4378477301524415,0,0,,0,timestamp
2167,-0.30147403478622437,1.4378477301524415,1.4378477301524415,0,0,,0,timestamp
2168,-0.21774595975875854,1.4378477301524415,1.4378477301524415,0,0,,0,timestamp
2169,-0.43923065066337585,1.4378477301524415,1.4378477301524415,0,0,,0,timestamp
2170,-0.16715797781944275,1.4378477301524415,1.4378477301524415,0,0,,0,timestamp
2171,-0.3319643437862396,1.4378477301524415,1.4378477301524415,0,0,,0,timestamp
2172,-0.3430752456188202,1.4378477301524415,1.4378477301524415,0,0,,0,timestamp
2173,-0.16709698736667633,1.4378477301524415,1.4378477301524415,0,0,,0,timestamp
2174,-0.33933767676353455,1.4378477301524415,1.4378477301524415,0,0,,0,timestamp
2175,-0.5358560085296631,1.4378477301524415,1.4378477301524415,0,0,,0,timestamp
2176,-0.1535603255033493,1.4378477301524415,1.4378477301524415,0,0,,0,timestamp
2177,-0.5122544169425964,1.4378477301524415,1.4378477301524415,0,0,,0,timestamp
2178,-0.3361804187297821,1.4378477301524415,1.4378477301524415,0,0,,0,timestamp
2179,-0.14203223586082458,1.4378446377048104,1.4378446377048104,0,0,,0,timestamp
2180,-0.4653352200984955,1.4378446377048104,1.4378446377048104,0,0,,0,timestamp
2181,-0.48758429288864136,1.4378446377048104,1.4378446377048104,0,0,,0,timestamp
2182,-0.4579148590564728,1.4378446377048104,1.4378446377048104,0,0,,0,timestamp
2183,-0.2269408106803894,1.4378446377048104,1.4378446377048104,0,0,,0,timestamp
2184,-0.385160356760025,1.4378446377048104,1.4378446377048104,0,0,,0,timestamp
2185,-0.13898798823356628,1.4378446377048104,1.4378446377048104,0,0,,0,timestamp
2186,-0.13770899176597595,1.4378446377048104,1.4378446377048104,0,0,,0,timestamp
2187,-0.12955325841903687,1.4378446377048104,1.4378446377048104,0,0,,0,timestamp
2188,-0.15527072548866272,1.4378446377048104,1.4378446377048104,0,0,,0,timestamp
2189,-0.173903226852417,1.4378446377048104,1.4378446377048104,0,0,,0,timestamp
2190,-0.16226644814014435,1.4378446377048104,1.4378446377048104,0,0,,0,timestamp
2191,-0.17343094944953918,1.4378446377048104,1.4378446377048104,0,0,,0,timestamp
2192,-0.16974087059497833,1.4378446377048104,1.4378446377048104,0,0,,0,timestamp
2193,-0.18543922901153564,1.4378446377048104,1.4378446377048104,0,0,,0,timestamp
2194,-0.14601948857307434,1.4378446377048104,1.4378446377048104,0,0,,0,timestamp
2195,-0.15419083833694458,1.4378446377048104,1.4378446377048104,0,0,,0,timestamp
2196,-0.16506493091583252,1.4378446377048104,1.4378446377048104,0,0,,0,timestamp
2197,-0.15126755833625793,1.4378446377048104,1.4378446377048104,0,0,,0,timestamp
2198,-0.3232745826244354,1.4378446377048104,1.4378446377048104,0,0,,0,timestamp
2199,-0.3128432035446167,1.4381285058951936,1.4381285058951936,0,0,0.5390962958335876,0,timestamp
2200,-0.20863431692123413,1.4381285058951936,1.4381285058951936,0,0,,0,timestamp
2201,-0.15142574906349182,1.4381285058951936,1.4381285058951936,0,0,,0,timestamp
2202,-0.2066446989774704,1.4381285058951936,1.4381285058951936,0,0,,0,timestamp
2203,-0.20794476568698883,1.4381285058951936,1.4381285058951936,0,0,,0,timestamp
2204,-0.16298328340053558,1.4381285058951936,1.4381285058951936,0,0,,0,timestamp
2205,-0.23549635708332062,1.4381285058951936,1.4381285058951936,0,0,,0,timestamp
2206,-0.24467770755290985,1.4381285058951936,1.4381285058951936,0,0,,0,timestamp
2207,-0.3595162630081177,1.4381285058951936,1.4381285058951936,0,0,,0,timestamp
2208,-0.3176981508731842,1.4381285058951936,1.4381285058951936,0,0,,0,timestamp
2209,-0.3105544447898865,1.4381285058951936,1.4381285058951936,0,0,,0,timestamp
2210,-0.3343091905117035,1.4381285058951936,1.4381285058951936,0,0,,0,timestamp
2211,-0.09435627609491348,1.4381285058951936,1.4381285058951936,0,0,,0,timestamp
2212,-0.3192889094352722,1.4381285058951936,1.4381285058951936,0,0,,0,timestamp
2213,-0.09397444128990173,1.4381285058951936,1.4381285058951936,0,0,,0,timestamp
2214,-0.4921152889728546,1.4381285058951936,1.4381285058951936,0,0,,0,timestamp
2215,-1.0303561687469482,1.4381285058951936,1.4381285058951936,0,0,,0,timestamp
2216,-0.10568313300609589,1.4381285058951936,1.4381285058951936,0,0,,0,timestamp
2217,-0.48909834027290344,1.4381285058951936,1.4381285058951936,0,0,,0,timestamp
2218,-0.4725150167942047,1.4381285058951936,1.4381285058951936,0,0,,0,timestamp
2219,-0.9903047680854797,1.437023509665313,1.437023509665313,0,0,,0,timestamp
2220,-0.10556847602128983,1.437023509665313,1.437023509665313,0,0,,0,timestamp
2221,-0.19359606504440308,1.437023509665313,1.437023509665313,0,0,,0,timestamp
2222,-0.16927498579025269,1.437023509665313,1.437023509665313,0,0,,0,timestamp
2223,-0.956949770450592,1.437023509665313,1.437023509665313,0,0,,0,timestamp
2224,-0.191117063164711,1.437023509665313,1.437023509665313,0,0,,0,timestamp
2225,-0.45259565114974976,1.437023509665313,1.437023509665313,0,0,,0,timestamp
2226,-0.1502034217119217,1.437023509665313,1.437023509665313,0,0,,0,timestamp
2227,-0.1823161393404007,1.437023509665313,1.437023509665313,0,0,,0,timestamp
2228,-0.17609210312366486,1.437023509665313,1.437023509665313,0,0,,0,timestamp
2229,-0.19570258259773254,1.437023509665313,1.437023509665313,0,0,,0,timestamp
2230,-0.5962626934051514,1.437023509665313,1.437023509665313,0,0,,0,timestamp
2231,-0.47244131565093994,1.437023509665313,1.437023509665313,0,0,,0,timestamp
2232,-0.5676175355911255,1.437023509665313,1.437023509665313,0,0,,0,timestamp
2233,-0.48891720175743103,1.437023509665313,1.437023509665313,0,0,,0,timestamp
2234,-0.16347792744636536,1.437023509665313,1.437023509665313,0,0,,0,timestamp
2235,-0.15247350931167603,1.437023509665313,1.437023509665313,0,0,,0,timestamp
2236,-0.16225764155387878,1.437023509665313,1.437023509665313,0,0,,0,timestamp
2237,-0.41344666481018066,1.437023509665313,1.437023509665313,0,0,,0,timestamp
2238,-0.40662896633148193,1.437023509665313,1.437023509665313,0,0,,0,timestamp
2239,-0.2754499316215515,1.371089363745233,1.371089363745233,0,0,,0,timestamp
2240,-0.6528790593147278,1.371089363745233,1.371089363745233,0,0,,0,timestamp
2241,-0.6738976836204529,1.371089363745233,1.371089363745233,0,0,,0,timestamp
2242,-0.7236517667770386,1.371089363745233,1.371089363745233,0,0,,0,timestamp
2243,-0.28995177149772644,1.371089363745233,1.371089363745233,0,0,,0,timestamp
2244,-0.13635693490505219,1.371089363745233,1.371089363745233,0,0,,0,timestamp
2245,-0.10829448699951172,1.371089363745233,1.371089363745233,0,0,,0,timestamp
2246,-0.3200327157974243,1.371089363745233,1.371089363745233,0,0,,0,timestamp
2247,-0.3403211236000061,1.371089363745233,1.371089363745233,0,0,,0,timestamp
2248,-0.33415487408638,1.371089363745233,1.371089363745233,0,0,,0,timestamp
2249,-0.1018686592578888,1.371089363745233,1.371089363745233,0,0,,0,timestamp
2250,-0.1114569753408432,1.371089363745233,1.371089363745233,0,0,,0,timestamp
2251,-0.14634425938129425,1.371089363745233,1.371089363745233,0,0,,0,timestamp
2252,-0.144269198179245,1.371089363745233,1.371089363745233,0,0,,0,timestamp
2253,-0.1609571874141693,1.371089363745233,1.371089363745233,0,0,,0,timestamp
2254,-0.9875004291534424,1.371089363745233,1.371089363745233,0,0,,0,timestamp
2255,-0.9605879783630371,1.371089363745233,1.371089363745233,0,0,,0,timestamp
2256,-0.5514202117919922,1.371089363745233,1.371089363745233,0,0,,0,timestamp
2257,-0.5547418594360352,1.371089363745233,1.371089363745233,0,0,,0,timestamp
2258,-0.3693108856678009,1.371089363745233,1.371089363745233,0,0,,0,timestamp
2259,-0.18179559707641602,1.2934263886382942,1.2934263886382942,0,0,,0,timestamp
2260,-0.15976127982139587,1.2934263886382942,1.2934263886382942,0,0,,0,timestamp
2261,-0.24409708380699158,1.2934263886382942,1.2934263886382942,0,0,,0,timestamp
2262,-0.6644235849380493,1.2934263886382942,1.2934263886382942,0,0,,0,timestamp
2263,-0.9779146313667297,1.2934263886382942,1.2934263886382942,0,0,,0,timestamp
2264,-0.9485915899276733,1.2934263886382942,1.2934263886382942,0,0,,0,timestamp
2265,-0.5091558694839478,1.2934263886382942,1.2934263886382942,0,0,,0,timestamp
2266,-0.5352264046669006,1.2934263886382942,1.2934263886382942,0,0,,0,timestamp
2267,-0.4211428165435791,1.2934263886382942,1.2934263886382942,0,0,,0,timestamp
2268,-0.3357808589935303,1.2934263886382942,1.2934263886382942,0,0,,0,timestamp
2269,-0.27822259068489075,1.2934263886382942,1.2934263886382942,0,0,,0,timestamp
2270,-0.2856445014476776,1.2934263886382942,1.2934263886382942,0,0,,0,timestamp
2271,-0.3113895058631897,1.2934263886382942,1.2934263886382942,0,0,,0,timestamp
2272,-0.3016855716705322,1.2934263886382942,1.2934263886382942,0,0,,0,timestamp
2273,-0.432506263256073,1.2934263886382942,1.2934263886382942,0,0,,0,timestamp
2274,-0.4411965310573578,1.2934263886382942,1.2934263886382942,0,0,,0,timestamp
2275,-0.4080718755722046,1.2934263886382942,1.2934263886382942,0,0,,0,timestamp
2276,-0.5592953562736511,1.2934263886382942,1.2934263886382942,0,0,,0,timestamp
2277,-0.4317147731781006,1.2934263886382942,1.2934263886382942,0,0,,0,timestamp
2278,-0.31871259212493896,1.2934263886382942,1.2934263886382942,0,0,,0,timestamp
2279,-0.32795876264572144,1.1023791598583157,1.1023791598583157,0,0,,0,timestamp
2280,-0.3232029676437378,1.1023791598583157,1.1023791598583157,0,0,,0,timestamp
2281,-0.35333988070487976,1.1023791598583157,1.1023791598583157,0,0,,0,timestamp
2282,-0.31280478835105896,1.1023791598583157,1.1023791598583157,0,0,,0,timestamp
2283,-0.5972532629966736,1.1023791598583157,1.1023791598583157,0,0,,0,timestamp
2284,-0.45159912109375,1.1023791598583157,1.1023791598583157,0,0,,0,timestamp
2285,-0.2767750322818756,1.1023791598583157,1.1023791598583157,0,0,,0,timestamp
2286,-0.17970213294029236,1.1023791598583157,1.1023791598583157,0,0,,0,timestamp
2287,-0.3903186321258545,1.1023791598583157,1.1023791598583157,0,0,,0,timestamp
2288,-0.16603393852710724,1.1023791598583157,1.1023791598583157,0,0,,0,timestamp
2289,-0.4014683961868286,1.1023791598583157,1.1023791598583157,0,0,,0,timestamp
2290,-0.40208175778388977,1.1023791598583157,1.1023791598583157,0,0,,0,timestamp
2291,-0.13286654651165009,1.1023791598583157,1.1023791598583157,0,0,,0,timestamp
2292,-0.3094474673271179,1.1023791598583157,1.1023791598583157,0,0,,0,timestamp
2293,-0.20427922904491425,1.1023791598583157,1.1023791598583157,0,0,,0,timestamp
2294,-1.056386113166809,1.1023791598583157,1.1023791598583157,0,0,,0,timestamp
2295,-0.15531763434410095,1.1023791598583157,1.1023791598583157,0,0,,0,timestamp
2296,-1.0678125619888306,1.1023791598583157,1.1023791598583157,0,0,,0,timestamp
2297,-0.174535870552063,1.1023791598583157,1.1023791598583157,0,0,,0,timestamp
2298,-1.0153156518936157,1.1023791598583157,1.1023791598583157,0,0,,0,timestamp
2299,-1.1788661479949951,0.9415318391786995,0.9415318391786995,0,0,0.45886221528053284,0,timestamp
2300,-0.16850391030311584,0.9415318391786995,0.9415318391786995,0,0,,0,timestamp
2301,-0.07702422142028809,0.9415318391786995,0.9415318391786995,0,0,,0,timestamp
2302,-0.0746244341135025,0.9415318391786995,0.9415318391786995,0,0,,0,timestamp
2303,-0.13982293009757996,0.9415318391786995,0.9415318391786995,0,0,,0,timestamp
2304,-0.14058545231819153,0.9415318391786995,0.9415318391786995,0,0,,0,timestamp
2305,-0.16415134072303772,0.9415318391786995,0.9415318391786995,0,0,,0,timestamp
2306,-0.09262129664421082,0.9415318391786995,0.9415318391786995,0,0,,0,timestamp
2307,-0.2069680541753769,0.9415318391786995,0.9415318391786995,0,0,,0,timestamp
2308,-0.4359670579433441,0.9415318391786995,0.9415318391786995,0,0,,0,timestamp
2309,-0.29358506202697754,0.9415318391786995,0.9415318391786995,0,0,,0,timestamp
2310,-0.24274662137031555,0.9415318391786995,0.9415318391786995,0,0,,0,timestamp
2311,-0.29168424010276794,0.9415318391786995,0.9415318391786995,0,0,,0,timestamp
2312,-0.25654712319374084,0.9415318391786995,0.9415318391786995,0,0,,0,timestamp
2313,-0.40063029527664185,0.9415318391786995,0.9415318391786995,0,0,,0,timestamp
2314,-0.4367397427558899,0.9415318391786995,0.9415318391786995,0,0,,0,timestamp
2315,-0.41817644238471985,0.9415318391786995,0.9415318391786995,0,0,,0,timestamp
2316,-0.4104546010494232,0.9415318391786995,0.9415318391786995,0,0,,0,timestamp
2317,-0.39812007546424866,0.9415318391786995,0.9415318391786995,0,0,,0,timestamp
2318,-0.4179180860519409,0.9415318391786995,0.9415318391786995,0,0,,0,timestamp
2319,-0.3996279835700989,0.41555324054413,0.41555324054413,0,0,,0,timestamp
2320,-0.3959778845310211,0.41555324054413,0.41555324054413,0,0,,0,timestamp
2321,-0.13995657861232758,0.41555324054413,0.41555324054413,0,0,,0,timestamp
2322,-0.20927169919013977,0.41555324054413,0.41555324054413,0,0,,0,timestamp
2323,-0.2152281254529953,0.41555324054413,0.41555324054413,0,0,,0,timestamp
2324,-0.47553497552871704,0.41555324054413,0.41555324054413,0,0,,0,timestamp
2325,-0.27109840512275696,0.41555324054413,0.41555324054413,0,0,,0,timestamp
2326,-0.28547707200050354,0.41555324054413,0.41555324054413,0,0,,0,timestamp
2327,-0.9987415075302124,0.41555324054413,0.41555324054413,0,0,,0,timestamp
2328,-0.9624437689781189,0.41555324054413,0.41555324054413,0,0,,0,timestamp
2329,-1.0109729766845703,0.41555324054413,0.41555324054413,0,0,,0,timestamp
2330,-0.45271989703178406,0.41555324054413,0.41555324054413,0,0,,0,timestamp
2331,-0.4150170385837555,0.41555324054413,0.41555324054413,0,0,,0,timestamp
2332,-0.452510267496109,0.41555324054413,0.41555324054413,0,0,,0,timestamp
2333,-0.08438417315483093,0.41555324054413,0.41555324054413,0,0,,0,timestamp
2334,-0.1349598467350006,0.41555324054413,0.41555324054413,0,0,,0,timestamp
2335,-0.2860913574695587,0.41555324054413,0.41555324054413,0,0,,0,timestamp
2336,-0.3406999409198761,0.41555324054413,0.41555324054413,0,0,,0,timestamp
2337,-0.33524197340011597,0.41555324054413,0.41555324054413,0,0,,0,timestamp
2338,-0.1443203240633011,0.41555324054413,0.41555324054413,0,0,,0,timestamp
2339,-0.0865822583436966,0.37705228979756444,0.37705228979756444,0,0,,0,timestamp
2340,-0.09110404551029205,0.37705228979756444,0.37705228979756444,0,0,,0,timestamp
2341,-0.1826981008052826,0.37705228979756444,0.37705228979756444,0,0,,0,timestamp
2342,-0.14013932645320892,0.37705228979756444,0.37705228979756444,0,0,,0,timestamp
2343,-0.13253140449523926,0.37705228979756444,0.37705228979756444,0,0,,0,timestamp
2344,-0.14619091153144836,0.37705228979756444,0.37705228979756444,0,0,,0,timestamp
2345,-0.14291638135910034,0.37705228979756444,0.37705228979756444,0,0,,0,timestamp
2346,-0.19238287210464478,0.37705228979756444,0.37705228979756444,0,0,,0,timestamp
2347,-0.17813266813755035,0.37705228979756444,0.37705228979756444,0,0,,0,timestamp
2348,-0.1754891574382782,0.37705228979756444,0.37705228979756444,0,0,,0,timestamp
2349,-0.16420799493789673,0.37705228979756444,0.37705228979756444,0,0,,0,timestamp
2350,-0.15268142521381378,0.37705228979756444,0.37705228979756444,0,0,,0,timestamp
2351,-0.18391311168670654,0.37705228979756444,0.37705228979756444,0,0,,0,timestamp
2352,-0.38601481914520264,0.37705228979756444,0.37705228979756444,0,0,,0,timestamp
2353,-0.14627699553966522,0.37705228979756444,0.37705228979756444,0,0,,0,timestamp
2354,-0.14576512575149536,0.37705228979756444,0.37705228979756444,0,0,,0,timestamp
2355,-0.3820253014564514,0.37705228979756444,0.37705228979756444,0,0,,0,timestamp
2356,-0.1267123818397522,0.37705228979756444,0.37705228979756444,0,0,,0,timestamp
2357,-0.17274053394794464,0.37705228979756444,0.37705228979756444,0,0,,0,timestamp
2358,-0.2717325985431671,0.37705228979756444,0.37705228979756444,0,0,,0,timestamp
2359,-0.1655416637659073,0.38317736278804326,0.38317736278804326,0,0,,0,timestamp
2360,-0.2525540590286255,0.38317736278804326,0.38317736278804326,0,0,,0,timestamp
2361,-0.21089206635951996,0.38317736278804326,0.38317736278804326,0,0,,0,timestamp
2362,-0.2665459215641022,0.38317736278804326,0.38317736278804326,0,0,,0,timestamp
2363,-0.17483361065387726,0.38317736278804326,0.38317736278804326,0,0,,0,timestamp
2364,-0.15715591609477997,0.38317736278804326,0.38317736278804326,0,0,,0,timestamp
2365,-0.26204466819763184,0.38317736278804326,0.38317736278804326,0,0,,0,timestamp
2366,-0.15635837614536285,0.38317736278804326,0.38317736278804326,0,0,,0,timestamp
2367,-0.2688120901584625,0.38317736278804326,0.38317736278804326,0,0,,0,timestamp
2368,-0.2674279510974884,0.38317736278804326,0.38317736278804326,0,0,,0,timestamp
2369,-0.2641366124153137,0.38317736278804326,0.38317736278804326,0,0,,0,timestamp
2370,-0.1620098352432251,0.38317736278804326,0.38317736278804326,0,0,,0,timestamp
2371,-0.3291429579257965,0.38317736278804326,0.38317736278804326,0,0,,0,timestamp
2372,-0.153932586312294,0.38317736278804326,0.38317736278804326,0,0,,0,timestamp
2373,-0.22364699840545654,0.38317736278804326,0.38317736278804326,0,0,,0,timestamp
2374,-0.1842781901359558,0.38317736278804326,0.38317736278804326,0,0,,0,timestamp
2375,-0.3645731210708618,0.38317736278804326,0.38317736278804326,0,0,,0,timestamp
2376,-0.1684718132019043,0.38317736278804326,0.38317736278804326,0,0,,0,timestamp
2377,-0.36229801177978516,0.38317736278804326,0.38317736278804326,0,0,,0,timestamp
2378,-0.1732717752456665,0.38317736278804326,0.38317736278804326,0,0,,0,timestamp
2379,-0.3524934649467468,0.32820515761979163,0.32820515761979163,0,0,,0,timestamp
2380,-0.2218388319015503,0.32820515761979163,0.32820515761979163,0,0,,0,timestamp
2381,-0.17276275157928467,0.32820515761979163,0.32820515761979163,0,0,,0,timestamp
2382,-0.12151601910591125,0.32820515761979163,0.32820515761979163,0,0,,0,timestamp
2383,-0.16229629516601562,0.32820515761979163,0.32820515761979163,0,0,,0,timestamp
2384,-0.16036014258861542,0.32820515761979163,0.32820515761979163,0,0,,0,timestamp
2385,-0.552308201789856,0.32820515761979163,0.32820515761979163,0,0,,0,timestamp
2386,-0.16044238209724426,0.32820515761979163,0.32820515761979163,0,0,,0,timestamp
2387,-0.1491401195526123,0.32820515761979163,0.32820515761979163,0,0,,0,timestamp
2388,-0.1694422960281372,0.32820515761979163,0.32820515761979163,0,0,,0,timestamp
2389,-0.22096246480941772,0.32820515761979163,0.32820515761979163,0,0,,0,timestamp
2390,-0.19411486387252808,0.32820515761979163,0.32820515761979163,0,0,,0,timestamp
2391,-0.2270735800266266,0.32820515761979163,0.32820515761979163,0,0,,0,timestamp
2392,-0.09450412541627884,0.32820515761979163,0.32820515761979163,0,0,,0,timestamp
2393,-0.21616825461387634,0.32820515761979163,0.32820515761979163,0,0,,0,timestamp
2394,-0.3427163064479828,0.32820515761979163,0.32820515761979163,0,0,,0,timestamp
2395,-0.8374024033546448,0.32820515761979163,0.32820515761979163,0,0,,0,timestamp
2396,-0.8088825941085815,0.32820515761979163,0.32820515761979163,0,0,,0,timestamp
2397,-1.2659616470336914,0.32820515761979163,0.32820515761979163,0,0,,0,timestamp
2398,-1.4893836975097656,0.32820515761979163,0.32820515761979163,0,0,,0,timestamp
2399,-1.5321998596191406,0.37071540530631797,0.37071540530631797,0,0,0.381320595741272,0,timestamp
2400,-1.562570571899414,0.37071540530631797,0.37071540530631797,0,0,,0,timestamp
2401,-1.530215859413147,0.37071540530631797,0.37071540530631797,0,0,,0,timestamp
2402,-1.501490592956543,0.37071540530631797,0.37071540530631797,0,0,,0,timestamp
2403,-0.7312436103820801,0.37071540530631797,0.37071540530631797,0,0,,0,timestamp
2404,-0.8315297365188599,0.37071540530631797,0.37071540530631797,0,0,,0,timestamp
2405,-0.7975448966026306,0.37071540530631797,0.37071540530631797,0,0,,0,timestamp
2406,-1.0790776014328003,0.37071540530631797,0.37071540530631797,0,0,,0,timestamp
2407,-1.0234135389328003,0.37071540530631797,0.37071540530631797,0,0,,0,timestamp
2408,-0.9940640926361084,0.37071540530631797,0.37071540530631797,0,0,,0,timestamp
2409,-2.365079402923584,0.37071540530631797,0.37071540530631797,0,0,,0,timestamp
2410,-1.6370370388031006,0.37071540530631797,0.37071540530631797,0,0,,0,timestamp
2411,-1.2433772087097168,0.37071540530631797,0.37071540530631797,0,0,,0,timestamp
2412,-2.0159504413604736,0.37071540530631797,0.37071540530631797,0,0,,0,timestamp
2413,-0.35588836669921875,0.37071540530631797,0.37071540530631797,0,0,,0,timestamp
2414,-0.35542649030685425,0.37071540530631797,0.37071540530631797,0,0,,0,timestamp
2415,-0.3946763277053833,0.37071540530631797,0.37071540530631797,0,0,,0,timestamp
2416,-0.5856730937957764,0.37071540530631797,0.37071540530631797,0,0,,0,timestamp
2417,-0.6385927200317383,0.37071540530631797,0.37071540530631797,0,0,,0,timestamp
2418,-0.8482086062431335,0.37071540530631797,0.37071540530631797,0,0,,0,timestamp
2419,-0.7578867077827454,0.4936948641115484,0.4936948641115484,0,0,,0,timestamp
2420,-1.7523516416549683,0.4936948641115484,0.4936948641115484,0,0,,0,timestamp
2421,-1.9438283443450928,0.4936948641115484,0.4936948641115484,0,0,,0,timestamp
2422,-1.9450069665908813,0.4936948641115484,0.4936948641115484,0,0,,0,timestamp
2423,-0.6503725051879883,0.4936948641115484,0.4936948641115484,0,0,,0,timestamp
2424,-0.6046991944313049,0.4936948641115484,0.4936948641115484,0,0,,0,timestamp
2425,-0.6223130226135254,0.4936948641115484,0.4936948641115484,0,0,,0,timestamp
2426,-0.7987667322158813,0.4936948641115484,0.4936948641115484,0,0,,0,timestamp
2427,-0.7727758884429932,0.4936948641115484,0.4936948641115484,0,0,,0,timestamp
2428,-0.43241313099861145,0.4936948641115484,0.4936948641115484,0,0,,0,timestamp
2429,-0.3872496485710144,0.4936948641115484,0.4936948641115484,0,0,,0,timestamp
2430,-1.572129726409912,0.4936948641115484,0.4936948641115484,0,0,,0,timestamp
2431,-1.8654594421386719,0.4936948641115484,0.4936948641115484,0,0,,0,timestamp
2432,-1.8509737253189087,0.4936948641115484,0.4936948641115484,0,0,,0,timestamp
2433,-0.6690991520881653,0.4936948641115484,0.4936948641115484,0,0,,0,timestamp
2434,-1.0426820516586304,0.4936948641115484,0.4936948641115484,0,0,,0,timestamp
2435,-1.0780029296875,0.4936948641115484,0.4936948641115484,0,0,,0,timestamp
2436,-1.0468096733093262,0.4936948641115484,0.4936948641115484,0,0,,0,timestamp
2437,-1.3621008396148682,0.4936948641115484,0.4936948641115484,0,0,,0,timestamp
2438,-1.9862871170043945,0.4936948641115484,0.4936948641115484,0,0,,0,timestamp
2439,-0.883642315864563,0.604687294097656,0.604687294097656,0,0,,0,timestamp
2440,-1.359368920326233,0.604687294097656,0.604687294097656,0,0,,0,timestamp
2441,-1.3599904775619507,0.604687294097656,0.604687294097656,0,0,,0,timestamp
2442,-1.4543278217315674,0.604687294097656,0.604687294097656,0,0,,0,timestamp
2443,-2.032414674758911,0.604687294097656,0.604687294097656,0,0,,0,timestamp
2444,-2.226505756378174,0.604687294097656,0.604687294097656,0,0,,0,timestamp
2445,-2.1525282859802246,0.604687294097656,0.604687294097656,0,0,,0,timestamp
2446,-2.732790231704712,0.604687294097656,0.604687294097656,0,0,,0,timestamp
2447,-2.2983710765838623,0.604687294097656,0.604687294097656,0,0,,0,timestamp
2448,-2.3040027618408203,0.604687294097656,0.604687294097656,0,0,,0,timestamp
2449,-2.3663840293884277,0.604687294097656,0.604687294097656,0,0,,0,timestamp
2450,-2.131091594696045,0.604687294097656,0.604687294097656,0,0,,0,timestamp
2451,-1.9915533065795898,0.604687294097656,0.604687294097656,0,0,,0,timestamp
2452,-1.9183905124664307,0.604687294097656,0.604687294097656,0,0,,0,timestamp
2453,-2.0577616691589355,0.604687294097656,0.604687294097656,0,0,,0,timestamp
2454,-1.9857163429260254,0.604687294097656,0.604687294097656,0,0,,0,timestamp
2455,-1.649167537689209,0.604687294097656,0.604687294097656,0,0,,0,timestamp
2456,-1.5654698610305786,0.604687294097656,0.604687294097656,0,0,,0,timestamp
2457,-1.5707083940505981,0.604687294097656,0.604687294097656,0,0,,0,timestamp
2458,-1.4848426580429077,0.604687294097656,0.604687294097656,0,0,,0,timestamp
2459,-1.8731225728988647,0.8690533746523219,0.8690533746523219,0,0,,0,timestamp
2460,-1.4945929050445557,0.8690533746523219,0.8690533746523219,0,0,,0,timestamp
2461,-2.932676076889038,0.8690533746523219,0.8690533746523219,0,0,,0,timestamp
2462,-1.8300271034240723,0.8690533746523219,0.8690533746523219,0,0,,0,timestamp
2463,-2.731522560119629,0.8690533746523219,0.8690533746523219,0,0,,0,timestamp
2464,-1.948443055152893,0.8690533746523219,0.8690533746523219,0,0,,0,timestamp
2465,-2.619205951690674,0.8690533746523219,0.8690533746523219,0,0,,0,timestamp
2466,-2.7610316276550293,0.8690533746523219,0.8690533746523219,0,0,,0,timestamp
2467,-1.5494285821914673,0.8690533746523219,0.8690533746523219,0,0,,0,timestamp
2468,-1.5080732107162476,0.8690533746523219,0.8690533746523219,0,0,,0,timestamp
2469,-2.395512580871582,0.8690533746523219,0.8690533746523219,0,0,,0,timestamp
2470,-2.3642470836639404,0.8690533746523219,0.8690533746523219,0,0,,0,timestamp
2471,-0.9712579846382141,0.8690533746523219,0.8690533746523219,0,0,,0,timestamp
2472,-1.5556374788284302,0.8690533746523219,0.8690533746523219,0,0,,0,timestamp
2473,-1.6437482833862305,0.8690533746523219,0.8690533746523219,0,0,,0,timestamp
2474,-1.8553617000579834,0.8690533746523219,0.8690533746523219,0,0,,0,timestamp
2475,-1.8586103916168213,0.8690533746523219,0.8690533746523219,0,0,,0,timestamp
2476,-2.4706947803497314,0.8690533746523219,0.8690533746523219,0,0,,0,timestamp
2477,-1.8497434854507446,0.8690533746523219,0.8690533746523219,0,0,,0,timestamp
2478,-1.805332064628601,0.8690533746523219,0.8690533746523219,0,0,,0,timestamp
2479,-1.7154955863952637,1.0985444466041205,1.0985444466041205,0,0,,0,timestamp
2480,-1.863846778869629,1.0985444466041205,1.0985444466041205,0,0,,0,timestamp
2481,-1.6707662343978882,1.0985444466041205,1.0985444466041205,0,0,,0,timestamp
2482,-1.529867172241211,1.0985444466041205,1.0985444466041205,0,0,,0,timestamp
2483,-1.4556313753128052,1.0985444466041205,1.0985444466041205,0,0,,0,timestamp
2484,-1.552772045135498,1.0985444466041205,1.0985444466041205,0,0,,0,timestamp
2485,-1.198747992515564,1.0985444466041205,1.0985444466041205,0,0,,0,timestamp
2486,-0.9523613452911377,1.0985444466041205,1.0985444466041205,0,0,,0,timestamp
2487,-1.1934757232666016,1.0985444466041205,1.0985444466041205,0,0,,0,timestamp
2488,-1.4190880060195923,1.0985444466041205,1.0985444466041205,0,0,,0,timestamp
2489,-2.137716770172119,1.0985444466041205,1.0985444466041205,0,0,,0,timestamp
2490,-1.5004316568374634,1.0985444466041205,1.0985444466041205,0,0,,0,timestamp
2491,-1.5725687742233276,1.0985444466041205,1.0985444466041205,0,0,,0,timestamp
2492,-2.0545477867126465,1.0985444466041205,1.0985444466041205,0,0,,0,timestamp
2493,-2.0034027099609375,1.0985444466041205,1.0985444466041205,0,0,,0,timestamp
2494,-1.8952429294586182,1.0985444466041205,1.0985444466041205,0,0,,0,timestamp
2495,-1.9497811794281006,1.0985444466041205,1.0985444466041205,0,0,,0,timestamp
2496,-1.9180114269256592,1.0985444466041205,1.0985444466041205,0,0,,0,timestamp
2497,-2.1958634853363037,1.0985444466041205,1.0985444466041205,0,0,,0,timestamp
2498,-1.258255124092102,1.0985444466041205,1.0985444466041205,0,0,,0,timestamp
2499,-0.8567119836807251,1.1830890660281759,1.1830890660281759,0,0,0.6016010046005249,0,timestamp
2500,-0.9175348281860352,1.1830890660281759,1.1830890660281759,0,0,,0,timestamp
2501,-0.9001051187515259,1.1830890660281759,1.1830890660281759,0,0,,0,timestamp
2502,-2.1873035430908203,1.1830890660281759,1.1830890660281759,0,0,,0,timestamp
2503,-2.278348207473755,1.1830890660281759,1.1830890660281759,0,0,,0,timestamp
2504,-2.4268147945404053,1.1830890660281759,1.1830890660281759,0,0,,0,timestamp
2505,-2.4782214164733887,1.1830890660281759,1.1830890660281759,0,0,,0,timestamp
2506,-1.6793475151062012,1.1830890660281759,1.1830890660281759,0,0,,0,timestamp
2507,-1.6126161813735962,1.1830890660281759,1.1830890660281759,0,0,,0,timestamp
2508,-1.6172398328781128,1.1830890660281759,1.1830890660281759,0,0,,0,timestamp
2509,-1.7775897979736328,1.1830890660281759,1.1830890660281759,0,0,,0,timestamp
2510,-1.8381291627883911,1.1830890660281759,1.1830890660281759,0,0,,0,timestamp
2511,-2.0354321002960205,1.1830890660281759,1.1830890660281759,0,0,,0,timestamp
2512,-1.9623641967773438,1.1830890660281759,1.1830890660281759,0,0,,0,timestamp
2513,-2.06733775138855,1.1830890660281759,1.1830890660281759,0,0,,0,timestamp
2514,-1.0695254802703857,1.1830890660281759,1.1830890660281759,0,0,,0,timestamp
2515,-2.081616163253784,1.1830890660281759,1.1830890660281759,0,0,,0,timestamp
2516,-2.1342620849609375,1.1830890660281759,1.1830890660281759,0,0,,0,timestamp
2517,-1.8728001117706299,1.1830890660281759,1.1830890660281759,0,0,,0,timestamp
2518,-2.0191028118133545,1.1830890660281759,1.1830890660281759,0,0,,0,timestamp
2519,-0.46496427059173584,1.2981435900707197,1.2981435900707197,0,0,,0,timestamp
2520,-0.49804723262786865,1.2981435900707197,1.2981435900707197,0,0,,0,timestamp
2521,-0.49161988496780396,1.2981435900707197,1.2981435900707197,0,0,,0,timestamp
2522,-0.17023254930973053,1.2981435900707197,1.2981435900707197,0,0,,0,timestamp
2523,-0.28312110900878906,1.2981435900707197,1.2981435900707197,0,0,,0,timestamp
2524,-0.1533796489238739,1.2981435900707197,1.2981435900707197,0,0,,0,timestamp
2525,-0.173893541097641,1.2981435900707197,1.2981435900707197,0,0,,0,timestamp
2526,-0.1579023152589798,1.2981435900707197,1.2981435900707197,0,0,,0,timestamp
2527,-0.15405882894992828,1.2981435900707197,1.2981435900707197,0,0,,0,timestamp
2528,-0.15922948718070984,1.2981435900707197,1.2981435900707197,0,0,,0,timestamp
2529,-0.13531094789505005,1.2981435900707197,1.2981435900707197,0,0,,0,timestamp
2530,-0.12376890331506729,1.2981435900707197,1.2981435900707197,0,0,,0,timestamp
2531,-0.1585351824760437,1.2981435900707197,1.2981435900707197,0,0,,0,timestamp
2532,-0.18519796431064606,1.2981435900707197,1.2981435900707197,0,0,,0,timestamp
2533,-0.17751842737197876,1.2981435900707197,1.2981435900707197,0,0,,0,timestamp
2534,-0.17244218289852142,1.2981435900707197,1.2981435900707197,0,0,,0,timestamp
2535,-0.4434410333633423,1.2981435900707197,1.2981435900707197,0,0,,0,timestamp
2536,-0.16139419376850128,1.2981435900707197,1.2981435900707197,0,0,,0,timestamp
2537,-0.151148721575737,1.2981435900707197,1.2981435900707197,0,0,,0,timestamp
2538,-0.14735715091228485,1.2981435900707197,1.2981435900707197,0,0,,0,timestamp
2539,-0.13712918758392334,1.2941279366373353,1.2941279366373353,0,0,,0,timestamp
2540,-0.162242129445076,1.2941279366373353,1.2941279366373353,0,0,,0,timestamp
2541,-0.14462223649024963,1.2941279366373353,1.2941279366373353,0,0,,0,timestamp
2542,-0.9597667455673218,1.2941279366373353,1.2941279366373353,0,0,,0,timestamp
2543,-0.33015555143356323,1.2941279366373353,1.2941279366373353,0,0,,0,timestamp
2544,-0.18550977110862732,1.2941279366373353,1.2941279366373353,0,0,,0,timestamp
2545,-0.12086594849824905,1.2941279366373353,1.2941279366373353,0,0,,0,timestamp
2546,-0.04042544215917587,1.2941279366373353,1.2941279366373353,0,0,,0,timestamp
2547,-0.18594792485237122,1.2941279366373353,1.2941279366373353,0,0,,0,timestamp
2548,-0.04405919462442398,1.2941279366373353,1.2941279366373353,0,0,,0,timestamp
2549,-0.21278123557567596,1.2941279366373353,1.2941279366373353,0,0,,0,timestamp
2550,-1.0307602882385254,1.2941279366373353,1.2941279366373353,0,0,,0,timestamp
2551,-1.0161375999450684,1.2941279366373353,1.2941279366373353,0,0,,0,timestamp
2552,-1.0240293741226196,1.2941279366373353,1.2941279366373353,0,0,,0,timestamp
2553,-1.0393670797348022,1.2941279366373353,1.2941279366373353,0,0,,0,timestamp
2554,-1.046962022781372,1.2941279366373353,1.2941279366373353,0,0,,0,timestamp
2555,-1.0502532720565796,1.2941279366373353,1.2941279366373353,0,0,,0,timestamp
2556,-1.0282725095748901,1.2941279366373353,1.2941279366373353,0,0,,0,timestamp
2557,-0.4641684293746948,1.2941279366373353,1.2941279366373353,0,0,,0,timestamp
2558,-0.3175645172595978,1.2941279366373353,1.2941279366373353,0,0,,0,timestamp
2559,-0.33608242869377136,1.292301501674147,1.292301501674147,0,0,,0,timestamp
2560,-0.4858331084251404,1.292301501674147,1.292301501674147,0,0,,0,timestamp
2561,-0.4660862684249878,1.292301501674147,1.292301501674147,0,0,,0,timestamp
2562,-0.2613770067691803,1.292301501674147,1.292301501674147,0,0,,0,timestamp
2563,-0.30915021896362305,1.292301501674147,1.292301501674147,0,0,,0,timestamp
2564,-0.27566972374916077,1.292301501674147,1.292301501674147,0,0,,0,timestamp
2565,-0.16010043025016785,1.292301501674147,1.292301501674147,0,0,,0,timestamp
2566,-0.6906944513320923,1.292301501674147,1.292301501674147,0,0,,0,timestamp
2567,-0.6643766760826111,1.292301501674147,1.292301501674147,0,0,,0,timestamp
2568,-0.6470309495925903,1.292301501674147,1.292301501674147,0,0,,0,timestamp
2569,-0.2528907060623169,1.292301501674147,1.292301501674147,0,0,,0,timestamp
2570,-0.2570527195930481,1.292301501674147,1.292301501674147,0,0,,0,timestamp
2571,-0.14312303066253662,1.292301501674147,1.292301501674147,0,0,,0,timestamp
2572,-0.19490528106689453,1.292301501674147,1.292301501674147,0,0,,0,timestamp
2573,-0.22337646782398224,1.292301501674147,1.292301501674147,0,0,,0,timestamp
2574,-0.19214406609535217,1.292301501674147,1.292301501674147,0,0,,0,timestamp
2575,-0.17675693333148956,1.292301501674147,1.292301501674147,0,0,,0,timestamp
2576,-0.5103566646575928,1.292301501674147,1.292301501674147,0,0,,0,timestamp
2577,-0.06669808179140091,1.292301501674147,1.292301501674147,0,0,,0,timestamp
2578,-0.293090283870697,1.292301501674147,1.292301501674147,0,0,,0,timestamp
2579,-0.14298635721206665,1.2938194435182926,1.2938194435182926,0,0,,0,timestamp
2580,-0.2847514748573303,1.2938194435182926,1.2938194435182926,0,0,,0,timestamp
2581,-0.20690400898456573,1.2938194435182926,1.2938194435182926,0,0,,0,timestamp
2582,-0.30653467774391174,1.2938194435182926,1.2938194435182926,0,0,,0,timestamp
2583,-0.1475573629140854,1.2938194435182926,1.2938194435182926,0,0,,0,timestamp
2584,-0.12487191706895828,1.2938194435182926,1.2938194435182926,0,0,,0,timestamp
2585,-0.17181506752967834,1.2938194435182926,1.2938194435182926,0,0,,0,timestamp
2586,-0.13741600513458252,1.2938194435182926,1.2938194435182926,0,0,,0,timestamp
2587,-0.17068146169185638,1.2938194435182926,1.2938194435182926,0,0,,0,timestamp
2588,-0.21227425336837769,1.2938194435182926,1.2938194435182926,0,0,,0,timestamp
2589,-0.2176317572593689,1.2938194435182926,1.2938194435182926,0,0,,0,timestamp
2590,-0.15725520253181458,1.2938194435182926,1.2938194435182926,0,0,,0,timestamp
2591,-0.16631555557250977,1.2938194435182926,1.2938194435182926,0,0,,0,timestamp
2592,-0.14527438580989838,1.2938194435182926,1.2938194435182926,0,0,,0,timestamp
2593,-0.2131611704826355,1.2938194435182926,1.2938194435182926,0,0,,0,timestamp
2594,-0.8809803128242493,1.2938194435182926,1.2938194435182926,0,0,,0,timestamp
2595,-0.19392165541648865,1.2938194435182926,1.2938194435182926,0,0,,0,timestamp
2596,-0.09177598357200623,1.2938194435182926,1.2938194435182926,0,0,,0,timestamp
2597,-0.7305114269256592,1.2938194435182926,1.2938194435182926,0,0,,0,timestamp
2598,-0.13550817966461182,1.2938194435182926,1.2938194435182926,0,0,,0,timestamp
2599,-0.166738361120224,1.3092406716385545,1.3092406716385545,0,0,0.3357413709163666,0,timestamp
2600,-0.14659202098846436,1.3092406716385545,1.3092406716385545,0,0,,0,timestamp
2601,-0.15036888420581818,1.3092406716385545,1.3092406716385545,0,0,,0,timestamp
2602,-0.13679739832878113,1.3092406716385545,1.3092406716385545,0,0,,0,timestamp
2603,-0.1628039926290512,1.3092406716385545,1.3092406716385545,0,0,,0,timestamp
2604,-0.15520980954170227,1.3092406716385545,1.3092406716385545,0,0,,0,timestamp
2605,-0.16753989458084106,1.3092406716385545,1.3092406716385545,0,0,,0,timestamp
2606,-1.1336113214492798,1.3092406716385545,1.3092406716385545,0,0,,0,timestamp
2607,-0.07371066510677338,1.3092406716385545,1.3092406716385545,0,0,,0,timestamp
2608,-0.06900879740715027,1.3092406716385545,1.3092406716385545,0,0,,0,timestamp
2609,-0.18492159247398376,1.3092406716385545,1.3092406716385545,0,0,,0,timestamp
2610,-0.3388805091381073,1.3092406716385545,1.3092406716385545,0,0,,0,timestamp
2611,-0.3700405955314636,1.3092406716385545,1.3092406716385545,0,0,,0,timestamp
2612,-0.4388462007045746,1.3092406716385545,1.3092406716385545,0,1,,0,timestamp
2613,-0.4453074038028717,1.3092406716385545,1.3092406716385545,0,1,,0,timestamp
2614,-0.42659732699394226,1.3092406716385545,1.3092406716385545,0,1,,0,timestamp
2615,-0.11124897748231888,1.3092406716385545,1.3092406716385545,0,0,,0,timestamp
2616,-0.10849721729755402,1.3092406716385545,1.3092406716385545,0,0,,0,timestamp
2617,-1.0703223943710327,1.3092406716385545,1.3092406716385545,0,0,,0,timestamp
2618,-1.073601484298706,1.3092406716385545,1.3092406716385545,0,0,,0,timestamp
2619,-0.44452595710754395,1.3131979254937693,1.3131979254937693,0,0,,0,timestamp
2620,-0.0948827862739563,1.3131979254937693,1.3131979254937693,0,0,,0,timestamp
2621,-1.0882855653762817,1.3131979254937693,1.3131979254937693,0,0,,0,timestamp
2622,-1.0575013160705566,1.3131979254937693,1.3131979254937693,0,0,,0,timestamp
2623,-0.14270351827144623,1.3131979254937693,1.3131979254937693,0,0,,0,timestamp
2624,-1.0716378688812256,1.3131979254937693,1.3131979254937693,0,0,,0,timestamp
2625,-0.1959269940853119,1.3131979254937693,1.3131979254937693,0,0,,0,timestamp
2626,-0.20574966073036194,1.3131979254937693,1.3131979254937693,0,0,,0,timestamp
2627,-0.7147747278213501,1.3131979254937693,1.3131979254937693,0,0,,0,timestamp
2628,-0.21001963317394257,1.3131979254937693,1.3131979254937693,0,0,,0,timestamp
2629,-0.7292710542678833,1.3131979254937693,1.3131979254937693,0,0,,0,timestamp
2630,-0.209807351231575,1.3131979254937693,1.3131979254937693,0,0,,0,timestamp
2631,-1.2172911167144775,1.3131979254937693,1.3131979254937693,0,0,,0,timestamp
2632,-0.39615216851234436,1.3131979254937693,1.3131979254937693,0,0,,0,timestamp
2633,-1.0755128860473633,1.3131979254937693,1.3131979254937693,0,0,,0,timestamp
2634,-1.0870059728622437,1.3131979254937693,1.3131979254937693,0,0,,0,timestamp
2635,-0.16718345880508423,1.3131979254937693,1.3131979254937693,0,0,,0,timestamp
2636,-0.11299585551023483,1.3131979254937693,1.3131979254937693,0,0,,0,timestamp
2637,-0.131900817155838,1.3131979254937693,1.3131979254937693,0,0,,0,timestamp
2638,-0.1391514390707016,1.3131979254937693,1.3131979254937693,0,0,,0,timestamp
2639,-0.0985698476433754,1.3064535694329331,1.3064535694329331,0,0,,0,timestamp
2640,-0.10937788337469101,1.3064535694329331,1.3064535694329331,0,0,,0,timestamp
2641,-0.0920790508389473,1.3064535694329331,1.3064535694329331,0,0,,0,timestamp
2642,-0.10423626005649567,1.3064535694329331,1.3064535694329331,0,0,,0,timestamp
2643,-0.2953104078769684,1.3064535694329331,1.3064535694329331,0,0,,0,timestamp
2644,-0.3027362525463104,1.3064535694329331,1.3064535694329331,0,0,,0,timestamp
2645,-0.8523812890052795,1.3064535694329331,1.3064535694329331,0,0,,0,timestamp
2646,-0.5295066833496094,1.3064535694329331,1.3064535694329331,0,0,,0,timestamp
2647,-0.34519830346107483,1.3064535694329331,1.3064535694329331,0,0,,0,timestamp
2648,-0.5334420800209045,1.3064535694329331,1.3064535694329331,0,0,,0,timestamp
2649,-0.19277478754520416,1.3064535694329331,1.3064535694329331,0,0,,0,timestamp
2650,-0.5234090089797974,1.3064535694329331,1.3064535694329331,0,0,,0,timestamp
2651,-0.1735527515411377,1.3064535694329331,1.3064535694329331,0,0,,0,timestamp
2652,-0.14968542754650116,1.3064535694329331,1.3064535694329331,0,0,,0,timestamp
2653,-0.19147604703903198,1.3064535694329331,1.3064535694329331,0,0,,0,timestamp
2654,-0.15037505328655243,1.3064535694329331,1.3064535694329331,0,0,,0,timestamp
2655,-0.17355048656463623,1.3064535694329331,1.3064535694329331,0,0,,0,timestamp
2656,-0.2676474452018738,1.3064535694329331,1.3064535694329331,0,0,,0,timestamp
2657,-0.14583443105220795,1.3064535694329331,1.3064535694329331,0,0,,0,timestamp
2658,-0.2644401788711548,1.3064535694329331,1.3064535694329331,0,0,,0,timestamp
2659,-0.1950562447309494,1.3108880356019643,1.3108880356019643,0,0,,0,timestamp
2660,-0.1548866182565689,1.3108880356019643,1.3108880356019643,0,0,,0,timestamp
2661,-0.17190521955490112,1.3108880356019643,1.3108880356019643,0,0,,0,timestamp
2662,-0.125506192445755,1.3108880356019643,1.3108880356019643,0,0,,0,timestamp
2663,-0.17080435156822205,1.3108880356019643,1.3108880356019643,0,0,,0,timestamp
2664,-0.17182494699954987,1.3108880356019643,1.3108880356019643,0,0,,0,timestamp
2665,-0.12936833500862122,1.3108880356019643,1.3108880356019643,0,0,,0,timestamp
2666,-0.3745313584804535,1.3108880356019643,1.3108880356019643,0,0,,0,timestamp
2667,-0.5417865514755249,1.3108880356019643,1.3108880356019643,0,0,,0,timestamp
2668,-0.5222310423851013,1.3108880356019643,1.3108880356019643,0,0,,0,timestamp
2669,-0.6513506770133972,1.3108880356019643,1.3108880356019643,0,0,,0,timestamp
2670,-0.7614859938621521,1.3108880356019643,1.3108880356019643,0,0,,0,timestamp
2671,-0.24766770005226135,1.3108880356019643,1.3108880356019643,0,0,,0,timestamp
2672,-0.14621742069721222,1.3108880356019643,1.3108880356019643,0,0,,0,timestamp
2673,-0.7374658584594727,1.3108880356019643,1.3108880356019643,0,0,,0,timestamp
2674,-0.23445576429367065,1.3108880356019643,1.3108880356019643,0,0,,0,timestamp
2675,-0.14610782265663147,1.3108880356019643,1.3108880356019643,0,0,,0,timestamp
2676,-0.6162624359130859,1.3108880356019643,1.3108880356019643,0,0,,0,timestamp
2677,-0.7318917512893677,1.3108880356019643,1.3108880356019643,0,0,,0,timestamp
2678,-0.71502685546875,1.3108880356019643,1.3108880356019643,0,0,,0,timestamp
2679,-0.7214799523353577,1.301097538911386,1.301097538911386,0,0,,0,timestamp
2680,-0.7171925902366638,1.301097538911386,1.301097538911386,0,0,,0,timestamp
2681,-0.16515667736530304,1.301097538911386,1.301097538911386,0,0,,0,timestamp
2682,-0.1165415421128273,1.301097538911386,1.301097538911386,0,0,,0,timestamp
2683,-0.3226604759693146,1.301097538911386,1.301097538911386,0,0,,0,timestamp
2684,-0.3260903060436249,1.301097538911386,1.301097538911386,0,0,,0,timestamp
2685,-0.29161179065704346,1.301097538911386,1.301097538911386,0,0,,0,timestamp
2686,-0.29174360632896423,1.301097538911386,1.301097538911386,0,0,,0,timestamp
2687,-0.7030285000801086,1.301097538911386,1.301097538911386,0,0,,0,timestamp
2688,-0.15512484312057495,1.301097538911386,1.301097538911386,0,0,,0,timestamp
2689,-0.16466160118579865,1.301097538911386,1.301097538911386,0,0,,0,timestamp
2690,-0.1975555717945099,1.301097538911386,1.301097538911386,0,0,,0,timestamp
2691,-0.19521988928318024,1.301097538911386,1.301097538911386,0,0,,0,timestamp
2692,-0.19295436143875122,1.301097538911386,1.301097538911386,0,0,,0,timestamp
2693,-0.16305196285247803,1.301097538911386,1.301097538911386,0,0,,0,timestamp
2694,-0.1894305944442749,1.301097538911386,1.301097538911386,0,0,,0,timestamp
2695,-0.17105597257614136,1.301097538911386,1.301097538911386,0,0,,0,timestamp
2696,-0.14353185892105103,1.301097538911386,1.301097538911386,0,0,,0,timestamp
2697,-0.1276979297399521,1.301097538911386,1.301097538911386,0,0,,0,timestamp
2698,-0.143973708152771,1.301097538911386,1.301097538911386,0,0,,0,timestamp
2699,-0.1470623016357422,1.3055595212148523,1.3055595212148523,0,0,0.4497939646244049,0,timestamp
2700,-0.5073933005332947,1.3055595212148523,1.3055595212148523,0,0,,0,timestamp
2701,-0.4629723131656647,1.3055595212148523,1.3055595212148523,0,0,,0,timestamp
2702,-0.4995584785938263,1.3055595212148523,1.3055595212148523,0,0,,0,timestamp
2703,-0.5346081256866455,1.3055595212148523,1.3055595212148523,0,0,,0,timestamp
2704,-0.3764694631099701,1.3055595212148523,1.3055595212148523,0,0,,0,timestamp
2705,-0.3044247329235077,1.3055595212148523,1.3055595212148523,0,0,,0,timestamp
2706,-0.11488527804613113,1.3055595212148523,1.3055595212148523,0,0,,0,timestamp
2707,-0.11336740106344223,1.3055595212148523,1.3055595212148523,0,0,,0,timestamp
2708,-0.12517011165618896,1.3055595212148523,1.3055595212148523,0,0,,0,timestamp
2709,-0.11227201670408249,1.3055595212148523,1.3055595212148523,0,0,,0,timestamp
2710,-0.1163608729839325,1.3055595212148523,1.3055595212148523,0,0,,0,timestamp
2711,-0.3082733452320099,1.3055595212148523,1.3055595212148523,0,0,,0,timestamp
2712,-0.08773224800825119,1.3055595212148523,1.3055595212148523,0,0,,0,timestamp
2713,-0.10507111996412277,1.3055595212148523,1.3055595212148523,0,0,,0,timestamp
2714,-0.8439319133758545,1.3055595212148523,1.3055595212148523,0,0,,0,timestamp
2715,-0.47757595777511597,1.3055595212148523,1.3055595212148523,0,0,,0,timestamp
2716,-0.46864616870880127,1.3055595212148523,1.3055595212148523,0,0,,0,timestamp
2717,-0.6322317719459534,1.3055595212148523,1.3055595212148523,0,0,,0,timestamp
2718,-0.15846890211105347,1.3055595212148523,1.3055595212148523,0,0,,0,timestamp
2719,-0.28680530190467834,1.295983291946428,1.295983291946428,0,0,,0,timestamp
2720,-0.28147760033607483,1.295983291946428,1.295983291946428,0,0,,0,timestamp
2721,-0.27785345911979675,1.295983291946428,1.295983291946428,0,0,,0,timestamp
2722,-0.104628786444664,1.295983291946428,1.295983291946428,0,0,,0,timestamp
2723,-0.49753305315971375,1.295983291946428,1.295983291946428,0,0,,0,timestamp
2724,-0.16010186076164246,1.295983291946428,1.295983291946428,0,0,,0,timestamp
2725,-0.4531891644001007,1.295983291946428,1.295983291946428,0,0,,0,timestamp
2726,-0.34199273586273193,1.295983291946428,1.295983291946428,0,0,,0,timestamp
2727,-0.3605196177959442,1.295983291946428,1.295983291946428,0,0,,0,timestamp
2728,-0.18811719119548798,1.295983291946428,1.295983291946428,0,0,,0,timestamp
2729,-0.1864844411611557,1.295983291946428,1.295983291946428,0,0,,0,timestamp
2730,-0.20973680913448334,1.295983291946428,1.295983291946428,0,0,,0,timestamp
2731,-0.19864290952682495,1.295983291946428,1.295983291946428,0,0,,0,timestamp
2732,-0.37201565504074097,1.295983291946428,1.295983291946428,0,0,,0,timestamp
2733,-0.3890448212623596,1.295983291946428,1.295983291946428,0,0,,0,timestamp
2734,-0.3840123414993286,1.295983291946428,1.295983291946428,0,0,,0,timestamp
2735,-0.5748414993286133,1.295983291946428,1.295983291946428,0,0,,0,timestamp
2736,-0.39150726795196533,1.295983291946428,1.295983291946428,0,0,,0,timestamp
2737,-0.5851742625236511,1.295983291946428,1.295983291946428,0,0,,0,timestamp
2738,-0.11014539003372192,1.295983291946428,1.295983291946428,0,0,,0,timestamp
2739,-0.1159745454788208,1.2942873990634838,1.2942873990634838,0,0,,0,timestamp
2740,-0.13659991323947906,1.2942873990634838,1.2942873990634838,0,0,,0,timestamp
2741,-0.14952600002288818,1.2942873990634838,1.2942873990634838,0,0,,0,timestamp
2742,-0.14806266129016876,1.2942873990634838,1.2942873990634838,0,0,,0,timestamp
2743,-0.16666699945926666,1.2942873990634838,1.2942873990634838,0,0,,0,timestamp
2744,-0.1483514904975891,1.2942873990634838,1.2942873990634838,0,0,,0,timestamp
2745,-0.36070287227630615,1.2942873990634838,1.2942873990634838,0,0,,0,timestamp
2746,-0.15227378904819489,1.2942873990634838,1.2942873990634838,0,0,,0,timestamp
2747,-0.123038150370121,1.2942873990634838,1.2942873990634838,0,0,,0,timestamp
2748,-0.18552027642726898,1.2942873990634838,1.2942873990634838,0,0,,0,timestamp
2749,-0.4841219186782837,1.2942873990634838,1.2942873990634838,0,0,,0,timestamp
2750,-0.12631678581237793,1.2942873990634838,1.2942873990634838,0,0,,0,timestamp
2751,-0.10826843976974487,1.2942873990634838,1.2942873990634838,0,0,,0,timestamp
2752,-0.6571199893951416,1.2942873990634838,1.2942873990634838,0,0,,0,timestamp
2753,-0.6417438387870789,1.2942873990634838,1.2942873990634838,0,0,,0,timestamp
2754,-0.6059069633483887,1.2942873990634838,1.2942873990634838,0,0,,0,timestamp
2755,-0.6381973624229431,1.2942873990634838,1.2942873990634838,0,0,,0,timestamp
2756,-0.17644141614437103,1.2942873990634838,1.2942873990634838,0,0,,0,timestamp
2757,-0.12515485286712646,1.2942873990634838,1.2942873990634838,0,0,,0,timestamp
2758,-0.518149733543396,1.2942873990634838,1.2942873990634838,0,0,,0,timestamp
2759,-0.8431597352027893,1.2965189631023466,1.2965189631023466,0,0,,0,timestamp
2760,-0.8148242235183716,1.2965189631023466,1.2965189631023466,0,0,,0,timestamp
2761,-0.1385783851146698,1.2965189631023466,1.2965189631023466,0,0,,0,timestamp
2762,-0.116536945104599,1.2965189631023466,1.2965189631023466,0,0,,0,timestamp
2763,-0.1348382830619812,1.2965189631023466,1.2965189631023466,0,0,,0,timestamp
2764,-0.21380898356437683,1.2965189631023466,1.2965189631023466,0,0,,0,timestamp
2765,-0.133525550365448,1.2965189631023466,1.2965189631023466,0,0,,0,timestamp
2766,-0.24593190848827362,1.2965189631023466,1.2965189631023466,0,0,,0,timestamp
2767,-0.5842905640602112,1.2965189631023466,1.2965189631023466,0,0,,0,timestamp
2768,-0.07759284973144531,1.2965189631023466,1.2965189631023466,0,0,,0,timestamp
2769,-0.5527664422988892,1.2965189631023466,1.2965189631023466,0,0,,0,timestamp
2770,-0.12004908919334412,1.2965189631023466,1.2965189631023466,0,0,,0,timestamp
2771,-0.557464599609375,1.2965189631023466,1.2965189631023466,0,0,,0,timestamp
2772,-0.11980569362640381,1.2965189631023466,1.2965189631023466,0,0,,0,timestamp
2773,-0.5975396633148193,1.2965189631023466,1.2965189631023466,0,0,,0,timestamp
2774,-0.11587870121002197,1.2965189631023466,1.2965189631023466,0,0,,0,timestamp
2775,-0.11682004481554031,1.2965189631023466,1.2965189631023466,0,0,,0,timestamp
2776,-0.11455775052309036,1.2965189631023466,1.2965189631023466,0,0,,0,timestamp
2777,-0.12307113409042358,1.2965189631023466,1.2965189631023466,0,0,,0,timestamp
2778,-0.3061673641204834,1.2965189631023466,1.2965189631023466,0,0,,0,timestamp
2779,-0.8837865591049194,1.3163564059994322,1.3163564059994322,0,0,,0,timestamp
2780,-0.9184024333953857,1.3163564059994322,1.3163564059994322,0,0,,0,timestamp
2781,-1.0230021476745605,1.3163564059994322,1.3163564059994322,0,0,,0,timestamp
2782,-1.0622552633285522,1.3163564059994322,1.3163564059994322,0,0,,0,timestamp
2783,-1.123491644859314,1.3163564059994322,1.3163564059994322,0,0,,0,timestamp
2784,-0.25857043266296387,1.3163564059994322,1.3163564059994322,0,0,,0,timestamp
2785,-0.18983367085456848,1.3163564059994322,1.3163564059994322,0,0,,0,timestamp
2786,-0.1918332725763321,1.3163564059994322,1.3163564059994322,0,0,,0,timestamp
2787,-0.16446523368358612,1.3163564059994322,1.3163564059994322,0,0,,0,timestamp
2788,-0.6213600039482117,1.3163564059994322,1.3163564059994322,0,0,,0,timestamp
2789,-0.1523635983467102,1.3163564059994322,1.3163564059994322,0,0,,0,timestamp
2790,-1.0820353031158447,1.3163564059994322,1.3163564059994322,0,0,,0,timestamp
2791,-0.5036779046058655,1.3163564059994322,1.3163564059994322,0,0,,0,timestamp
2792,-1.073380947113037,1.3163564059994322,1.3163564059994322,0,0,,0,timestamp
2793,-0.448638379573822,1.3163564059994322,1.3163564059994322,0,0,,0,timestamp
2794,-0.5862655639648438,1.3163564059994322,1.3163564059994322,0,0,,0,timestamp
2795,-0.4948039948940277,1.3163564059994322,1.3163564059994322,0,0,,0,timestamp
2796,-1.0581170320510864,1.3163564059994322,1.3163564059994322,0,0,,0,timestamp
2797,-0.43988171219825745,1.3163564059994322,1.3163564059994322,0,0,,0,timestamp
2798,-0.11791562288999557,1.3163564059994322,1.3163564059994322,0,0,,0,timestamp
2799,-0.10438285768032074,1.3093534353271206,1.3093534353271206,0,0,0.5917446613311768,0,timestamp
2800,-0.20569027960300446,1.3093534353271206,1.3093534353271206,0,0,,0,timestamp
2801,-0.44969528913497925,1.3093534353271206,1.3093534353271206,0,0,,0,timestamp
2802,-0.17267754673957825,1.3093534353271206,1.3093534353271206,0,0,,0,timestamp
2803,-0.1942845582962036,1.3093534353271206,1.3093534353271206,0,0,,0,timestamp
2804,-0.29640427231788635,1.3093534353271206,1.3093534353271206,0,0,,0,timestamp
2805,-0.19675807654857635,1.3093534353271206,1.3093534353271206,0,0,,0,timestamp
2806,-0.30229613184928894,1.3093534353271206,1.3093534353271206,0,0,,0,timestamp
2807,-0.12168733030557632,1.3093534353271206,1.3093534353271206,0,0,,0,timestamp
2808,-0.6507304310798645,1.3093534353271206,1.3093534353271206,0,0,,0,timestamp
2809,-0.6308299899101257,1.3093534353271206,1.3093534353271206,0,0,,0,timestamp
2810,-0.11464750021696091,1.3093534353271206,1.3093534353271206,0,0,,0,timestamp
2811,-0.12267979979515076,1.3093534353271206,1.3093534353271206,0,0,,0,timestamp
2812,-0.6176969408988953,1.3093534353271206,1.3093534353271206,0,0,,0,timestamp
2813,-0.14231762290000916,1.3093534353271206,1.3093534353271206,0,0,,0,timestamp
2814,-0.19343210756778717,1.3093534353271206,1.3093534353271206,0,0,,0,timestamp
2815,-0.1328887939453125,1.3093534353271206,1.3093534353271206,0,0,,0,timestamp
2816,-0.08152125775814056,1.3093534353271206,1.3093534353271206,0,0,,0,timestamp
2817,-0.15035071969032288,1.3093534353271206,1.3093534353271206,0,0,,0,timestamp
2818,-0.13126495480537415,1.3093534353271206,1.3093534353271206,0,0,,0,timestamp
2819,-0.15360088646411896,1.3178950329054455,1.3178950329054455,0,0,,0,timestamp
2820,-0.6531230807304382,1.3178950329054455,1.3178950329054455,0,0,,0,timestamp
2821,-0.6468631029129028,1.3178950329054455,1.3178950329054455,0,0,,0,timestamp
2822,-0.14047011733055115,1.3178950329054455,1.3178950329054455,0,0,,0,timestamp
2823,-0.14332646131515503,1.3178950329054455,1.3178950329054455,0,0,,0,timestamp
2824,-0.14169596135616302,1.3178950329054455,1.3178950329054455,0,0,,0,timestamp
2825,-0.14003929495811462,1.3178950329054455,1.3178950329054455,0,0,,0,timestamp
2826,-0.11759595572948456,1.3178950329054455,1.3178950329054455,0,0,,0,timestamp
2827,-0.14472582936286926,1.3178950329054455,1.3178950329054455,0,0,,0,timestamp
2828,-0.14718322455883026,1.3178950329054455,1.3178950329054455,0,0,,0,timestamp
2829,-0.12513324618339539,1.3178950329054455,1.3178950329054455,0,0,,0,timestamp
2830,-0.10271701961755753,1.3178950329054455,1.3178950329054455,0,0,,0,timestamp
2831,-0.140534445643425,1.3178950329054455,1.3178950329054455,0,0,,0,timestamp
2832,-0.12441466003656387,1.3178950329054455,1.3178950329054455,0,0,,0,timestamp
2833,-0.1137155294418335,1.3178950329054455,1.3178950329054455,0,0,,0,timestamp
2834,-0.618828535079956,1.3178950329054455,1.3178950329054455,0,0,,0,timestamp
2835,-0.15357808768749237,1.3178950329054455,1.3178950329054455,0,0,,0,timestamp
2836,-0.13153356313705444,1.3178950329054455,1.3178950329054455,0,0,,0,timestamp
2837,-0.1321072280406952,1.3178950329054455,1.3178950329054455,0,0,,0,timestamp
2838,-0.128106951713562,1.3178950329054455,1.3178950329054455,0,0,,0,timestamp
2839,-0.6361156702041626,1.3483341200939785,1.3483341200939785,0,0,,0,timestamp
2840,-0.1366182416677475,1.3483341200939785,1.3483341200939785,0,0,,0,timestamp
2841,-0.13263195753097534,1.3483341200939785,1.3483341200939785,0,0,,0,timestamp
2842,-0.25059154629707336,1.3483341200939785,1.3483341200939785,0,0,,0,timestamp
2843,-0.27446433901786804,1.3483341200939785,1.3483341200939785,0,0,,0,timestamp
2844,-0.2787652015686035,1.3483341200939785,1.3483341200939785,0,0,,0,timestamp
2845,-0.494768887758255,1.3483341200939785,1.3483341200939785,0,0,,0,timestamp
2846,-0.23152491450309753,1.3483341200939785,1.3483341200939785,0,0,,0,timestamp
2847,-0.15899989008903503,1.3483341200939785,1.3483341200939785,0,0,,0,timestamp
2848,-0.1586751639842987,1.3483341200939785,1.3483341200939785,0,0,,0,timestamp
2849,-0.8058361411094666,1.3483341200939785,1.3483341200939785,0,0,,0,timestamp
2850,-0.7211484909057617,1.3483341200939785,1.3483341200939785,0,0,,0,timestamp
2851,-0.7321828007698059,1.3483341200939785,1.3483341200939785,0,0,,0,timestamp
2852,-0.17906714975833893,1.3483341200939785,1.3483341200939785,0,0,,0,timestamp
2853,-0.1778024137020111,1.3483341200939785,1.3483341200939785,0,0,,0,timestamp
2854,-0.17753086984157562,1.3483341200939785,1.3483341200939785,0,0,,0,timestamp
2855,-0.2376200407743454,1.3483341200939785,1.3483341200939785,0,0,,0,timestamp
2856,-0.2309093326330185,1.3483341200939785,1.3483341200939785,0,0,,0,timestamp
2857,-0.1871761679649353,1.3483341200939785,1.3483341200939785,0,0,,0,timestamp
2858,-0.25827595591545105,1.3483341200939785,1.3483341200939785,0,0,,0,timestamp
2859,-0.25299763679504395,1.3419866490938985,1.3419866490938985,0,0,,0,timestamp
2860,-0.40450990200042725,1.3419866490938985,1.3419866490938985,0,0,,0,timestamp
2861,-0.18343806266784668,1.3419866490938985,1.3419866490938985,0,0,,0,timestamp
2862,-0.4046531021595001,1.3419866490938985,1.3419866490938985,0,0,,0,timestamp
2863,-0.13604775071144104,1.3419866490938985,1.3419866490938985,0,0,,0,timestamp
2864,-0.08918548375368118,1.3419866490938985,1.3419866490938985,0,0,,0,timestamp
2865,-0.3091049790382385,1.3419866490938985,1.3419866490938985,0,0,,0,timestamp
2866,-0.1633332222700119,1.3419866490938985,1.3419866490938985,0,0,,0,timestamp
2867,-0.38163915276527405,1.3419866490938985,1.3419866490938985,0,0,,0,timestamp
2868,-0.16651679575443268,1.3419866490938985,1.3419866490938985,0,0,,0,timestamp
2869,-0.16710610687732697,1.3419866490938985,1.3419866490938985,0,0,,0,timestamp
2870,-0.17817021906375885,1.3419866490938985,1.3419866490938985,0,0,,0,timestamp
2871,-0.10196266323328018,1.3419866490938985,1.3419866490938985,0,0,,0,timestamp
2872,-0.14335297048091888,1.3419866490938985,1.3419866490938985,0,0,,0,timestamp
2873,-0.13424910604953766,1.3419866490938985,1.3419866490938985,0,0,,0,timestamp
2874,-0.15480095148086548,1.3419866490938985,1.3419866490938985,0,0,,0,timestamp
2875,-0.13998878002166748,1.3419866490938985,1.3419866490938985,0,0,,0,timestamp
2876,-0.28222957253456116,1.3419866490938985,1.3419866490938985,0,0,,0,timestamp
2877,-0.6039174795150757,1.3419866490938985,1.3419866490938985,0,0,,0,timestamp
2878,-0.1132570207118988,1.3419866490938985,1.3419866490938985,0,0,,0,timestamp
2879,-0.10197416692972183,1.3400218662370835,1.3400218662370835,0,0,,0,timestamp
2880,-1.2302449941635132,1.3400218662370835,1.3400218662370835,0,0,,0,timestamp
2881,-0.14992740750312805,1.3400218662370835,1.3400218662370835,0,0,,0,timestamp
2882,-0.16104082763195038,1.3400218662370835,1.3400218662370835,0,0,,0,timestamp
2883,-0.2409570962190628,1.3400218662370835,1.3400218662370835,0,0,,0,timestamp
2884,-0.23290377855300903,1.3400218662370835,1.3400218662370835,0,0,,0,timestamp
2885,-0.21976691484451294,1.3400218662370835,1.3400218662370835,0,0,,0,timestamp
2886,-0.1270761936903,1.3400218662370835,1.3400218662370835,0,0,,0,timestamp
2887,-0.11385852098464966,1.3400218662370835,1.3400218662370835,0,0,,0,timestamp
2888,-0.11504916846752167,1.3400218662370835,1.3400218662370835,0,0,,0,timestamp
2889,-1.0892395973205566,1.3400218662370835,1.3400218662370835,0,0,,0,timestamp
2890,-0.5470417737960815,1.3400218662370835,1.3400218662370835,0,0,,0,timestamp
2891,-0.2202387899160385,1.3400218662370835,1.3400218662370835,0,0,,0,timestamp
2892,-0.12092584371566772,1.3400218662370835,1.3400218662370835,0,0,,0,timestamp
2893,-0.21795079112052917,1.3400218662370835,1.3400218662370835,0,0,,0,timestamp
2894,-0.6370306611061096,1.3400218662370835,1.3400218662370835,0,0,,0,timestamp
2895,-0.6746305823326111,1.3400218662370835,1.3400218662370835,0,0,,0,timestamp
2896,-0.6624536514282227,1.3400218662370835,1.3400218662370835,0,0,,0,timestamp
2897,-0.8111349940299988,1.3400218662370835,1.3400218662370835,0,0,,0,timestamp
2898,-0.6471301317214966,1.3400218662370835,1.3400218662370835,0,0,,0,timestamp
2899,-0.9309325218200684,1.3274813585031253,1.3274813585031253,0,0,0.45559149980545044,0,timestamp
2900,-0.8026248216629028,1.3274813585031253,1.3274813585031253,0,0,,0,timestamp
2901,-0.7979352474212646,1.3274813585031253,1.3274813585031253,0,0,,0,timestamp
2902,-0.344308465719223,1.3274813585031253,1.3274813585031253,0,0,,0,timestamp
2903,-0.15028969943523407,1.3274813585031253,1.3274813585031253,0,0,,0,timestamp
2904,-0.32786357402801514,1.3274813585031253,1.3274813585031253,0,0,,0,timestamp
2905,-0.770617663860321,1.3274813585031253,1.3274813585031253,0,0,,0,timestamp
2906,-0.8157067894935608,1.3274813585031253,1.3274813585031253,0,0,,0,timestamp
2907,-0.6919430494308472,1.3274813585031253,1.3274813585031253,0,0,,0,timestamp
2908,-1.19515061378479,1.3274813585031253,1.3274813585031253,0,0,,0,timestamp
2909,-1.0339311361312866,1.3274813585031253,1.3274813585031253,0,0,,0,timestamp
2910,-0.3108024597167969,1.3274813585031253,1.3274813585031253,0,0,,0,timestamp
2911,-0.2884182929992676,1.3274813585031253,1.3274813585031253,0,0,,0,timestamp
2912,-0.34563666582107544,1.3274813585031253,1.3274813585031253,0,0,,0,timestamp
2913,-0.4056006073951721,1.3274813585031253,1.3274813585031253,0,0,,0,timestamp
2914,-0.38009268045425415,1.3274813585031253,1.3274813585031253,0,0,,0,timestamp
2915,-0.3306144177913666,1.3274813585031253,1.3274813585031253,0,0,,0,timestamp
2916,-0.2857971489429474,1.3274813585031253,1.3274813585031253,0,0,,0,timestamp
2917,-0.611329972743988,1.3274813585031253,1.3274813585031253,0,0,,0,timestamp
2918,-0.20618882775306702,1.3274813585031253,1.3274813585031253,0,0,,0,timestamp
2919,-0.2072950005531311,1.304850258206185,1.304850258206185,0,0,,0,timestamp
2920,-0.20425823330879211,1.304850258206185,1.304850258206185,0,0,,0,timestamp
2921,-0.09770432114601135,1.304850258206185,1.304850258206185,0,0,,0,timestamp
2922,-0.1334669291973114,1.304850258206185,1.304850258206185,0,0,,0,timestamp
2923,-0.18269643187522888,1.304850258206185,1.304850258206185,0,0,,0,timestamp
2924,-0.14281709492206573,1.304850258206185,1.304850258206185,0,0,,0,timestamp
2925,-0.6449560523033142,1.304850258206185,1.304850258206185,0,0,,0,timestamp
2926,-0.6618529558181763,1.304850258206185,1.304850258206185,0,0,,0,timestamp
2927,-0.30661651492118835,1.304850258206185,1.304850258206185,0,0,,0,timestamp
2928,-0.2872055172920227,1.304850258206185,1.304850258206185,0,0,,0,timestamp
2929,-0.15359629690647125,1.304850258206185,1.304850258206185,0,0,,0,timestamp
2930,-0.9434090852737427,1.304850258206185,1.304850258206185,0,0,,0,timestamp
2931,-0.1503966599702835,1.304850258206185,1.304850258206185,0,0,,0,timestamp
2932,-0.9313169121742249,1.304850258206185,1.304850258206185,0,0,,0,timestamp
2933,-0.9357677698135376,1.304850258206185,1.304850258206185,0,0,,0,timestamp
2934,-0.1502554714679718,1.304850258206185,1.304850258206185,0,0,,0,timestamp
2935,-0.4529147148132324,1.304850258206185,1.304850258206185,0,0,,0,timestamp
2936,-0.20119205117225647,1.304850258206185,1.304850258206185,0,0,,0,timestamp
2937,-0.1919323056936264,1.304850258206185,1.304850258206185,0,0,,0,timestamp
2938,-0.20835700631141663,1.304850258206185,1.304850258206185,0,0,,0,timestamp
2939,-0.4375673532485962,1.2969944224602301,1.2969944224602301,0,0,,0,timestamp
2940,-0.37089645862579346,1.2969944224602301,1.2969944224602301,0,0,,0,timestamp
2941,-0.9870243072509766,1.2969944224602301,1.2969944224602301,0,0,,0,timestamp
2942,-0.1098073422908783,1.2969944224602301,1.2969944224602301,0,0,,0,timestamp
2943,-0.19886618852615356,1.2969944224602301,1.2969944224602301,0,0,,0,timestamp
2944,-0.525140643119812,1.2969944224602301,1.2969944224602301,0,0,,0,timestamp
2945,-0.5024848580360413,1.2969944224602301,1.2969944224602301,0,0,,0,timestamp
2946,-0.5116176009178162,1.2969944224602301,1.2969944224602301,0,0,,0,timestamp
2947,-0.19726403057575226,1.2969944224602301,1.2969944224602301,0,0,,0,timestamp
2948,-0.20732226967811584,1.2969944224602301,1.2969944224602301,0,0,,0,timestamp
2949,-0.22088521718978882,1.2969944224602301,1.2969944224602301,0,0,,0,timestamp
2950,-0.1890537291765213,1.2969944224602301,1.2969944224602301,0,0,,0,timestamp
2951,-0.24726799130439758,1.2969944224602301,1.2969944224602301,0,0,,0,timestamp
2952,-0.6658838391304016,1.2969944224602301,1.2969944224602301,0,0,,0,timestamp
2953,-0.6553361415863037,1.2969944224602301,1.2969944224602301,0,0,,0,timestamp
2954,-0.30720141530036926,1.2969944224602301,1.2969944224602301,0,0,,0,timestamp
2955,-0.28912878036499023,1.2969944224602301,1.2969944224602301,0,0,,0,timestamp
2956,-0.1797310709953308,1.2969944224602301,1.2969944224602301,0,0,,0,timestamp
2957,-0.15097656846046448,1.2969944224602301,1.2969944224602301,0,0,,0,timestamp
2958,-0.18031884729862213,1.2969944224602301,1.2969944224602301,0,0,,0,timestamp
2959,-0.27973702549934387,1.1619859051787649,1.1619859051787649,0,0,,0,timestamp
2960,-0.22924166917800903,1.1619859051787649,1.1619859051787649,0,0,,0,timestamp
2961,-0.21199122071266174,1.1619859051787649,1.1619859051787649,0,0,,0,timestamp
2962,-1.082497477531433,1.1619859051787649,1.1619859051787649,0,0,,0,timestamp
2963,-1.1012803316116333,1.1619859051787649,1.1619859051787649,0,0,,0,timestamp
2964,-1.090270757675171,1.1619859051787649,1.1619859051787649,0,0,,0,timestamp
2965,-0.3005666732788086,1.1619859051787649,1.1619859051787649,0,0,,0,timestamp
2966,-0.29015207290649414,1.1619859051787649,1.1619859051787649,0,0,,0,timestamp
2967,-0.19718796014785767,1.1619859051787649,1.1619859051787649,0,0,,0,timestamp
2968,-0.17633971571922302,1.1619859051787649,1.1619859051787649,0,0,,0,timestamp
2969,-0.12577906250953674,1.1619859051787649,1.1619859051787649,0,0,,0,timestamp
2970,-0.08171825855970383,1.1619859051787649,1.1619859051787649,0,0,,0,timestamp
2971,-0.13207122683525085,1.1619859051787649,1.1619859051787649,0,0,,0,timestamp
2972,-0.2624760568141937,1.1619859051787649,1.1619859051787649,0,0,,0,timestamp
2973,-0.26789194345474243,1.1619859051787649,1.1619859051787649,0,0,,0,timestamp
2974,-0.22776728868484497,1.1619859051787649,1.1619859051787649,0,0,,0,timestamp
2975,-0.27922630310058594,1.1619859051787649,1.1619859051787649,0,0,,0,timestamp
2976,-0.24360689520835876,1.1619859051787649,1.1619859051787649,0,0,,0,timestamp
2977,-0.2222532331943512,1.1619859051787649,1.1619859051787649,0,0,,0,timestamp
2978,-0.2610558867454529,1.1619859051787649,1.1619859051787649,0,0,,0,timestamp
2979,-0.12425597757101059,0.9627141244053601,0.9627141244053601,0,0,,0,timestamp
2980,-0.15186256170272827,0.9627141244053601,0.9627141244053601,0,0,,0,timestamp
2981,-0.4327995181083679,0.9627141244053601,0.9627141244053601,0,0,,0,timestamp
2982,-0.4384855329990387,0.9627141244053601,0.9627141244053601,0,0,,0,timestamp
2983,-0.44988712668418884,0.9627141244053601,0.9627141244053601,0,0,,0,timestamp
2984,-0.41475656628608704,0.9627141244053601,0.9627141244053601,0,0,,0,timestamp
2985,-1.3189659118652344,0.9627141244053601,0.9627141244053601,0,0,,0,timestamp
2986,-0.1678255945444107,0.9627141244053601,0.9627141244053601,0,0,,0,timestamp
2987,-0.13886894285678864,0.9627141244053601,0.9627141244053601,0,0,,0,timestamp
2988,-0.14739938080310822,0.9627141244053601,0.9627141244053601,0,0,,0,timestamp
2989,-0.13164196908473969,0.9627141244053601,0.9627141244053601,0,0,,0,timestamp
2990,-0.17291049659252167,0.9627141244053601,0.9627141244053601,0,0,,0,timestamp
2991,-0.17841432988643646,0.9627141244053601,0.9627141244053601,0,0,,0,timestamp
2992,-0.1371251791715622,0.9627141244053601,0.9627141244053601,0,0,,0,timestamp
2993,-0.6778501868247986,0.9627141244053601,0.9627141244053601,0,0,,0,timestamp
2994,-0.12698444724082947,0.9627141244053601,0.9627141244053601,0,0,,0,timestamp
2995,-0.606525182723999,0.9627141244053601,0.9627141244053601,0,0,,0,timestamp
2996,-0.18677161633968353,0.9627141244053601,0.9627141244053601,0,0,,0,timestamp
2997,-0.6154336929321289,0.9627141244053601,0.9627141244053601,0,0,,0,timestamp
2998,-0.18697702884674072,0.9627141244053601,0.9627141244053601,0,0,,0,timestamp
2999,-0.1252208650112152,0.8198637719149291,0.8198637719149291,0,0,0.5055552124977112,0,timestamp
3000,-0.11126812547445297,0.8198637719149291,0.8198637719149291,0,0,,0,timestamp
3001,-0.41150131821632385,0.8198637719149291,0.8198637719149291,0,0,,0,timestamp
3002,-0.1086839884519577,0.8198637719149291,0.8198637719149291,0,0,,0,timestamp
3003,-0.5059952735900879,0.8198637719149291,0.8198637719149291,0,0,,0,timestamp
3004,-0.11623283475637436,0.8198637719149291,0.8198637719149291,0,0,,0,timestamp
3005,-0.17146189510822296,0.8198637719149291,0.8198637719149291,0,0,,0,timestamp
3006,-0.11813512444496155,0.8198637719149291,0.8198637719149291,0,0,,0,timestamp
3007,-0.17194825410842896,0.8198637719149291,0.8198637719149291,0,0,,0,timestamp
3008,-0.16746944189071655,0.8198637719149291,0.8198637719149291,0,0,,0,timestamp
3009,-0.11844570189714432,0.8198637719149291,0.8198637719149291,0,0,,0,timestamp
3010,-0.17321668565273285,0.8198637719149291,0.8198637719149291,0,0,,0,timestamp
3011,-0.17482006549835205,0.8198637719149291,0.8198637719149291,0,0,,0,timestamp
3012,-0.26454058289527893,0.8198637719149291,0.8198637719149291,0,0,,0,timestamp
3013,-0.8573746085166931,0.8198637719149291,0.8198637719149291,0,0,,0,timestamp
3014,-0.25093090534210205,0.8198637719149291,0.8198637719149291,0,0,,0,timestamp
3015,-0.8719027042388916,0.8198637719149291,0.8198637719149291,0,0,,0,timestamp
3016,-0.8666594624519348,0.8198637719149291,0.8198637719149291,0,0,,0,timestamp
3017,-0.16367292404174805,0.8198637719149291,0.8198637719149291,0,0,,0,timestamp
3018,-0.34338057041168213,0.8198637719149291,0.8198637719149291,0,0,,0,timestamp
3019,-0.1407090127468109,0.5362398713706695,0.5362398713706695,0,0,,0,timestamp
3020,-0.131377175450325,0.5362398713706695,0.5362398713706695,0,0,,0,timestamp
3021,-0.3696299195289612,0.5362398713706695,0.5362398713706695,0,0,,0,timestamp
3022,-0.9469109773635864,0.5362398713706695,0.5362398713706695,0,0,,0,timestamp
3023,-0.9556950926780701,0.5362398713706695,0.5362398713706695,0,0,,0,timestamp
3024,-1.0296658277511597,0.5362398713706695,0.5362398713706695,0,0,,0,timestamp
3025,-0.8143371343612671,0.5362398713706695,0.5362398713706695,0,0,,0,timestamp
3026,-0.16458900272846222,0.5362398713706695,0.5362398713706695,0,0,,0,timestamp
3027,-0.1399863213300705,0.5362398713706695,0.5362398713706695,0,0,,0,timestamp
3028,-0.14990516006946564,0.5362398713706695,0.5362398713706695,0,0,,0,timestamp
3029,-0.8368932008743286,0.5362398713706695,0.5362398713706695,0,0,,0,timestamp
3030,-0.18044762313365936,0.5362398713706695,0.5362398713706695,0,0,,0,timestamp
3031,-0.9127129316329956,0.5362398713706695,0.5362398713706695,0,0,,0,timestamp
3032,-0.9171580672264099,0.5362398713706695,0.5362398713706695,0,0,,0,timestamp
3033,-0.08993366360664368,0.5362398713706695,0.5362398713706695,0,0,,0,timestamp
3034,-0.08627229928970337,0.5362398713706695,0.5362398713706695,0,0,,0,timestamp
3035,-0.11040783673524857,0.5362398713706695,0.5362398713706695,0,0,,0,timestamp
3036,-0.9375832080841064,0.5362398713706695,0.5362398713706695,0,0,,0,timestamp
3037,-0.571364164352417,0.5362398713706695,0.5362398713706695,0,0,,0,timestamp
3038,-0.23110468685626984,0.5362398713706695,0.5362398713706695,0,0,,0,timestamp
3039,-0.5907668471336365,0.5112387300914679,0.5112387300914679,0,0,,0,timestamp
3040,-0.1819199025630951,0.5112387300914679,0.5112387300914679,0,0,,0,timestamp
3041,-0.203227236866951,0.5112387300914679,0.5112387300914679,0,0,,0,timestamp
3042,-1.1156620979309082,0.5112387300914679,0.5112387300914679,0,0,,0,timestamp
3043,-0.4737808406352997,0.5112387300914679,0.5112387300914679,0,0,,0,timestamp
3044,-1.115654468536377,0.5112387300914679,0.5112387300914679,0,0,,0,timestamp
3045,-1.1441619396209717,0.5112387300914679,0.5112387300914679,0,0,,0,timestamp
3046,-0.46413877606391907,0.5112387300914679,0.5112387300914679,0,0,,0,timestamp
3047,-0.524280309677124,0.5112387300914679,0.5112387300914679,0,0,,0,timestamp
3048,-0.1992868185043335,0.5112387300914679,0.5112387300914679,0,0,,0,timestamp
3049,-0.25749051570892334,0.5112387300914679,0.5112387300914679,0,0,,0,timestamp
3050,-0.26967012882232666,0.5112387300914679,0.5112387300914679,0,0,,0,timestamp
3051,-0.18679232895374298,0.5112387300914679,0.5112387300914679,0,0,,0,timestamp
3052,-0.11579878628253937,0.5112387300914679,0.5112387300914679,0,0,,0,timestamp
3053,-0.16906709969043732,0.5112387300914679,0.5112387300914679,0,0,,0,timestamp
3054,-0.1498517245054245,0.5112387300914679,0.5112387300914679,0,0,,0,timestamp
3055,-0.12323795258998871,0.5112387300914679,0.5112387300914679,0,0,,0,timestamp
3056,-0.1255117803812027,0.5112387300914679,0.5112387300914679,0,0,,0,timestamp
3057,-0.15156923234462738,0.5112387300914679,0.5112387300914679,0,0,,0,timestamp
3058,-0.23556451499462128,0.5112387300914679,0.5112387300914679,0,0,,0,timestamp
3059,-0.11943639814853668,0.49562695484040953,0.49562695484040953,0,0,,0,timestamp
3060,-0.14269493520259857,0.49562695484040953,0.49562695484040953,0,0,,0,timestamp
3061,-0.1861419975757599,0.49562695484040953,0.49562695484040953,0,0,,0,timestamp
3062,-0.33760595321655273,0.49562695484040953,0.49562695484040953,0,0,,0,timestamp
3063,-0.36084821820259094,0.49562695484040953,0.49562695484040953,0,0,,0,timestamp
3064,-0.1920059323310852,0.49562695484040953,0.49562695484040953,0,0,,0,timestamp
3065,-0.5876660346984863,0.49562695484040953,0.49562695484040953,0,0,,0,timestamp
3066,-0.6005744338035583,0.49562695484040953,0.49562695484040953,0,0,,0,timestamp
3067,-0.6470023393630981,0.49562695484040953,0.49562695484040953,0,0,,0,timestamp
3068,-0.10940857231616974,0.49562695484040953,0.49562695484040953,0,0,,0,timestamp
3069,-0.23687328398227692,0.49562695484040953,0.49562695484040953,0,0,,0,timestamp
3070,-0.5034750699996948,0.49562695484040953,0.49562695484040953,0,0,,0,timestamp
3071,-0.5018348693847656,0.49562695484040953,0.49562695484040953,0,0,,0,timestamp
3072,-0.1815681904554367,0.49562695484040953,0.49562695484040953,0,0,,0,timestamp
3073,-0.15031670033931732,0.49562695484040953,0.49562695484040953,0,0,,0,timestamp
3074,-0.15715999901294708,0.49562695484040953,0.49562695484040953,0,0,,0,timestamp
3075,-0.1679714024066925,0.49562695484040953,0.49562695484040953,0,0,,0,timestamp
3076,-0.6101662516593933,0.49562695484040953,0.49562695484040953,0,0,,0,timestamp
3077,-0.8903411030769348,0.49562695484040953,0.49562695484040953,0,0,,0,timestamp
3078,-0.12635304033756256,0.49562695484040953,0.49562695484040953,0,0,,0,timestamp
3079,-0.256053626537323,0.5021919253754344,0.5021919253754344,0,0,,0,timestamp
3080,-0.5701412558555603,0.5021919253754344,0.5021919253754344,0,0,,0,timestamp
3081,-0.18290263414382935,0.5021919253754344,0.5021919253754344,0,0,,0,timestamp
3082,-0.2249898910522461,0.5021919253754344,0.5021919253754344,0,0,,0,timestamp
3083,-0.5945935249328613,0.5021919253754344,0.5021919253754344,0,0,,0,timestamp
3084,-0.2152296006679535,0.5021919253754344,0.5021919253754344,0,0,,0,timestamp
3085,-0.27993884682655334,0.5021919253754344,0.5021919253754344,0,0,,0,timestamp
3086,-0.1614234447479248,0.5021919253754344,0.5021919253754344,0,0,,0,timestamp
3087,-0.3122766613960266,0.5021919253754344,0.5021919253754344,0,0,,0,timestamp
3088,-0.22345349192619324,0.5021919253754344,0.5021919253754344,0,0,,0,timestamp
3089,-0.30171242356300354,0.5021919253754344,0.5021919253754344,0,0,,0,timestamp
3090,-0.26967671513557434,0.5021919253754344,0.5021919253754344,0,0,,0,timestamp
3091,-0.3048498034477234,0.5021919253754344,0.5021919253754344,0,0,,0,timestamp
3092,-0.8651925921440125,0.5021919253754344,0.5021919253754344,0,0,,0,timestamp
3093,-0.8213476538658142,0.5021919253754344,0.5021919253754344,0,0,,0,timestamp
3094,-0.11970315128564835,0.5021919253754344,0.5021919253754344,0,0,,0,timestamp
3095,-0.14966851472854614,0.5021919253754344,0.5021919253754344,0,0,,0,timestamp
3096,-0.16145199537277222,0.5021919253754344,0.5021919253754344,0,0,,0,timestamp
3097,-0.12405875325202942,0.5021919253754344,0.5021919253754344,0,0,,0,timestamp
3098,-0.1214958131313324,0.5021919253754344,0.5021919253754344,0,0,,0,timestamp
3099,-0.18626967072486877,0.49743415087412823,0.49743415087412823,0,0,0.4721742272377014,0,timestamp
3100,-0.18404234945774078,0.49743415087412823,0.49743415087412823,0,0,,0,timestamp
3101,-0.11451957374811172,0.49743415087412823,0.49743415087412823,0,0,,0,timestamp
3102,-0.11430004239082336,0.49743415087412823,0.49743415087412823,0,0,,0,timestamp
3103,-0.40259307622909546,0.49743415087412823,0.49743415087412823,0,0,,0,timestamp
3104,-0.11759481579065323,0.49743415087412823,0.49743415087412823,0,0,,0,timestamp
3105,-0.3878815174102783,0.49743415087412823,0.49743415087412823,0,0,,0,timestamp
3106,-0.47003495693206787,0.49743415087412823,0.49743415087412823,0,0,,0,timestamp
3107,-0.1865999549627304,0.49743415087412823,0.49743415087412823,0,0,,0,timestamp
3108,-0.19013401865959167,0.49743415087412823,0.49743415087412823,0,0,,0,timestamp
3109,-0.2106722891330719,0.49743415087412823,0.49743415087412823,0,0,,0,timestamp
3110,-0.21325545012950897,0.49743415087412823,0.49743415087412823,0,0,,0,timestamp
3111,-0.21540959179401398,0.49743415087412823,0.49743415087412823,0,0,,0,timestamp
3112,-0.23305852711200714,0.49743415087412823,0.49743415087412823,0,0,,0,timestamp
3113,-0.6419417262077332,0.49743415087412823,0.49743415087412823,0,0,,0,timestamp
3114,-0.6726507544517517,0.49743415087412823,0.49743415087412823,0,0,,0,timestamp
3115,-0.6391251087188721,0.49743415087412823,0.49743415087412823,0,0,,0,timestamp
3116,-0.26716744899749756,0.49743415087412823,0.49743415087412823,0,0,,0,timestamp
3117,-0.2590554356575012,0.49743415087412823,0.49743415087412823,0,0,,0,timestamp
3118,-0.30101215839385986,0.49743415087412823,0.49743415087412823,0,0,,0,timestamp
3119,-0.18402744829654694,0.4762961503704133,0.4762961503704133,0,0,,0,timestamp
3120,-0.2729836106300354,0.4762961503704133,0.4762961503704133,0,0,,0,timestamp
3121,-0.183809295296669,0.4762961503704133,0.4762961503704133,0,0,,0,timestamp
3122,-0.43120166659355164,0.4762961503704133,0.4762961503704133,0,0,,0,timestamp
3123,-0.32332083582878113,0.4762961503704133,0.4762961503704133,0,0,,0,timestamp
3124,-0.3232143223285675,0.4762961503704133,0.4762961503704133,0,0,,0,timestamp
3125,-0.43843984603881836,0.4762961503704133,0.4762961503704133,0,0,,0,timestamp
3126,-0.19807176291942596,0.4762961503704133,0.4762961503704133,0,0,,0,timestamp
3127,-0.4790553152561188,0.4762961503704133,0.4762961503704133,0,0,,0,timestamp
3128,-0.46377336978912354,0.4762961503704133,0.4762961503704133,0,0,,0,timestamp
3129,-0.6541345119476318,0.4762961503704133,0.4762961503704133,0,0,,0,timestamp
3130,-0.6577810645103455,0.4762961503704133,0.4762961503704133,0,0,,0,timestamp
3131,-0.3500775992870331,0.4762961503704133,0.4762961503704133,0,0,,0,timestamp
3132,-1.0460010766983032,0.4762961503704133,0.4762961503704133,0,0,,0,timestamp
3133,-1.044595718383789,0.4762961503704133,0.4762961503704133,0,0,,0,timestamp
3134,-0.19352295994758606,0.4762961503704133,0.4762961503704133,0,0,,0,timestamp
3135,-0.19600394368171692,0.4762961503704133,0.4762961503704133,0,0,,0,timestamp
3136,-0.1984752118587494,0.4762961503704133,0.4762961503704133,0,0,,0,timestamp
3137,-0.24669857323169708,0.4762961503704133,0.4762961503704133,0,0,,0,timestamp
3138,-0.20561909675598145,0.4762961503704133,0.4762961503704133,0,0,,0,timestamp
3139,-0.26812654733657837,0.44490859170277774,0.44490859170277774,0,0,,0,timestamp
3140,-0.8003214001655579,0.44490859170277774,0.44490859170277774,0,0,,0,timestamp
3141,-0.8222171068191528,0.44490859170277774,0.44490859170277774,0,0,,0,timestamp
3142,-0.1895366609096527,0.44490859170277774,0.44490859170277774,0,0,,0,timestamp
3143,-0.8148177862167358,0.44490859170277774,0.44490859170277774,0,0,,0,timestamp
3144,-0.18107716739177704,0.44490859170277774,0.44490859170277774,0,0,,0,timestamp
3145,-0.7275609970092773,0.44490859170277774,0.44490859170277774,0,0,,0,timestamp
3146,-0.18697485327720642,0.44490859170277774,0.44490859170277774,0,0,,0,timestamp
3147,-0.13486218452453613,0.44490859170277774,0.44490859170277774,0,0,,0,timestamp
3148,-0.1267774999141693,0.44490859170277774,0.44490859170277774,0,0,,0,timestamp
3149,-0.16079062223434448,0.44490859170277774,0.44490859170277774,0,0,,0,timestamp
3150,-0.14854374527931213,0.44490859170277774,0.44490859170277774,0,0,,0,timestamp
3151,-0.12593725323677063,0.44490859170277774,0.44490859170277774,0,0,,0,timestamp
3152,-0.1346708983182907,0.44490859170277774,0.44490859170277774,0,0,,0,timestamp
3153,-0.1328801065683365,0.44490859170277774,0.44490859170277774,0,0,,0,timestamp
3154,-0.9298269152641296,0.44490859170277774,0.44490859170277774,0,0,,0,timestamp
3155,-0.9095604419708252,0.44490859170277774,0.44490859170277774,0,0,,0,timestamp
3156,-0.16677552461624146,0.44490859170277774,0.44490859170277774,0,0,,0,timestamp
3157,-0.13892871141433716,0.44490859170277774,0.44490859170277774,0,0,,0,timestamp
3158,-0.14083197712898254,0.44490859170277774,0.44490859170277774,0,0,,0,timestamp
3159,-0.1397097110748291,0.46067575864687493,0.46067575864687493,0,0,,0,timestamp
3160,-0.6875158548355103,0.46067575864687493,0.46067575864687493,0,0,,0,timestamp
3161,-1.2075610160827637,0.46067575864687493,0.46067575864687493,0,0,,0,timestamp
3162,-1.058870553970337,0.46067575864687493,0.46067575864687493,0,0,,0,timestamp
3163,-0.15179598331451416,0.46067575864687493,0.46067575864687493,0,0,,0,timestamp
3164,-0.1706080138683319,0.46067575864687493,0.46067575864687493,0,0,,0,timestamp
3165,-0.14116111397743225,0.46067575864687493,0.46067575864687493,0,0,,0,timestamp
3166,-0.11507826298475266,0.46067575864687493,0.46067575864687493,0,0,,0,timestamp
3167,-0.1630346179008484,0.46067575864687493,0.46067575864687493,0,0,,0,timestamp
3168,-0.10819444060325623,0.46067575864687493,0.46067575864687493,0,0,,0,timestamp
3169,-0.11172813177108765,0.46067575864687493,0.46067575864687493,0,0,,0,timestamp
3170,-0.16128088533878326,0.46067575864687493,0.46067575864687493,0,0,,0,timestamp
3171,-0.7993600368499756,0.46067575864687493,0.46067575864687493,0,0,,0,timestamp
3172,-0.2623177170753479,0.46067575864687493,0.46067575864687493,0,0,,0,timestamp
3173,-0.9809929728507996,0.46067575864687493,0.46067575864687493,0,0,,0,timestamp
3174,-0.9284560084342957,0.46067575864687493,0.46067575864687493,0,0,,0,timestamp
3175,-0.29228201508522034,0.46067575864687493,0.46067575864687493,0,0,,0,timestamp
3176,-0.9439281225204468,0.46067575864687493,0.46067575864687493,0,0,,0,timestamp
3177,-0.9160767793655396,0.46067575864687493,0.46067575864687493,0,0,,0,timestamp
3178,-0.8911951184272766,0.46067575864687493,0.46067575864687493,0,0,,0,timestamp
3179,-0.14789283275604248,0.4827893283425553,0.4827893283425553,0,0,,0,timestamp
3180,-0.15136933326721191,0.4827893283425553,0.4827893283425553,0,0,,0,timestamp
3181,-0.10169165581464767,0.4827893283425553,0.4827893283425553,0,0,,0,timestamp
3182,-0.9554629325866699,0.4827893283425553,0.4827893283425553,0,0,,0,timestamp
3183,-1.0439082384109497,0.4827893283425553,0.4827893283425553,0,0,,0,timestamp
3184,-1.0761500597000122,0.4827893283425553,0.4827893283425553,0,0,,0,timestamp
3185,-0.904051661491394,0.4827893283425553,0.4827893283425553,0,0,,0,timestamp
3186,-0.17840903997421265,0.4827893283425553,0.4827893283425553,0,0,,0,timestamp
3187,-0.22514893114566803,0.4827893283425553,0.4827893283425553,0,0,,0,timestamp
3188,-0.18500976264476776,0.4827893283425553,0.4827893283425553,0,0,,0,timestamp
3189,-0.2410982847213745,0.4827893283425553,0.4827893283425553,0,0,,0,timestamp
3190,-0.145567387342453,0.4827893283425553,0.4827893283425553,0,0,,0,timestamp
3191,-0.13698148727416992,0.4827893283425553,0.4827893283425553,0,0,,0,timestamp
3192,-0.15127180516719818,0.4827893283425553,0.4827893283425553,0,0,,0,timestamp
3193,-0.12865200638771057,0.4827893283425553,0.4827893283425553,0,0,,0,timestamp
3194,-0.8413930535316467,0.4827893283425553,0.4827893283425553,0,0,,0,timestamp
3195,-0.17913299798965454,0.4827893283425553,0.4827893283425553,0,0,,0,timestamp
3196,-0.8324546813964844,0.4827893283425553,0.4827893283425553,0,0,,0,timestamp
3197,-0.6487595438957214,0.4827893283425553,0.4827893283425553,0,0,,0,timestamp
3198,-0.6462809443473816,0.4827893283425553,0.4827893283425553,0,0,,0,timestamp
3199,-0.8467355966567993,0.49533392756660755,0.49533392756660755,0,0,0.5667191743850708,0,timestamp
3200,-0.6612837910652161,0.49533392756660755,0.49533392756660755,0,0,,0,timestamp
3201,-0.645889937877655,0.49533392756660755,0.49533392756660755,0,0,,0,timestamp
3202,-0.2046973705291748,0.49533392756660755,0.49533392756660755,0,0,,0,timestamp
3203,-0.20087535679340363,0.49533392756660755,0.49533392756660755,0,0,,0,timestamp
3204,-0.6855823397636414,0.49533392756660755,0.49533392756660755,0,0,,0,timestamp
3205,-0.219704270362854,0.49533392756660755,0.49533392756660755,0,0,,0,timestamp
3206,-0.6720569729804993,0.49533392756660755,0.49533392756660755,0,0,,0,timestamp
3207,-0.15251955389976501,0.49533392756660755,0.49533392756660755,0,0,,0,timestamp
3208,-1.126081943511963,0.49533392756660755,0.49533392756660755,0,1,,0,timestamp
3209,-1.064265251159668,0.49533392756660755,0.49533392756660755,0,1,,0,timestamp
3210,-0.2560763359069824,0.49533392756660755,0.49533392756660755,0,1,,0,timestamp
3211,-0.2629164159297943,0.49533392756660755,0.49533392756660755,0,1,,0,timestamp
3212,-1.0155576467514038,0.49533392756660755,0.49533392756660755,0,1,,0,timestamp
3213,-1.0425008535385132,0.49533392756660755,0.49533392756660755,0,1,,0,timestamp
3214,-0.2723451256752014,0.49533392756660755,0.49533392756660755,0,1,,0,timestamp
3215,-0.9910456538200378,0.49533392756660755,0.49533392756660755,0,1,,0,timestamp
3216,-1.0046530961990356,0.49533392756660755,0.49533392756660755,0,1,,0,timestamp
3217,-0.15477845072746277,0.49533392756660755,0.49533392756660755,0,1,,0,timestamp
3218,-0.137843057513237,0.49533392756660755,0.49533392756660755,0,1,,0,timestamp
3219,-0.5727362632751465,0.49995094367571336,0.49995094367571336,0,1,,0,timestamp
3220,-0.1133098155260086,0.49995094367571336,0.49995094367571336,0,1,,0,timestamp
3221,-0.19946953654289246,0.49995094367571336,0.49995094367571336,0,1,,0,timestamp
3222,-0.47034764289855957,0.49995094367571336,0.49995094367571336,0,1,,0,timestamp
3223,-0.10410861670970917,0.49995094367571336,0.49995094367571336,0,1,,0,timestamp
3224,-0.1973828375339508,0.49995094367571336,0.49995094367571336,0,1,,0,timestamp
3225,-0.4640587270259857,0.49995094367571336,0.49995094367571336,0,1,,0,timestamp
3226,-0.786492645740509,0.49995094367571336,0.49995094367571336,0,1,,0,timestamp
3227,-0.1914146989583969,0.49995094367571336,0.49995094367571336,0,1,,0,timestamp
3228,-0.18124200403690338,0.49995094367571336,0.49995094367571336,0,1,,0,timestamp
3229,-0.8056638240814209,0.49995094367571336,0.49995094367571336,0,1,,0,timestamp
3230,-0.857875406742096,0.49995094367571336,0.49995094367571336,0,1,,0,timestamp
3231,-0.7812522053718567,0.49995094367571336,0.49995094367571336,0,1,,0,timestamp
3232,-0.10863170772790909,0.49995094367571336,0.49995094367571336,0,1,,0,timestamp
3233,-0.4984481632709503,0.49995094367571336,0.49995094367571336,0,1,,0,timestamp
3234,-0.5075541734695435,0.49995094367571336,0.49995094367571336,0,1,,0,timestamp
3235,-0.5005001425743103,0.49995094367571336,0.49995094367571336,0,1,,0,timestamp
3236,-0.14490991830825806,0.49995094367571336,0.49995094367571336,0,1,,0,timestamp
3237,-0.13592004776000977,0.49995094367571336,0.49995094367571336,0,1,,0,timestamp
3238,-0.6071166396141052,0.49995094367571336,0.49995094367571336,0,1,,0,timestamp
3239,-0.6199992895126343,0.49995094367571336,0.49995094367571336,0,1,,0,timestamp
3240,-0.1193384975194931,0.49995094367571336,0.49995094367571336,0,1,,0,timestamp
3241,-0.1255125254392624,0.49995094367571336,0.49995094367571336,0,1,,0,timestamp
3242,-0.11522436141967773,0.49995094367571336,0.49995094367571336,0,1,,0,timestamp
3243,-0.1248021274805069,0.49995094367571336,0.49995094367571336,0,1,,0,timestamp
3244,-0.10012152791023254,0.49995094367571336,0.49995094367571336,0,1,,0,timestamp
3245,-0.1187816858291626,0.49995094367571336,0.49995094367571336,0,1,,0,timestamp
3246,-0.31869128346443176,0.49995094367571336,0.49995094367571336,0,1,,0,timestamp
3247,-0.3219934105873108,0.49995094367571336,0.49995094367571336,0,1,,0,timestamp
3248,-0.5371555685997009,0.49995094367571336,0.49995094367571336,0,1,,0,timestamp
3249,-0.7348209619522095,0.49995094367571336,0.49995094367571336,0,1,,0,timestamp
3250,-0.6940196752548218,0.49995094367571336,0.49995094367571336,0,1,,0,timestamp
3251,-0.12456639111042023,0.49995094367571336,0.49995094367571336,0,1,,0,timestamp
3252,-0.17979665100574493,0.49995094367571336,0.49995094367571336,0,1,,0,timestamp
3253,-0.7270585298538208,0.49995094367571336,0.49995094367571336,0,1,,0,timestamp
3254,-0.18209736049175262,0.49995094367571336,0.49995094367571336,0,1,,0,timestamp
3255,-0.14294394850730896,0.49995094367571336,0.49995094367571336,0,1,,0,timestamp
3256,-0.1926843822002411,0.49995094367571336,0.49995094367571336,0,1,,0,timestamp
3257,-0.18033882975578308,0.49995094367571336,0.49995094367571336,0,1,,0,timestamp
3258,-0.18408171832561493,0.49995094367571336,0.49995094367571336,0,1,,0,timestamp
3259,-0.3427921533584595,0.49995094367571336,0.49995094367571336,0,1,,0,timestamp
3260,-0.543383777141571,0.49995094367571336,0.49995094367571336,0,1,,0,timestamp
3261,-0.5171900987625122,0.49995094367571336,0.49995094367571336,0,1,,0,timestamp
3262,-0.5500872731208801,0.49995094367571336,0.49995094367571336,0,1,,0,timestamp
3263,-0.3311665654182434,0.49995094367571336,0.49995094367571336,0,1,,0,timestamp
3264,-0.7499385476112366,0.49995094367571336,0.49995094367571336,0,1,,0,timestamp
3265,-0.11544591188430786,0.49995094367571336,0.49995094367571336,0,1,,0,timestamp
3266,-0.725043535232544,0.49995094367571336,0.49995094367571336,0,1,,0,timestamp
3267,-0.10855758190155029,0.49995094367571336,0.49995094367571336,0,1,,0,timestamp
3268,-0.1725071519613266,0.49995094367571336,0.49995094367571336,0,1,,0,timestamp
3269,-0.174402117729187,0.49995094367571336,0.49995094367571336,0,1,,0,timestamp
3270,-0.50009685754776,0.49995094367571336,0.49995094367571336,0,1,,0,timestamp
3271,-0.6235336661338806,0.49995094367571336,0.49995094367571336,0,1,,0,timestamp
3272,-0.162260502576828,0.49995094367571336,0.49995094367571336,0,1,,0,timestamp
3273,-0.7020318508148193,0.49995094367571336,0.49995094367571336,0,1,,0,timestamp
3274,-0.719554603099823,0.49995094367571336,0.49995094367571336,0,1,,0,timestamp
3275,-0.11835227906703949,0.49995094367571336,0.49995094367571336,0,1,,0,timestamp
3276,-0.8982479572296143,0.49995094367571336,0.49995094367571336,0,1,,0,timestamp
3277,-0.14163674414157867,0.49995094367571336,0.49995094367571336,0,1,,0,timestamp
3278,-0.9269761443138123,0.49995094367571336,0.49995094367571336,0,1,,0,timestamp
3279,-0.9502760767936707,0.49995094367571336,0.49995094367571336,0,1,,0,timestamp
3280,-0.16655424237251282,0.49995094367571336,0.49995094367571336,0,1,,0,timestamp
3281,-0.5486055612564087,0.49995094367571336,0.49995094367571336,0,1,,0,timestamp
3282,-0.15223687887191772,0.49995094367571336,0.49995094367571336,0,1,,0,timestamp
3283,-0.17166216671466827,0.49995094367571336,0.49995094367571336,0,1,,0,timestamp
3284,-0.05100518837571144,0.49995094367571336,0.49995094367571336,0,1,,0,timestamp
3285,-0.17539285123348236,0.49995094367571336,0.49995094367571336,0,1,,0,timestamp
3286,-0.1838158220052719,0.49995094367571336,0.49995094367571336,0,1,,0,timestamp
3287,-0.1752886027097702,0.49995094367571336,0.49995094367571336,0,1,,0,timestamp
3288,-0.6693336963653564,0.49995094367571336,0.49995094367571336,0,1,,0,timestamp
3289,-0.11950467526912689,0.49995094367571336,0.49995094367571336,0,1,,0,timestamp
3290,-0.7138789296150208,0.49995094367571336,0.49995094367571336,0,1,,0,timestamp
3291,-0.11672131717205048,0.49995094367571336,0.49995094367571336,0,1,,0,timestamp
3292,-0.11608394235372543,0.49995094367571336,0.49995094367571336,0,1,,0,timestamp
3293,-0.49237263202667236,0.49995094367571336,0.49995094367571336,0,1,,0,timestamp
3294,-0.11316138505935669,0.49995094367571336,0.49995094367571336,0,1,,0,timestamp
3295,-0.40511590242385864,0.49995094367571336,0.49995094367571336,0,1,,0,timestamp
3296,-0.14009422063827515,0.49995094367571336,0.49995094367571336,0,1,,0,timestamp
3297,-0.14079657196998596,0.49995094367571336,0.49995094367571336,0,1,,0,timestamp
3298,-0.06130802258849144,0.49995094367571336,0.49995094367571336,0,1,,0,timestamp
3299,-0.06479305028915405,0.49995094367571336,0.49995094367571336,0,1,0.6897159814834595,0,timestamp
3300,-0.1187080591917038,0.49995094367571336,0.49995094367571336,0,1,,0,timestamp
3301,-0.3243684470653534,0.49995094367571336,0.49995094367571336,0,1,,0,timestamp
3302,-0.11921010166406631,0.49995094367571336,0.49995094367571336,0,1,,0,timestamp
3303,-0.13425183296203613,0.49995094367571336,0.49995094367571336,0,1,,0,timestamp
3304,-0.3461635410785675,0.49995094367571336,0.49995094367571336,0,1,,0,timestamp
3305,-0.11930069327354431,0.49995094367571336,0.49995094367571336,0,1,,0,timestamp
3306,-1.0874437093734741,0.49995094367571336,0.49995094367571336,0,1,,0,timestamp
3307,-0.10812712460756302,0.49995094367571336,0.49995094367571336,0,1,,0,timestamp
3308,-1.3313014507293701,0.49995094367571336,0.49995094367571336,0,1,,0,timestamp
3309,-1.0878620147705078,0.49995094367571336,0.49995094367571336,0,1,,0,timestamp
3310,-1.067291021347046,0.49995094367571336,0.49995094367571336,0,1,,0,timestamp
3311,-1.0639146566390991,0.49995094367571336,0.49995094367571336,0,1,,0,timestamp
3312,-0.7763791084289551,0.49995094367571336,0.49995094367571336,0,1,,0,timestamp
3313,-0.6141706705093384,0.49995094367571336,0.49995094367571336,0,1,,0,timestamp
3314,-0.5847823023796082,0.49995094367571336,0.49995094367571336,0,1,,0,timestamp
3315,-0.8934592604637146,0.49995094367571336,0.49995094367571336,0,1,,0,timestamp
3316,-0.6959564685821533,0.49995094367571336,0.49995094367571336,0,1,,0,timestamp
3317,-0.7727803587913513,0.49995094367571336,0.49995094367571336,0,1,,0,timestamp
3318,-0.707252025604248,0.49995094367571336,0.49995094367571336,0,1,,0,timestamp
3319,-0.6633650660514832,0.49995094367571336,0.49995094367571336,0,1,,0,timestamp
3320,-0.6869849562644958,0.49995094367571336,0.49995094367571336,0,1,,0,timestamp
3321,-1.1175953149795532,0.49995094367571336,0.49995094367571336,0,1,,0,timestamp
3322,-1.2096307277679443,0.49995094367571336,0.49995094367571336,0,1,,0,timestamp
3323,-0.1770946979522705,0.49995094367571336,0.49995094367571336,0,1,,0,timestamp
3324,-0.7650189995765686,0.49995094367571336,0.49995094367571336,0,1,,0,timestamp
3325,-0.16201050579547882,0.49995094367571336,0.49995094367571336,0,1,,0,timestamp
3326,-0.8663401007652283,0.49995094367571336,0.49995094367571336,0,1,,0,timestamp
3327,-0.8041672706604004,0.49995094367571336,0.49995094367571336,0,1,,0,timestamp
3328,-0.15424832701683044,0.49995094367571336,0.49995094367571336,0,1,,0,timestamp
3329,-0.6964963674545288,0.49995094367571336,0.49995094367571336,0,1,,0,timestamp
3330,-1.3394794464111328,0.49995094367571336,0.49995094367571336,0,1,,0,timestamp
3331,-0.7578014731407166,0.49995094367571336,0.49995094367571336,0,1,,0,timestamp
3332,-1.16800856590271,0.49995094367571336,0.49995094367571336,0,1,,0,timestamp
3333,-0.7713227868080139,0.49995094367571336,0.49995094367571336,0,1,,0,timestamp
3334,-1.0616648197174072,0.49995094367571336,0.49995094367571336,0,1,,0,timestamp
3335,-0.38956475257873535,0.49995094367571336,0.49995094367571336,0,1,,0,timestamp
3336,-1.068663239479065,0.49995094367571336,0.49995094367571336,0,1,,0,timestamp
3337,-0.38822442293167114,0.49995094367571336,0.49995094367571336,0,1,,0,timestamp
3338,-1.1555325984954834,0.49995094367571336,0.49995094367571336,0,1,,0,timestamp
3339,-0.1695629209280014,0.49995094367571336,0.49995094367571336,0,1,,0,timestamp
3340,-0.7750471830368042,0.49995094367571336,0.49995094367571336,0,1,,0,timestamp
3341,-0.09995008260011673,0.49995094367571336,0.49995094367571336,0,1,,0,timestamp
3342,-0.86360764503479,0.49995094367571336,0.49995094367571336,0,1,,0,timestamp
3343,-0.8714180588722229,0.49995094367571336,0.49995094367571336,0,1,,0,timestamp
3344,-0.13831497728824615,0.49995094367571336,0.49995094367571336,0,0,,0,timestamp
3345,-0.7821289896965027,0.49995094367571336,0.49995094367571336,0,1,,0,timestamp
3346,-1.0669528245925903,0.49995094367571336,0.49995094367571336,0,1,,0,timestamp
3347,-1.0517354011535645,0.49995094367571336,0.49995094367571336,0,1,,0,timestamp
3348,-0.42648088932037354,0.49995094367571336,0.49995094367571336,0,1,,0,timestamp
3349,-1.0496399402618408,0.49995094367571336,0.49995094367571336,0,1,,0,timestamp
3350,-0.7538912296295166,0.49995094367571336,0.49995094367571336,0,1,,0,timestamp
3351,-0.4059886336326599,0.49995094367571336,0.49995094367571336,0,1,,0,timestamp
3352,-0.10323341190814972,0.49995094367571336,0.49995094367571336,0,1,,0,timestamp
3353,-0.2966531813144684,0.49995094367571336,0.49995094367571336,0,1,,0,timestamp
3354,-0.3934190571308136,0.49995094367571336,0.49995094367571336,0,1,,0,timestamp
3355,-0.10321808606386185,0.49995094367571336,0.49995094367571336,0,1,,0,timestamp
3356,-0.42615363001823425,0.49995094367571336,0.49995094367571336,0,1,,0,timestamp
3357,-1.3753358125686646,0.49995094367571336,0.49995094367571336,0,1,,0,timestamp
3358,-1.1822071075439453,0.49995094367571336,0.49995094367571336,0,1,,0,timestamp
3359,-0.42656686902046204,0.49989771639686664,0.49989771639686664,0,1,,0,timestamp
3360,-1.0797744989395142,0.49989771639686664,0.49989771639686664,0,1,,0,timestamp
3361,-1.0829005241394043,0.49989771639686664,0.49989771639686664,0,1,,0,timestamp
3362,-0.8076514601707458,0.49989771639686664,0.49989771639686664,0,1,,0,timestamp
3363,-0.7382027506828308,0.49989771639686664,0.49989771639686664,0,1,,0,timestamp
3364,-1.1379461288452148,0.49989771639686664,0.49989771639686664,0,1,,0,timestamp
3365,-0.38308584690093994,0.49989771639686664,0.49989771639686664,0,1,,0,timestamp
3366,-0.09599381685256958,0.49989771639686664,0.49989771639686664,0,1,,0,timestamp
3367,-1.2734260559082031,0.49989771639686664,0.49989771639686664,0,1,,0,timestamp
3368,-0.27365127205848694,0.49989771639686664,0.49989771639686664,0,1,,0,timestamp
3369,-1.076127290725708,0.49989771639686664,0.49989771639686664,0,1,,0,timestamp
3370,-0.30471208691596985,0.49989771639686664,0.49989771639686664,0,1,,0,timestamp
3371,-0.570848286151886,0.49989771639686664,0.49989771639686664,0,1,,0,timestamp
3372,-0.7656053304672241,0.49989771639686664,0.49989771639686664,0,1,,0,timestamp
3373,-0.7716639041900635,0.49989771639686664,0.49989771639686664,0,1,,0,timestamp
3374,-0.832809567451477,0.49989771639686664,0.49989771639686664,0,1,,0,timestamp
3375,-0.9764469861984253,0.49989771639686664,0.49989771639686664,0,1,,0,timestamp
3376,-0.8627135157585144,0.49989771639686664,0.49989771639686664,0,1,,0,timestamp
3377,-0.11861368268728256,0.49989771639686664,0.49989771639686664,0,1,,0,timestamp
3378,-0.6366875767707825,0.49989771639686664,0.49989771639686664,0,1,,0,timestamp
3379,-0.6299305558204651,0.49989771639686664,0.49989771639686664,0,1,,0,timestamp
3380,-0.8835908770561218,0.49989771639686664,0.49989771639686664,0,1,,0,timestamp
3381,-0.6213760375976562,0.49989771639686664,0.49989771639686664,0,1,,0,timestamp
3382,-0.20710758864879608,0.49989771639686664,0.49989771639686664,0,1,,0,timestamp
3383,-0.7674455046653748,0.49989771639686664,0.49989771639686664,0,1,,0,timestamp
3384,-0.775743305683136,0.49989771639686664,0.49989771639686664,0,1,,0,timestamp
3385,-0.08253781497478485,0.49989771639686664,0.49989771639686664,0,1,,0,timestamp
3386,-0.7944285869598389,0.49989771639686664,0.49989771639686664,0,1,,0,timestamp
3387,-0.1190015971660614,0.49989771639686664,0.49989771639686664,0,1,,0,timestamp
3388,-0.2671935260295868,0.49989771639686664,0.49989771639686664,0,1,,0,timestamp
3389,-1.2036142349243164,0.49989771639686664,0.49989771639686664,0,1,,0,timestamp
3390,-0.2650466561317444,0.49989771639686664,0.49989771639686664,0,1,,0,timestamp
3391,-1.0174442529678345,0.49989771639686664,0.49989771639686664,0,1,,0,timestamp
3392,-0.16607336699962616,0.49989771639686664,0.49989771639686664,0,1,,0,timestamp
3393,-0.17483246326446533,0.49989771639686664,0.49989771639686664,0,1,,0,timestamp
3394,-0.16242438554763794,0.49989771639686664,0.49989771639686664,0,1,,0,timestamp
3395,-0.15329641103744507,0.49989771639686664,0.49989771639686664,0,1,,0,timestamp
3396,-0.8912718296051025,0.49989771639686664,0.49989771639686664,0,1,,0,timestamp
3397,-1.0215953588485718,0.49989771639686664,0.49989771639686664,0,1,,0,timestamp
3398,-0.5746837854385376,0.49989771639686664,0.49989771639686664,0,1,,0,timestamp
3399,-1.1723252534866333,0.49989771639686664,0.49989771639686664,0,1,0.8732737898826599,0,timestamp
3400,-1.0616477727890015,0.49989771639686664,0.49989771639686664,0,1,,0,timestamp
3401,-0.6239382028579712,0.49989771639686664,0.49989771639686664,0,1,,0,timestamp
3402,-0.13661989569664001,0.49989771639686664,0.49989771639686664,0,1,,0,timestamp
3403,-0.10893022269010544,0.49989771639686664,0.49989771639686664,0,1,,0,timestamp
3404,-0.48066240549087524,0.49989771639686664,0.49989771639686664,0,1,,0,timestamp
3405,-0.510698676109314,0.49989771639686664,0.49989771639686664,0,1,,0,timestamp
3406,-0.44910451769828796,0.49989771639686664,0.49989771639686664,0,1,,0,timestamp
3407,-1.1943258047103882,0.49989771639686664,0.49989771639686664,0,1,,0,timestamp
3408,-0.7676430940628052,0.49989771639686664,0.49989771639686664,0,1,,0,timestamp
3409,-0.8626198768615723,0.49989771639686664,0.49989771639686664,0,1,,0,timestamp
3410,-0.8488205075263977,0.49989771639686664,0.49989771639686664,0,1,,0,timestamp
3411,-0.41793084144592285,0.49989771639686664,0.49989771639686664,0,1,,0,timestamp
3412,-0.6756819486618042,0.49989771639686664,0.49989771639686664,0,1,,0,timestamp
3413,-0.16849535703659058,0.49989771639686664,0.49989771639686664,0,1,,0,timestamp
3414,-0.5061597228050232,0.49989771639686664,0.49989771639686664,0,1,,0,timestamp
3415,-0.6813675165176392,0.49989771639686664,0.49989771639686664,0,1,,0,timestamp
3416,-0.9774632453918457,0.49989771639686664,0.49989771639686664,0,1,,0,timestamp
3417,-0.701722264289856,0.49989771639686664,0.49989771639686664,0,1,,0,timestamp
3418,-0.748567521572113,0.49989771639686664,0.49989771639686664,0,1,,0,timestamp
3419,-0.6855013370513916,0.49989771639686664,0.49989771639686664,0,1,,0,timestamp
3420,-0.5085514783859253,0.49989771639686664,0.49989771639686664,0,1,,0,timestamp
3421,-0.5388729572296143,0.49989771639686664,0.49989771639686664,0,1,,0,timestamp
3422,-0.9483040571212769,0.49989771639686664,0.49989771639686664,0,1,,0,timestamp
3423,-0.13292542099952698,0.49989771639686664,0.49989771639686664,0,1,,0,timestamp
3424,-0.13380283117294312,0.49989771639686664,0.49989771639686664,0,1,,0,timestamp
3425,-0.8742775321006775,0.49989771639686664,0.49989771639686664,0,1,,0,timestamp
3426,-0.14083752036094666,0.49989771639686664,0.49989771639686664,0,1,,0,timestamp
3427,-0.13289768993854523,0.49989771639686664,0.49989771639686664,0,1,,0,timestamp
3428,-0.17830811440944672,0.49989771639686664,0.49989771639686664,0,1,,0,timestamp
3429,-0.8584110736846924,0.49989771639686664,0.49989771639686664,0,1,,0,timestamp
3430,-0.44362086057662964,0.49989771639686664,0.49989771639686664,0,1,,0,timestamp
3431,-0.44058290123939514,0.49989771639686664,0.49989771639686664,0,1,,0,timestamp
3432,-0.17816445231437683,0.49989771639686664,0.49989771639686664,0,1,,0,timestamp
3433,-1.0066524744033813,0.49989771639686664,0.49989771639686664,0,1,,0,timestamp
3434,-1.3109773397445679,0.49989771639686664,0.49989771639686664,0,1,,0,timestamp
3435,-0.8976553082466125,0.49989771639686664,0.49989771639686664,0,1,,0,timestamp
3436,-1.1356092691421509,0.49989771639686664,0.49989771639686664,0,1,,0,timestamp
3437,-1.1273043155670166,0.49989771639686664,0.49989771639686664,0,1,,0,timestamp
3438,-1.0633013248443604,0.49989771639686664,0.49989771639686664,0,1,,0,timestamp
3439,-1.0397289991378784,0.49989771639686664,0.49989771639686664,0,1,,0,timestamp
3440,-1.0015403032302856,0.49989771639686664,0.49989771639686664,0,1,,0,timestamp
3441,-1.2292932271957397,0.49989771639686664,0.49989771639686664,0,1,,0,timestamp
3442,-1.0952599048614502,0.49989771639686664,0.49989771639686664,0,1,,0,timestamp
3443,-0.9600766897201538,0.49989771639686664,0.49989771639686664,0,1,,0,timestamp
3444,-0.17971055209636688,0.49989771639686664,0.49989771639686664,0,1,,0,timestamp
3445,-0.14089077711105347,0.49989771639686664,0.49989771639686664,0,1,,0,timestamp
3446,-0.14082759618759155,0.49989771639686664,0.49989771639686664,0,1,,0,timestamp
3447,-0.15959098935127258,0.49989771639686664,0.49989771639686664,0,1,,0,timestamp
3448,-0.14633780717849731,0.49989771639686664,0.49989771639686664,0,1,,0,timestamp
3449,-0.14354778826236725,0.49989771639686664,0.49989771639686664,0,1,,0,timestamp
3450,-0.14290255308151245,0.49989771639686664,0.49989771639686664,0,1,,0,timestamp
3451,-0.13492856919765472,0.49989771639686664,0.49989771639686664,0,1,,0,timestamp
3452,-0.14148038625717163,0.49989771639686664,0.49989771639686664,0,1,,0,timestamp
3453,-0.880089282989502,0.49989771639686664,0.49989771639686664,0,1,,0,timestamp
3454,-0.12029127776622772,0.49989771639686664,0.49989771639686664,0,1,,0,timestamp
3455,-0.17189210653305054,0.49989771639686664,0.49989771639686664,0,1,,0,timestamp
3456,-0.1594206988811493,0.49989771639686664,0.49989771639686664,0,1,,0,timestamp
3457,-0.1907799243927002,0.49989771639686664,0.49989771639686664,0,1,,0,timestamp
3458,-0.16538693010807037,0.49989771639686664,0.49989771639686664,0,1,,0,timestamp
3459,-0.16108454763889313,0.49989771639686664,0.49989771639686664,0,1,,0,timestamp
3460,-0.1582927256822586,0.49989771639686664,0.49989771639686664,0,1,,0,timestamp
3461,-0.17427575588226318,0.49989771639686664,0.49989771639686664,0,1,,0,timestamp
3462,-0.16775166988372803,0.49989771639686664,0.49989771639686664,0,1,,0,timestamp
3463,-0.2094232589006424,0.49989771639686664,0.49989771639686664,0,1,,0,timestamp
3464,-0.18222299218177795,0.49989771639686664,0.49989771639686664,0,1,,0,timestamp
3465,-0.18121549487113953,0.49989771639686664,0.49989771639686664,0,1,,0,timestamp
3466,-0.2005963921546936,0.49989771639686664,0.49989771639686664,0,1,,0,timestamp
3467,-0.17078867554664612,0.49989771639686664,0.49989771639686664,0,1,,0,timestamp
3468,-0.18502801656723022,0.49989771639686664,0.49989771639686664,0,1,,0,timestamp
3469,-0.13750290870666504,0.49989771639686664,0.49989771639686664,0,1,,0,timestamp
3470,-0.14197328686714172,0.49989771639686664,0.49989771639686664,0,1,,0,timestamp
3471,-0.13640566170215607,0.49989771639686664,0.49989771639686664,0,1,,0,timestamp
3472,-0.13255174458026886,0.49989771639686664,0.49989771639686664,0,1,,0,timestamp
3473,-0.1369020789861679,0.49989771639686664,0.49989771639686664,0,1,,0,timestamp
3474,-0.12925861775875092,0.49989771639686664,0.49989771639686664,0,1,,0,timestamp
3475,-0.13224396109580994,0.49989771639686664,0.49989771639686664,0,1,,0,timestamp
3476,-0.13568082451820374,0.49989771639686664,0.49989771639686664,0,1,,0,timestamp
3477,-0.14068424701690674,0.49989771639686664,0.49989771639686664,0,1,,0,timestamp
3478,-0.14081689715385437,0.49989771639686664,0.49989771639686664,0,1,,0,timestamp
3479,-0.13442453742027283,0.49989771639686664,0.49989771639686664,0,1,,0,timestamp
3480,-0.126692533493042,0.49989771639686664,0.49989771639686664,0,1,,0,timestamp
3481,-0.16655370593070984,0.49989771639686664,0.49989771639686664,0,1,,0,timestamp
3482,-0.14928187429904938,0.49989771639686664,0.49989771639686664,0,1,,0,timestamp
3483,-0.15170249342918396,0.49989771639686664,0.49989771639686664,0,1,,0,timestamp
3484,-0.15858204662799835,0.49989771639686664,0.49989771639686664,0,1,,0,timestamp
3485,-0.2079811692237854,0.49989771639686664,0.49989771639686664,0,1,,0,timestamp
3486,-0.16585099697113037,0.49989771639686664,0.49989771639686664,0,1,,0,timestamp
3487,-0.16477404534816742,0.49989771639686664,0.49989771639686664,0,1,,0,timestamp
3488,-0.2130913883447647,0.49989771639686664,0.49989771639686664,0,1,,0,timestamp
3489,-0.18363618850708008,0.49989771639686664,0.49989771639686664,0,1,,0,timestamp
3490,-0.17820805311203003,0.49989771639686664,0.49989771639686664,0,1,,0,timestamp
3491,-0.15743233263492584,0.49989771639686664,0.49989771639686664,0,1,,0,timestamp
3492,-0.17198941111564636,0.49989771639686664,0.49989771639686664,0,1,,0,timestamp
3493,-0.1405499130487442,0.49989771639686664,0.49989771639686664,0,1,,0,timestamp
3494,-0.14420972764492035,0.49989771639686664,0.49989771639686664,0,1,,0,timestamp
3495,-0.13827542960643768,0.49989771639686664,0.49989771639686664,0,1,,0,timestamp
3496,-0.1631956547498703,0.49989771639686664,0.49989771639686664,0,1,,0,timestamp
3497,-0.14725075662136078,0.49989771639686664,0.49989771639686664,0,1,,0,timestamp
3498,-0.16632260382175446,0.49989771639686664,0.49989771639686664,0,1,,0,timestamp
3499,-0.14887791872024536,0.49989771639686664,0.49989771639686664,0,1,0.7660704255104065,0,timestamp
3500,-0.1513570249080658,0.49989771639686664,0.49989771639686664,0,1,,0,timestamp
3501,-0.134157195687294,0.49989771639686664,0.49989771639686664,0,1,,0,timestamp
3502,-0.128986656665802,0.49989771639686664,0.49989771639686664,0,1,,0,timestamp
3503,-0.1324385404586792,0.49989771639686664,0.49989771639686664,0,1,,0,timestamp
3504,-0.14966396987438202,0.49989771639686664,0.49989771639686664,0,1,,0,timestamp
3505,-0.14813733100891113,0.49989771639686664,0.49989771639686664,0,1,,0,timestamp
3506,-0.12536349892616272,0.49989771639686664,0.49989771639686664,0,1,,0,timestamp
3507,-0.1605537086725235,0.49989771639686664,0.49989771639686664,0,1,,0,timestamp
3508,-0.1645844280719757,0.49989771639686664,0.49989771639686664,0,1,,0,timestamp
3509,-0.8708166480064392,0.49989771639686664,0.49989771639686664,0,1,,0,timestamp
3510,-0.17376619577407837,0.49989771639686664,0.49989771639686664,0,1,,0,timestamp
3511,-0.1951783150434494,0.49989771639686664,0.49989771639686664,0,1,,0,timestamp
3512,-0.16097480058670044,0.49989771639686664,0.49989771639686664,0,1,,0,timestamp
3513,-0.15661576390266418,0.49989771639686664,0.49989771639686664,0,1,,0,timestamp
3514,-0.15601490437984467,0.49989771639686664,0.49989771639686664,0,1,,0,timestamp
3515,-0.16158442199230194,0.49989771639686664,0.49989771639686664,0,1,,0,timestamp
3516,-0.153999462723732,0.49989771639686664,0.49989771639686664,0,1,,0,timestamp
3517,-0.1466502547264099,0.49989771639686664,0.49989771639686664,0,1,,0,timestamp
3518,-0.14416125416755676,0.49989771639686664,0.49989771639686664,0,1,,0,timestamp
3519,-0.1432892084121704,0.49989771639686664,0.49989771639686664,0,1,,0,timestamp
3520,-0.133570596575737,0.49989771639686664,0.49989771639686664,0,1,,0,timestamp
3521,-0.13863502442836761,0.49989771639686664,0.49989771639686664,0,1,,0,timestamp
3522,-0.13259637355804443,0.49989771639686664,0.49989771639686664,0,1,,0,timestamp
3523,-0.14154693484306335,0.49989771639686664,0.49989771639686664,0,1,,0,timestamp
3524,-0.13247762620449066,0.49989771639686664,0.49989771639686664,0,1,,0,timestamp
3525,-0.13843664526939392,0.49989771639686664,0.49989771639686664,0,1,,0,timestamp
3526,-0.13237988948822021,0.49989771639686664,0.49989771639686664,0,1,,0,timestamp
3527,-0.1578189730644226,0.49989771639686664,0.49989771639686664,0,1,,0,timestamp
3528,-0.1252877116203308,0.49989771639686664,0.49989771639686664,0,1,,0,timestamp
3529,-0.21538017690181732,0.49989771639686664,0.49989771639686664,0,1,,0,timestamp
3530,-0.18448111414909363,0.49989771639686664,0.49989771639686664,0,1,,0,timestamp
3531,-0.17646686732769012,0.49989771639686664,0.49989771639686664,0,1,,0,timestamp
3532,-0.15680204331874847,0.49989771639686664,0.49989771639686664,0,1,,0,timestamp
3533,-0.16982394456863403,0.49989771639686664,0.49989771639686664,0,1,,0,timestamp
3534,-0.16459867358207703,0.49989771639686664,0.49989771639686664,0,1,,0,timestamp
3535,-0.20454661548137665,0.49989771639686664,0.49989771639686664,0,1,,0,timestamp
3536,-0.17770850658416748,0.49989771639686664,0.49989771639686664,0,1,,0,timestamp
3537,-0.17486722767353058,0.49989771639686664,0.49989771639686664,0,1,,0,timestamp
3538,-0.19289590418338776,0.49989771639686664,0.49989771639686664,0,1,,0,timestamp
3539,-0.15894867479801178,0.49989771639686664,0.49989771639686664,0,1,,0,timestamp
3540,-0.15610933303833008,0.49989771639686664,0.49989771639686664,0,1,,0,timestamp
3541,-0.1528559774160385,0.49989771639686664,0.49989771639686664,0,1,,0,timestamp
3542,-0.14458808302879333,0.49989771639686664,0.49989771639686664,0,1,,0,timestamp
3543,-0.12719377875328064,0.49989771639686664,0.49989771639686664,0,1,,0,timestamp
3544,-0.12596750259399414,0.49989771639686664,0.49989771639686664,0,1,,0,timestamp
3545,-0.13287223875522614,0.49989771639686664,0.49989771639686664,0,1,,0,timestamp
3546,-0.12479545176029205,0.49989771639686664,0.49989771639686664,0,1,,0,timestamp
3547,-0.12941545248031616,0.49989771639686664,0.49989771639686664,0,1,,0,timestamp
3548,-0.12528567016124725,0.49989771639686664,0.49989771639686664,0,1,,0,timestamp
3549,-0.13542404770851135,0.49989771639686664,0.49989771639686664,0,1,,0,timestamp
3550,-0.12665890157222748,0.49989771639686664,0.49989771639686664,0,1,,0,timestamp
3551,-0.1326373666524887,0.49989771639686664,0.49989771639686664,0,1,,0,timestamp
3552,-0.12564973533153534,0.49989771639686664,0.49989771639686664,0,1,,0,timestamp
3553,-0.12936291098594666,0.49989771639686664,0.49989771639686664,0,1,,0,timestamp
3554,-0.13358014822006226,0.49989771639686664,0.49989771639686664,0,1,,0,timestamp
3555,-0.12651774287223816,0.49989771639686664,0.49989771639686664,0,1,,0,timestamp
3556,-0.16252094507217407,0.49989771639686664,0.49989771639686664,0,1,,0,timestamp
3557,-0.14525580406188965,0.49989771639686664,0.49989771639686664,0,1,,0,timestamp
3558,-0.13975629210472107,0.49989771639686664,0.49989771639686664,0,1,,0,timestamp
3559,-0.13250020146369934,0.49989771639686664,0.49989771639686664,0,1,,0,timestamp
3560,-0.16062740981578827,0.49989771639686664,0.49989771639686664,0,1,,0,timestamp
3561,-0.1608412265777588,0.49989771639686664,0.49989771639686664,0,1,,0,timestamp
3562,-0.1719852089881897,0.49989771639686664,0.49989771639686664,0,1,,0,timestamp
3563,-0.1505160629749298,0.49989771639686664,0.49989771639686664,0,1,,0,timestamp
3564,-0.15166537463665009,0.49989771639686664,0.49989771639686664,0,1,,0,timestamp
3565,-0.15292415022850037,0.49989771639686664,0.49989771639686664,0,1,,0,timestamp
3566,-0.14673663675785065,0.49989771639686664,0.49989771639686664,0,1,,0,timestamp
3567,-0.20070995390415192,0.49989771639686664,0.49989771639686664,0,1,,0,timestamp
3568,-0.17618046700954437,0.49989771639686664,0.49989771639686664,0,1,,0,timestamp
3569,-0.17029568552970886,0.49989771639686664,0.49989771639686664,0,1,,0,timestamp
3570,-0.21256564557552338,0.49989771639686664,0.49989771639686664,0,1,,0,timestamp
3571,-0.16582190990447998,0.49989771639686664,0.49989771639686664,0,1,,0,timestamp
3572,-0.8123105764389038,0.49989771639686664,0.49989771639686664,0,1,,0,timestamp
3573,-0.7679066061973572,0.49989771639686664,0.49989771639686664,0,1,,0,timestamp
3574,-0.7430429458618164,0.49989771639686664,0.49989771639686664,0,1,,0,timestamp
3575,-0.7913782000541687,0.49989771639686664,0.49989771639686664,0,1,,0,timestamp
3576,-0.14720211923122406,0.49989771639686664,0.49989771639686664,0,1,,0,timestamp
3577,-0.14589667320251465,0.49989771639686664,0.49989771639686664,0,1,,0,timestamp
3578,-0.1654687225818634,0.49989771639686664,0.49989771639686664,0,1,,0,timestamp
3579,-0.15353037416934967,0.49989771639686664,0.49989771639686664,0,1,,0,timestamp
3580,-0.14833049476146698,0.49989771639686664,0.49989771639686664,0,1,,0,timestamp
3581,-0.12999409437179565,0.49989771639686664,0.49989771639686664,0,1,,0,timestamp
3582,-0.13567876815795898,0.49989771639686664,0.49989771639686664,0,1,,0,timestamp
3583,-0.16180691123008728,0.49989771639686664,0.49989771639686664,0,1,,0,timestamp
3584,-0.14886710047721863,0.49989771639686664,0.49989771639686664,0,1,,0,timestamp
3585,-0.14181938767433167,0.49989771639686664,0.49989771639686664,0,1,,0,timestamp
3586,-0.1374305635690689,0.49989771639686664,0.49989771639686664,0,1,,0,timestamp
3587,-0.1375097930431366,0.49989771639686664,0.49989771639686664,0,1,,0,timestamp
3588,-0.13372385501861572,0.49989771639686664,0.49989771639686664,0,1,,0,timestamp
3589,-0.16918671131134033,0.49989771639686664,0.49989771639686664,0,1,,0,timestamp
3590,-0.18232674896717072,0.49989771639686664,0.49989771639686664,0,1,,0,timestamp
3591,-0.1611059308052063,0.49989771639686664,0.49989771639686664,0,1,,0,timestamp
3592,-0.15721826255321503,0.49989771639686664,0.49989771639686664,0,1,,0,timestamp
3593,-0.16543908417224884,0.49989771639686664,0.49989771639686664,0,1,,0,timestamp
3594,-0.16148076951503754,0.49989771639686664,0.49989771639686664,0,1,,0,timestamp
3595,-0.18104048073291779,0.49989771639686664,0.49989771639686664,0,1,,0,timestamp
3596,-0.1536494344472885,0.49989771639686664,0.49989771639686664,0,1,,0,timestamp
3597,-0.15584437549114227,0.49989771639686664,0.49989771639686664,0,1,,0,timestamp
3598,-0.15383772552013397,0.49989771639686664,0.49989771639686664,0,1,,0,timestamp
3599,-0.1329461932182312,0.49989771639686664,0.49989771639686664,0,1,2.248692512512207,0,timestamp
3600,-0.1353391706943512,0.49989771639686664,0.49989771639686664,0,1,,0,timestamp
3601,-0.13146483898162842,0.49989771639686664,0.49989771639686664,0,1,,0,timestamp
3602,-0.13120125234127045,0.49989771639686664,0.49989771639686664,0,1,,0,timestamp
3603,-0.1349247246980667,0.49989771639686664,0.49989771639686664,0,1,,0,timestamp
3604,-0.12656861543655396,0.49989771639686664,0.49989771639686664,0,1,,0,timestamp
3605,-0.13254615664482117,0.49989771639686664,0.49989771639686664,0,1,,0,timestamp
3606,-0.1594007909297943,0.49989771639686664,0.49989771639686664,0,1,,0,timestamp
3607,-0.14061568677425385,0.49989771639686664,0.49989771639686664,0,1,,0,timestamp
3608,-0.14652787148952484,0.49989771639686664,0.49989771639686664,0,1,,0,timestamp
3609,-0.15115587413311005,0.49989771639686664,0.49989771639686664,0,1,,0,timestamp
3610,-0.12937933206558228,0.49989771639686664,0.49989771639686664,0,1,,0,timestamp
3611,-0.14553600549697876,0.49989771639686664,0.49989771639686664,0,1,,0,timestamp
3612,-0.13788123428821564,0.49989771639686664,0.49989771639686664,0,1,,0,timestamp
3613,-0.17619797587394714,0.49989771639686664,0.49989771639686664,0,1,,0,timestamp
3614,-0.19634214043617249,0.49989771639686664,0.49989771639686664,0,1,,0,timestamp
3615,-0.16553911566734314,0.49989771639686664,0.49989771639686664,0,1,,0,timestamp
3616,-0.16654647886753082,0.49989771639686664,0.49989771639686664,0,1,,0,timestamp
3617,-0.15924575924873352,0.49989771639686664,0.49989771639686664,0,1,,0,timestamp
3618,-0.15532422065734863,0.49989771639686664,0.49989771639686664,0,1,,0,timestamp
3619,-0.15392395853996277,0.49989771639686664,0.49989771639686664,0,1,,0,timestamp
3620,-0.15142376720905304,0.49989771639686664,0.49989771639686664,0,1,,0,timestamp
3621,-0.15554672479629517,0.49989771639686664,0.49989771639686664,0,1,,0,timestamp
3622,-0.174917533993721,0.49989771639686664,0.49989771639686664,0,1,,0,timestamp
3623,-0.15261852741241455,0.49989771639686664,0.49989771639686664,0,1,,0,timestamp
3624,-0.1710335910320282,0.49989771639686664,0.49989771639686664,0,1,,0,timestamp
3625,-0.1413743495941162,0.49989771639686664,0.49989771639686664,0,1,,0,timestamp
3626,-0.1460956484079361,0.49989771639686664,0.49989771639686664,0,1,,0,timestamp
3627,-0.13297535479068756,0.49989771639686664,0.49989771639686664,0,1,,0,timestamp
3628,-0.12381668388843536,0.49989771639686664,0.49989771639686664,0,1,,0,timestamp
3629,-0.148354634642601,0.49989771639686664,0.49989771639686664,0,1,,0,timestamp
3630,-0.9041746258735657,0.49989771639686664,0.49989771639686664,0,1,,0,timestamp
3631,-0.13676883280277252,0.49989771639686664,0.49989771639686664,0,1,,0,timestamp
3632,-0.14351265132427216,0.49989771639686664,0.49989771639686664,0,1,,0,timestamp
3633,-0.13801898062229156,0.49989771639686664,0.49989771639686664,0,1,,0,timestamp
3634,-0.1432744264602661,0.49989771639686664,0.49989771639686664,0,1,,0,timestamp
3635,-0.19363510608673096,0.49989771639686664,0.49989771639686664,0,1,,0,timestamp
3636,-0.17532309889793396,0.49989771639686664,0.49989771639686664,0,1,,0,timestamp
3637,-0.17084334790706635,0.49989771639686664,0.49989771639686664,0,1,,0,timestamp
3638,-0.17384298145771027,0.49989771639686664,0.49989771639686664,0,1,,0,timestamp
3639,-0.19141961634159088,0.49989771639686664,0.49989771639686664,0,1,,0,timestamp
3640,-0.16212424635887146,0.49989771639686664,0.49989771639686664,0,1,,0,timestamp
3641,-0.15529771149158478,0.49989771639686664,0.49989771639686664,0,1,,0,timestamp
3642,-0.15376006066799164,0.49989771639686664,0.49989771639686664,0,1,,0,timestamp
3643,-0.1615077406167984,0.49989771639686664,0.49989771639686664,0,1,,0,timestamp
3644,-0.15906922519207,0.49989771639686664,0.49989771639686664,0,1,,0,timestamp
3645,-0.17931920289993286,0.49989771639686664,0.49989771639686664,0,1,,0,timestamp
3646,-0.17645534873008728,0.49989771639686664,0.49989771639686664,0,1,,0,timestamp
3647,-0.14521709084510803,0.49989771639686664,0.49989771639686664,0,1,,0,timestamp
3648,-0.1632729172706604,0.49989771639686664,0.49989771639686664,0,1,,0,timestamp
3649,-0.12746652960777283,0.49989771639686664,0.49989771639686664,0,1,,0,timestamp
3650,-0.167525976896286,0.49989771639686664,0.49989771639686664,0,1,,0,timestamp
3651,-0.15306569635868073,0.49989771639686664,0.49989771639686664,0,1,,0,timestamp
3652,-0.15675197541713715,0.49989771639686664,0.49989771639686664,0,1,,0,timestamp
3653,-0.13646607100963593,0.49989771639686664,0.49989771639686664,0,1,,0,timestamp
3654,-0.14364254474639893,0.49989771639686664,0.49989771639686664,0,1,,0,timestamp
3655,-0.1333170086145401,0.49989771639686664,0.49989771639686664,0,1,,0,timestamp
3656,-0.1341894418001175,0.49989771639686664,0.49989771639686664,0,1,,0,timestamp
3657,-0.1327643245458603,0.49989771639686664,0.49989771639686664,0,1,,0,timestamp
3658,-0.1265893131494522,0.49989771639686664,0.49989771639686664,0,1,,0,timestamp
3659,-0.1258944571018219,0.49989771639686664,0.49989771639686664,0,1,,0,timestamp
3660,-0.1318497657775879,0.49989771639686664,0.49989771639686664,0,1,,0,timestamp
3661,-0.13295798003673553,0.49989771639686664,0.49989771639686664,0,1,,0,timestamp
3662,-0.1900935024023056,0.49989771639686664,0.49989771639686664,0,1,,0,timestamp
3663,-0.1758648157119751,0.49989771639686664,0.49989771639686664,0,1,,0,timestamp
3664,-0.17380204796791077,0.49989771639686664,0.49989771639686664,0,1,,0,timestamp
3665,-0.1554601639509201,0.49989771639686664,0.49989771639686664,0,1,,0,timestamp
3666,-0.16111117601394653,0.49989771639686664,0.49989771639686664,0,1,,0,timestamp
3667,-0.17566002905368805,0.49989771639686664,0.49989771639686664,0,1,,0,timestamp
3668,-0.1603064090013504,0.49989771639686664,0.49989771639686664,0,1,,0,timestamp
3669,-0.15990981459617615,0.49989771639686664,0.49989771639686664,0,1,,0,timestamp
3670,-0.1568089723587036,0.49989771639686664,0.49989771639686664,0,1,,0,timestamp
3671,-0.20061734318733215,0.49989771639686664,0.49989771639686664,0,1,,0,timestamp
3672,-0.1760348379611969,0.49989771639686664,0.49989771639686664,0,1,,0,timestamp
3673,-0.20854422450065613,0.49989771639686664,0.49989771639686664,0,1,,0,timestamp
3674,-0.18106357753276825,0.49989771639686664,0.49989771639686664,0,1,,0,timestamp
3675,-0.14770731329917908,0.49989771639686664,0.49989771639686664,0,1,,0,timestamp
3676,-0.14167888462543488,0.49989771639686664,0.49989771639686664,0,1,,0,timestamp
3677,-0.14662295579910278,0.49989771639686664,0.49989771639686664,0,1,,0,timestamp
3678,-0.14140650629997253,0.49989771639686664,0.49989771639686664,0,1,,0,timestamp
3679,-0.15361979603767395,0.49989771639686664,0.49989771639686664,0,1,,0,timestamp
3680,-0.13186956942081451,0.49989771639686664,0.49989771639686664,0,1,,0,timestamp
3681,-0.1617990881204605,0.49989771639686664,0.49989771639686664,0,1,,0,timestamp
3682,-0.14823058247566223,0.49989771639686664,0.49989771639686664,0,1,,0,timestamp
3683,-0.1483210325241089,0.49989771639686664,0.49989771639686664,0,1,,0,timestamp
3684,-0.1529427170753479,0.49989771639686664,0.49989771639686664,0,1,,0,timestamp
3685,-0.16793683171272278,0.49989771639686664,0.49989771639686664,0,1,,0,timestamp
3686,-0.15702703595161438,0.49989771639686664,0.49989771639686664,0,1,,0,timestamp
3687,-0.154894158244133,0.49989771639686664,0.49989771639686664,0,1,,0,timestamp
3688,-0.9049085378646851,0.49989771639686664,0.49989771639686664,0,1,,0,timestamp
3689,-0.853763222694397,0.49989771639686664,0.49989771639686664,0,1,,0,timestamp
3690,-0.1797545701265335,0.49989771639686664,0.49989771639686664,0,1,,0,timestamp
3691,-0.16013170778751373,0.49989771639686664,0.49989771639686664,0,1,,0,timestamp
3692,-0.15733850002288818,0.49989771639686664,0.49989771639686664,0,1,,0,timestamp
3693,-0.18537449836730957,0.49989771639686664,0.49989771639686664,0,1,,0,timestamp
3694,-0.18189159035682678,0.49989771639686664,0.49989771639686664,0,1,,0,timestamp
3695,-0.20045596361160278,0.49989771639686664,0.49989771639686664,0,1,,0,timestamp
3696,-0.16025371849536896,0.49989771639686664,0.49989771639686664,0,1,,0,timestamp
3697,-0.15954309701919556,0.49989771639686664,0.49989771639686664,0,1,,0,timestamp
3698,-0.16479365527629852,0.49989771639686664,0.49989771639686664,0,1,,0,timestamp
3699,-0.16401803493499756,0.49989771639686664,0.49989771639686664,0,1,2.2476108074188232,1,timestamp
3700,-0.14005136489868164,0.49989771639686664,0.49989771639686664,0,1,,1,timestamp
3701,-0.14645208418369293,0.49989771639686664,0.49989771639686664,0,1,,1,timestamp
3702,-0.1499340981245041,0.49989771639686664,0.49989771639686664,0,1,,1,timestamp
3703,-0.14250269532203674,0.49989771639686664,0.49989771639686664,0,1,,1,timestamp
3704,-0.12824830412864685,0.49989771639686664,0.49989771639686664,0,1,,1,timestamp
3705,-0.12850913405418396,0.49989771639686664,0.49989771639686664,0,1,,1,timestamp
3706,-0.15093043446540833,0.49989771639686664,0.49989771639686664,0,1,,1,timestamp
3707,-0.14513227343559265,0.49989771639686664,0.49989771639686664,0,1,,1,timestamp
3708,-0.1447417140007019,0.49989771639686664,0.49989771639686664,0,1,,1,timestamp
3709,-0.13201957941055298,0.49989771639686664,0.49989771639686664,0,1,,1,timestamp
3710,-0.1608610451221466,0.49989771639686664,0.49989771639686664,0,1,,1,timestamp
3711,-0.15432734787464142,0.49989771639686664,0.49989771639686664,0,1,,1,timestamp
3712,-0.1516791731119156,0.49989771639686664,0.49989771639686664,0,1,,1,timestamp
3713,-0.15880326926708221,0.49989771639686664,0.49989771639686664,0,1,,1,timestamp
3714,-0.15314669907093048,0.49989771639686664,0.49989771639686664,0,1,,1,timestamp
3715,-0.15020745992660522,0.49989771639686664,0.49989771639686664,0,1,,1,timestamp
3716,-0.1587391346693039,0.49989771639686664,0.49989771639686664,0,1,,1,timestamp
3717,-0.1600016951560974,0.49989771639686664,0.49989771639686664,0,1,,1,timestamp
3718,-0.17439062893390656,0.49989771639686664,0.49989771639686664,0,1,,1,timestamp
3719,-0.17152702808380127,0.49989771639686664,0.49989771639686664,0,1,,1,timestamp
3720,-0.16223692893981934,0.49989771639686664,0.49989771639686664,0,1,,1,timestamp
3721,-0.15090002119541168,0.49989771639686664,0.49989771639686664,0,1,,1,timestamp
3722,-0.17667677998542786,0.49989771639686664,0.49989771639686664,0,1,,1,timestamp
3723,-0.161969855427742,0.49989771639686664,0.49989771639686664,0,1,,1,timestamp
3724,-0.15263666212558746,0.49989771639686664,0.49989771639686664,0,1,,1,timestamp
3725,-0.15166473388671875,0.49989771639686664,0.49989771639686664,0,1,,1,timestamp
3726,-0.1427185833454132,0.49989771639686664,0.49989771639686664,0,1,,1,timestamp
3727,-0.15944480895996094,0.49989771639686664,0.49989771639686664,0,1,,1,timestamp
3728,-0.14804957807064056,0.49989771639686664,0.49989771639686664,0,1,,1,timestamp
3729,-0.1459541618824005,0.49989771639686664,0.49989771639686664,0,1,,1,timestamp
3730,-0.13164590299129486,0.49989771639686664,0.49989771639686664,0,1,,1,timestamp
3731,-0.12692926824092865,0.49989771639686664,0.49989771639686664,0,1,,1,timestamp
3732,-0.1334507316350937,0.49989771639686664,0.49989771639686664,0,1,,1,timestamp
3733,-0.13357315957546234,0.49989771639686664,0.49989771639686664,0,1,,1,timestamp
3734,-0.12948577105998993,0.49989771639686664,0.49989771639686664,0,1,,1,timestamp
3735,-0.13016708195209503,0.49989771639686664,0.49989771639686664,0,1,,1,timestamp
3736,-0.1628873497247696,0.49989771639686664,0.49989771639686664,0,1,,1,timestamp
3737,-0.16003313660621643,0.49989771639686664,0.49989771639686664,0,1,,1,timestamp
3738,-0.17892679572105408,0.49989771639686664,0.49989771639686664,0,1,,1,timestamp
3739,-0.15141603350639343,0.49989771639686664,0.49989771639686664,0,1,,1,timestamp
3740,-0.1475011259317398,0.49989771639686664,0.49989771639686664,0,1,,1,timestamp
3741,-0.14399568736553192,0.49989771639686664,0.49989771639686664,0,1,,1,timestamp
3742,-0.16793431341648102,0.49989771639686664,0.49989771639686664,0,1,,1,timestamp
3743,-0.15694314241409302,0.49989771639686664,0.49989771639686664,0,1,,1,timestamp
3744,-0.15412355959415436,0.49989771639686664,0.49989771639686664,0,1,,1,timestamp
3745,-0.1797405630350113,0.49989771639686664,0.49989771639686664,0,1,,1,timestamp
3746,-0.14654311537742615,0.49989771639686664,0.49989771639686664,0,1,,1,timestamp
3747,-0.19556567072868347,0.49989771639686664,0.49989771639686664,0,1,,1,timestamp
3748,-0.8579727411270142,0.49989771639686664,0.49989771639686664,0,1,,1,timestamp
3749,-0.8542535901069641,0.49989771639686664,0.49989771639686664,0,1,,1,timestamp
3750,-0.1978386491537094,0.49989771639686664,0.49989771639686664,0,1,,1,timestamp
3751,-0.13909412920475006,0.49989771639686664,0.49989771639686664,0,1,,1,timestamp
3752,-0.13747528195381165,0.49989771639686664,0.49989771639686664,0,1,,1,timestamp
3753,-0.1582290679216385,0.49989771639686664,0.49989771639686664,0,1,,1,timestamp
3754,-0.12900176644325256,0.49989771639686664,0.49989771639686664,0,1,,1,timestamp
3755,-0.15967883169651031,0.49989771639686664,0.49989771639686664,0,1,,1,timestamp
3756,-0.12782208621501923,0.49989771639686664,0.49989771639686664,0,1,,1,timestamp
3757,-0.13245099782943726,0.49989771639686664,0.49989771639686664,0,1,,1,timestamp
3758,-0.13833549618721008,0.49989771639686664,0.49989771639686664,0,1,,1,timestamp
3759,-0.13362646102905273,0.49989771639686664,0.49989771639686664,0,1,,1,timestamp
3760,-0.1266711801290512,0.49989771639686664,0.49989771639686664,0,1,,1,timestamp
3761,-0.12967249751091003,0.49989771639686664,0.49989771639686664,0,1,,1,timestamp
3762,-0.16738823056221008,0.49989771639686664,0.49989771639686664,0,1,,1,timestamp
3763,-0.1645779013633728,0.49989771639686664,0.49989771639686664,0,1,,1,timestamp
3764,-0.15716813504695892,0.49989771639686664,0.49989771639686664,0,1,,1,timestamp
3765,-0.16765789687633514,0.49989771639686664,0.49989771639686664,0,1,,1,timestamp
3766,-0.16472122073173523,0.49989771639686664,0.49989771639686664,0,1,,1,timestamp
3767,-0.16464978456497192,0.49989771639686664,0.49989771639686664,0,1,,1,timestamp
3768,-0.1529199630022049,0.49989771639686664,0.49989771639686664,0,1,,1,timestamp
3769,-0.16398212313652039,0.49989771639686664,0.49989771639686664,0,1,,1,timestamp
3770,-0.1618974804878235,0.49989771639686664,0.49989771639686664,0,1,,1,timestamp
3771,-0.15458820760250092,0.49989771639686664,0.49989771639686664,0,1,,1,timestamp
3772,-0.18191954493522644,0.49989771639686664,0.49989771639686664,0,1,,1,timestamp
3773,-0.16694089770317078,0.49989771639686664,0.49989771639686664,0,1,,1,timestamp
3774,-0.1652294546365738,0.49989771639686664,0.49989771639686664,0,1,,1,timestamp
3775,-0.18034352362155914,0.49989771639686664,0.49989771639686664,0,1,,1,timestamp
3776,-0.16530756652355194,0.49989771639686664,0.49989771639686664,0,1,,1,timestamp
3777,-0.1452653706073761,0.49989771639686664,0.49989771639686664,0,1,,1,timestamp
3778,-0.14707234501838684,0.49989771639686664,0.49989771639686664,0,1,,1,timestamp
3779,-0.14044542610645294,0.49989771639686664,0.49989771639686664,0,1,,1,timestamp
3780,-0.14088140428066254,0.49989771639686664,0.49989771639686664,0,1,,1,timestamp
3781,-0.13669700920581818,0.49989771639686664,0.49989771639686664,0,1,,1,timestamp
3782,-0.1258983314037323,0.49989771639686664,0.49989771639686664,0,1,,1,timestamp
3783,-0.13269615173339844,0.49989771639686664,0.49989771639686664,0,1,,1,timestamp
3784,-0.13616637885570526,0.49989771639686664,0.49989771639686664,0,1,,1,timestamp
3785,-0.13384760916233063,0.49989771639686664,0.49989771639686664,0,1,,1,timestamp
3786,-0.1345389485359192,0.49989771639686664,0.49989771639686664,0,1,,1,timestamp
3787,-0.12842173874378204,0.49989771639686664,0.49989771639686664,0,1,,1,timestamp
3788,-0.12608693540096283,0.49989771639686664,0.49989771639686664,0,1,,1,timestamp
3789,-0.12920008599758148,0.49989771639686664,0.49989771639686664,0,1,,1,timestamp
3790,-0.16875533759593964,0.49989771639686664,0.49989771639686664,0,1,,1,timestamp
3791,-0.16529184579849243,0.49989771639686664,0.49989771639686664,0,1,,1,timestamp
3792,-0.16005143523216248,0.49989771639686664,0.49989771639686664,0,1,,1,timestamp
3793,-0.16921040415763855,0.49989771639686664,0.49989771639686664,0,1,,1,timestamp
3794,-0.1659805029630661,0.49989771639686664,0.49989771639686664,0,1,,1,timestamp
3795,-0.15913209319114685,0.49989771639686664,0.49989771639686664,0,1,,1,timestamp
3796,-0.17125780880451202,0.49989771639686664,0.49989771639686664,0,1,,1,timestamp
3797,-0.18055495619773865,0.49989771639686664,0.49989771639686664,0,1,,1,timestamp
3798,-0.1558748036623001,0.49989771639686664,0.49989771639686664,0,1,,1,timestamp
3799,-0.1794080138206482,0.49989771639686664,0.49989771639686664,0,1,2.233079671859741,1,timestamp
3800,-0.16597919166088104,0.49989771639686664,0.49989771639686664,0,1,,1,timestamp
3801,-0.21051311492919922,0.49989771639686664,0.49989771639686664,0,1,,1,timestamp
3802,-0.1355564147233963,0.49989771639686664,0.49989771639686664,0,1,,1,timestamp
3803,-0.12987372279167175,0.49989771639686664,0.49989771639686664,0,1,,1,timestamp
3804,-0.13006940484046936,0.49989771639686664,0.49989771639686664,0,1,,1,timestamp
3805,-0.13005901873111725,0.49989771639686664,0.49989771639686664,0,1,,1,timestamp
3806,-0.1529044210910797,0.49989771639686664,0.49989771639686664,0,1,,1,timestamp
3807,-0.9148825407028198,0.49989771639686664,0.49989771639686664,0,1,,1,timestamp
3808,-0.8837365508079529,0.49989771639686664,0.49989771639686664,0,1,,1,timestamp
3809,-0.894005537033081,0.49989771639686664,0.49989771639686664,0,1,,1,timestamp
3810,-0.871059000492096,0.49989771639686664,0.49989771639686664,0,1,,1,timestamp
3811,-0.15669368207454681,0.49989771639686664,0.49989771639686664,0,1,,1,timestamp
3812,-0.15091274678707123,0.49989771639686664,0.49989771639686664,0,1,,1,timestamp
3813,-0.14328399300575256,0.49989771639686664,0.49989771639686664,0,1,,1,timestamp
3814,-0.1282568722963333,0.49989771639686664,0.49989771639686664,0,1,,1,timestamp
3815,-0.12051509320735931,0.49989771639686664,0.49989771639686664,0,1,,1,timestamp
3816,-0.16575175523757935,0.49989771639686664,0.49989771639686664,0,1,,1,timestamp
3817,-0.1533820480108261,0.49989771639686664,0.49989771639686664,0,1,,1,timestamp
3818,-0.182643324136734,0.49989771639686664,0.49989771639686664,0,1,,1,timestamp
3819,-0.16736599802970886,0.49989771639686664,0.49989771639686664,0,1,,1,timestamp
3820,-0.16347257792949677,0.49989771639686664,0.49989771639686664,0,1,,1,timestamp
3821,-0.197624072432518,0.49989771639686664,0.49989771639686664,0,1,,1,timestamp
3822,-0.1798281967639923,0.49989771639686664,0.49989771639686664,0,1,,1,timestamp
3823,-0.1759493052959442,0.49989771639686664,0.49989771639686664,0,1,,1,timestamp
3824,-0.1682845950126648,0.49989771639686664,0.49989771639686664,0,1,,1,timestamp
3825,-0.19012683629989624,0.49989771639686664,0.49989771639686664,0,1,,1,timestamp
3826,-0.1630840301513672,0.49989771639686664,0.49989771639686664,0,1,,1,timestamp
3827,-0.19417209923267365,0.49989771639686664,0.49989771639686664,0,1,,1,timestamp
3828,-0.1802888959646225,0.49989771639686664,0.49989771639686664,0,1,,1,timestamp
3829,-0.17876321077346802,0.49989771639686664,0.49989771639686664,0,1,,1,timestamp
3830,-0.15916022658348083,0.49989771639686664,0.49989771639686664,0,1,,1,timestamp
3831,-0.16553236544132233,0.49989771639686664,0.49989771639686664,0,1,,1,timestamp
3832,-0.12443207204341888,0.49989771639686664,0.49989771639686664,0,1,,1,timestamp
3833,-0.1360594779253006,0.49989771639686664,0.49989771639686664,0,1,,1,timestamp
3834,-0.13635468482971191,0.49989771639686664,0.49989771639686664,0,1,,1,timestamp
3835,-0.12935061752796173,0.49989771639686664,0.49989771639686664,0,1,,1,timestamp
3836,-0.12137489020824432,0.49989771639686664,0.49989771639686664,0,1,,1,timestamp
3837,-0.13159331679344177,0.49989771639686664,0.49989771639686664,0,1,,1,timestamp
3838,-0.13068720698356628,0.49989771639686664,0.49989771639686664,0,1,,1,timestamp
3839,-0.13459987938404083,0.49989771639686664,0.49989771639686664,0,1,,1,timestamp
3840,-0.1313842386007309,0.49989771639686664,0.49989771639686664,0,1,,1,timestamp
3841,-0.13546647131443024,0.49989771639686664,0.49989771639686664,0,1,,1,timestamp
3842,-0.18019935488700867,0.49989771639686664,0.49989771639686664,0,1,,1,timestamp
3843,-0.1756647527217865,0.49989771639686664,0.49989771639686664,0,1,,1,timestamp
3844,-0.16543491184711456,0.49989771639686664,0.49989771639686664,0,1,,1,timestamp
3845,-0.158487930893898,0.49989771639686664,0.49989771639686664,0,1,,1,timestamp
3846,-0.15732111036777496,0.49989771639686664,0.49989771639686664,0,1,,1,timestamp
3847,-0.14973528683185577,0.49989771639686664,0.49989771639686664,0,1,,1,timestamp
3848,-0.16008098423480988,0.49989771639686664,0.49989771639686664,0,1,,1,timestamp
3849,-0.19844157993793488,0.49989771639686664,0.49989771639686664,0,1,,1,timestamp
3850,-0.17964181303977966,0.49989771639686664,0.49989771639686664,0,1,,1,timestamp
3851,-0.17194734513759613,0.49989771639686664,0.49989771639686664,0,1,,1,timestamp
3852,-0.19086836278438568,0.49989771639686664,0.49989771639686664,0,1,,1,timestamp
3853,-0.1648883819580078,0.49989771639686664,0.49989771639686664,0,1,,1,timestamp
3854,-0.15917415916919708,0.49989771639686664,0.49989771639686664,0,1,,1,timestamp
3855,-0.17807316780090332,0.49989771639686664,0.49989771639686664,0,1,,1,timestamp
3856,-0.1656137853860855,0.49989771639686664,0.49989771639686664,0,1,,1,timestamp
3857,-0.16077034175395966,0.49989771639686664,0.49989771639686664,0,1,,1,timestamp
3858,-0.15514899790287018,0.49989771639686664,0.49989771639686664,0,1,,1,timestamp
3859,-0.15832430124282837,0.49989771639686664,0.49989771639686664,0,1,,1,timestamp
3860,-0.13034848868846893,0.49989771639686664,0.49989771639686664,0,1,,1,timestamp
3861,-0.13045647740364075,0.49989771639686664,0.49989771639686664,0,1,,1,timestamp
3862,-0.1268458366394043,0.49989771639686664,0.49989771639686664,0,1,,1,timestamp
3863,-0.13204647600650787,0.49989771639686664,0.49989771639686664,0,1,,1,timestamp
3864,-0.12712644040584564,0.49989771639686664,0.49989771639686664,0,1,,1,timestamp
3865,-0.13549154996871948,0.49989771639686664,0.49989771639686664,0,1,,1,timestamp
3866,-0.1313454806804657,0.49989771639686664,0.49989771639686664,0,1,,1,timestamp
3867,-0.14272275567054749,0.49989771639686664,0.49989771639686664,0,1,,1,timestamp
3868,-0.13443216681480408,0.49989771639686664,0.49989771639686664,0,1,,1,timestamp
3869,-0.129506453871727,0.49989771639686664,0.49989771639686664,0,1,,1,timestamp
3870,-0.144513800740242,0.49989771639686664,0.49989771639686664,0,1,,1,timestamp
3871,-0.16784484684467316,0.49989771639686664,0.49989771639686664,0,1,,1,timestamp
3872,-0.15913528203964233,0.49989771639686664,0.49989771639686664,0,1,,1,timestamp
3873,-0.15676678717136383,0.49989771639686664,0.49989771639686664,0,1,,1,timestamp
3874,-0.1476486325263977,0.49989771639686664,0.49989771639686664,0,1,,1,timestamp
3875,-0.8633376359939575,0.49989771639686664,0.49989771639686664,0,1,,1,timestamp
3876,-0.862285852432251,0.49989771639686664,0.49989771639686664,0,1,,1,timestamp
3877,-0.8748241066932678,0.49989771639686664,0.49989771639686664,0,1,,1,timestamp
3878,-0.17912302911281586,0.49989771639686664,0.49989771639686664,0,1,,1,timestamp
3879,-0.18976181745529175,0.49989771639686664,0.49989771639686664,0,1,,1,timestamp
3880,-0.16036230325698853,0.49989771639686664,0.49989771639686664,0,1,,1,timestamp
3881,-0.15594922006130219,0.49989771639686664,0.49989771639686664,0,1,,1,timestamp
3882,-0.1662159562110901,0.49989771639686664,0.49989771639686664,0,1,,1,timestamp
3883,-0.17829689383506775,0.49989771639686664,0.49989771639686664,0,1,,1,timestamp
3884,-0.16464021801948547,0.49989771639686664,0.49989771639686664,0,1,,1,timestamp
3885,-0.15966729819774628,0.49989771639686664,0.49989771639686664,0,1,,1,timestamp
3886,-0.1486302614212036,0.49989771639686664,0.49989771639686664,0,1,,1,timestamp
3887,-0.1465301513671875,0.49989771639686664,0.49989771639686664,0,1,,1,timestamp
3888,-0.1499423235654831,0.49989771639686664,0.49989771639686664,0,1,,1,timestamp
3889,-0.13119643926620483,0.49989771639686664,0.49989771639686664,0,1,,1,timestamp
3890,-0.1384781002998352,0.49989771639686664,0.49989771639686664,0,1,,1,timestamp
3891,-0.13466279208660126,0.49989771639686664,0.49989771639686664,0,1,,1,timestamp
3892,-0.12458990514278412,0.49989771639686664,0.49989771639686664,0,1,,1,timestamp
3893,-0.13078102469444275,0.49989771639686664,0.49989771639686664,0,1,,1,timestamp
3894,-0.14762714505195618,0.49989771639686664,0.49989771639686664,0,1,,1,timestamp
3895,-0.14100006222724915,0.49989771639686664,0.49989771639686664,0,1,,1,timestamp
3896,-0.18384261429309845,0.49989771639686664,0.49989771639686664,0,1,,1,timestamp
3897,-0.19222082197666168,0.49989771639686664,0.49989771639686664,0,1,,1,timestamp
3898,-0.16336724162101746,0.49989771639686664,0.49989771639686664,0,1,,1,timestamp
3899,-0.1613931804895401,0.49989771639686664,0.49989771639686664,0,1,2.2537574768066406,1,timestamp
3900,-0.1805168092250824,0.49989771639686664,0.49989771639686664,0,1,,1,timestamp
3901,-0.1704476922750473,0.49989771639686664,0.49989771639686664,0,1,,1,timestamp
3902,-0.16897033154964447,0.49989771639686664,0.49989771639686664,0,1,,1,timestamp
3903,-0.1621389389038086,0.49989771639686664,0.49989771639686664,0,1,,1,timestamp
3904,-0.1828940361738205,0.49989771639686664,0.49989771639686664,0,1,,1,timestamp
3905,-0.15471036732196808,0.49989771639686664,0.49989771639686664,0,1,,1,timestamp
3906,-0.17795327305793762,0.49989771639686664,0.49989771639686664,0,1,,1,timestamp
3907,-0.16618943214416504,0.49989771639686664,0.49989771639686664,0,1,,1,timestamp
3908,-0.156344935297966,0.49989771639686664,0.49989771639686664,0,1,,1,timestamp
3909,-0.1767939329147339,0.49989771639686664,0.49989771639686664,0,1,,1,timestamp
3910,-0.1601889282464981,0.49989771639686664,0.49989771639686664,0,1,,1,timestamp
3911,-0.17561253905296326,0.49989771639686664,0.49989771639686664,0,1,,1,timestamp
3912,-0.15739837288856506,0.49989771639686664,0.49989771639686664,0,1,,1,timestamp
3913,-0.15464329719543457,0.49989771639686664,0.49989771639686664,0,1,,1,timestamp
3914,-0.1742337942123413,0.49989771639686664,0.49989771639686664,0,1,,1,timestamp
3915,-0.15050694346427917,0.49989771639686664,0.49989771639686664,0,1,,1,timestamp
3916,-0.1452467292547226,0.49989771639686664,0.49989771639686664,0,1,,1,timestamp
3917,-0.15092113614082336,0.49989771639686664,0.49989771639686664,0,1,,1,timestamp
3918,-0.14542990922927856,0.49989771639686664,0.49989771639686664,0,1,,1,timestamp
3919,-0.15277457237243652,0.49989771639686664,0.49989771639686664,0,1,,1,timestamp
3920,-0.16185082495212555,0.49989771639686664,0.49989771639686664,0,1,,1,timestamp
3921,-0.14729389548301697,0.49989771639686664,0.49989771639686664,0,1,,1,timestamp
3922,-0.14420735836029053,0.49989771639686664,0.49989771639686664,0,1,,1,timestamp
3923,-0.14111410081386566,0.49989771639686664,0.49989771639686664,0,1,,1,timestamp
3924,-0.13931773602962494,0.49989771639686664,0.49989771639686664,0,1,,1,timestamp
3925,-0.16614452004432678,0.49989771639686664,0.49989771639686664,0,1,,1,timestamp
3926,-0.15812881290912628,0.49989771639686664,0.49989771639686664,0,1,,1,timestamp
3927,-0.15685433149337769,0.49989771639686664,0.49989771639686664,0,1,,1,timestamp
3928,-0.15287970006465912,0.49989771639686664,0.49989771639686664,0,1,,1,timestamp
3929,-0.16456972062587738,0.49989771639686664,0.49989771639686664,0,1,,1,timestamp
3930,-0.16185879707336426,0.49989771639686664,0.49989771639686664,0,1,,1,timestamp
3931,-0.16359665989875793,0.49989771639686664,0.49989771639686664,0,1,,1,timestamp
3932,-0.16067998111248016,0.49989771639686664,0.49989771639686664,0,1,,1,timestamp
3933,-0.1782095581293106,0.49989771639686664,0.49989771639686664,0,1,,1,timestamp
3934,-0.16712413728237152,0.49989771639686664,0.49989771639686664,0,1,,1,timestamp
3935,-0.8835500478744507,0.49989771639686664,0.49989771639686664,0,1,,1,timestamp
3936,-0.8633762001991272,0.49989771639686664,0.49989771639686664,0,1,,1,timestamp
3937,-0.8688573241233826,0.49989771639686664,0.49989771639686664,0,1,,1,timestamp
3938,-0.8792842626571655,0.49989771639686664,0.49989771639686664,0,1,,1,timestamp
3939,-0.14524681866168976,0.49989771639686664,0.49989771639686664,0,1,,1,timestamp
3940,-0.1298869550228119,0.49989771639686664,0.49989771639686664,0,1,,1,timestamp
3941,-0.12118362635374069,0.49989771639686664,0.49989771639686664,0,1,,1,timestamp
3942,-0.13283240795135498,0.49989771639686664,0.49989771639686664,0,1,,1,timestamp
3943,-0.12794524431228638,0.49989771639686664,0.49989771639686664,0,1,,1,timestamp
3944,-0.13114356994628906,0.49989771639686664,0.49989771639686664,0,1,,1,timestamp
3945,-0.12349164485931396,0.49989771639686664,0.49989771639686664,0,1,,1,timestamp
3946,-0.13856470584869385,0.49989771639686664,0.49989771639686664,0,1,,1,timestamp
3947,-0.14329521358013153,0.49989771639686664,0.49989771639686664,0,1,,1,timestamp
3948,-0.1436450183391571,0.49989771639686664,0.49989771639686664,0,1,,1,timestamp
3949,-0.14518338441848755,0.49989771639686664,0.49989771639686664,0,1,,1,timestamp
3950,-0.13869081437587738,0.49989771639686664,0.49989771639686664,0,1,,1,timestamp
3951,-0.1393631398677826,0.49989771639686664,0.49989771639686664,0,1,,1,timestamp
3952,-0.13396981358528137,0.49989771639686664,0.49989771639686664,0,1,,1,timestamp
3953,-0.18636031448841095,0.49989771639686664,0.49989771639686664,0,1,,1,timestamp
3954,-0.16380636394023895,0.49989771639686664,0.49989771639686664,0,1,,1,timestamp
3955,-0.15555214881896973,0.49989771639686664,0.49989771639686664,0,1,,1,timestamp
3956,-0.16640746593475342,0.49989771639686664,0.49989771639686664,0,1,,1,timestamp
3957,-0.15789994597434998,0.49989771639686664,0.49989771639686664,0,1,,1,timestamp
3958,-0.1648954302072525,0.49989771639686664,0.49989771639686664,0,1,,1,timestamp
3959,-0.15950684249401093,0.49989771639686664,0.49989771639686664,0,1,,1,timestamp
3960,-0.15391406416893005,0.49989771639686664,0.49989771639686664,0,1,,1,timestamp
3961,-0.17708192765712738,0.49989771639686664,0.49989771639686664,0,1,,1,timestamp
3962,-0.15627047419548035,0.49989771639686664,0.49989771639686664,0,1,,1,timestamp
3963,-0.20006117224693298,0.49989771639686664,0.49989771639686664,0,1,,1,timestamp
3964,-0.18363714218139648,0.49989771639686664,0.49989771639686664,0,1,,1,timestamp
3965,-0.174486443400383,0.49989771639686664,0.49989771639686664,0,1,,1,timestamp
3966,-0.19211317598819733,0.49989771639686664,0.49989771639686664,0,1,,1,timestamp
3967,-0.14141501486301422,0.49989771639686664,0.49989771639686664,0,1,,1,timestamp
3968,-0.13251763582229614,0.49989771639686664,0.49989771639686664,0,1,,1,timestamp
3969,-0.14333975315093994,0.49989771639686664,0.49989771639686664,0,1,,1,timestamp
3970,-0.14024634659290314,0.49989771639686664,0.49989771639686664,0,1,,1,timestamp
3971,-0.14505787193775177,0.49989771639686664,0.49989771639686664,0,1,,1,timestamp
3972,-0.14094547927379608,0.49989771639686664,0.49989771639686664,0,1,,1,timestamp
3973,-0.13897885382175446,0.49989771639686664,0.49989771639686664,0,1,,1,timestamp
3974,-0.14068496227264404,0.49989771639686664,0.49989771639686664,0,1,,1,timestamp
3975,-0.1377507597208023,0.49989771639686664,0.49989771639686664,0,1,,1,timestamp
3976,-0.1358681321144104,0.49989771639686664,0.49989771639686664,0,1,,1,timestamp
3977,-0.1333753913640976,0.49989771639686664,0.49989771639686664,0,1,,1,timestamp
3978,-0.1557166874408722,0.49989771639686664,0.49989771639686664,0,1,,1,timestamp
3979,-0.15250587463378906,0.49989771639686664,0.49989771639686664,0,1,,1,timestamp
3980,-0.1589219719171524,0.49989771639686664,0.49989771639686664,0,1,,1,timestamp
3981,-0.18188388645648956,0.49989771639686664,0.49989771639686664,0,1,,1,timestamp
3982,-0.17841127514839172,0.49989771639686664,0.49989771639686664,0,1,,1,timestamp
3983,-0.15927979350090027,0.49989771639686664,0.49989771639686664,0,1,,1,timestamp
3984,-0.18054208159446716,0.49989771639686664,0.49989771639686664,0,1,,1,timestamp
3985,-0.17749270796775818,0.49989771639686664,0.49989771639686664,0,1,,1,timestamp
3986,-0.1551913172006607,0.49989771639686664,0.49989771639686664,0,1,,1,timestamp
3987,-0.1762322187423706,0.49989771639686664,0.49989771639686664,0,1,,1,timestamp
3988,-0.15353286266326904,0.49989771639686664,0.49989771639686664,0,1,,1,timestamp
3989,-0.15377439558506012,0.49989771639686664,0.49989771639686664,0,1,,1,timestamp
3990,-0.14681141078472137,0.49989771639686664,0.49989771639686664,0,1,,1,timestamp
3991,-0.15186716616153717,0.49989771639686664,0.49989771639686664,0,1,,1,timestamp
3992,-0.13117453455924988,0.49989771639686664,0.49989771639686664,0,1,,1,timestamp
3993,-0.13348878920078278,0.49989771639686664,0.49989771639686664,0,1,,1,timestamp
3994,-0.15466094017028809,0.49989771639686664,0.49989771639686664,0,1,,1,timestamp
3995,-0.15508174896240234,0.49989771639686664,0.49989771639686664,0,1,,1,timestamp
3996,-0.1543613076210022,0.49989771639686664,0.49989771639686664,0,1,,1,timestamp
3997,-0.15715967118740082,0.49989771639686664,0.49989771639686664,0,1,,1,timestamp
3998,-0.13964161276817322,0.49989771639686664,0.49989771639686664,0,1,,1,timestamp
3999,-0.7871220111846924,0.49989771639686664,0.49989771639686664,0,1,2.2428605556488037,1,timestamp
4000,-0.7765541672706604,0.49989771639686664,0.49989771639686664,0,1,,1,timestamp
4001,-0.127485990524292,0.49989771639686664,0.49989771639686664,0,1,,1,timestamp
4002,-0.1274482011795044,0.49989771639686664,0.49989771639686664,0,1,,1,timestamp
4003,-0.1648036539554596,0.49989771639686664,0.49989771639686664,0,1,,1,timestamp
4004,-0.1601089984178543,0.49989771639686664,0.49989771639686664,0,1,,1,timestamp
4005,-0.16912142932415009,0.49989771639686664,0.49989771639686664,0,1,,1,timestamp
4006,-0.15159489214420319,0.49989771639686664,0.49989771639686664,0,1,,1,timestamp
4007,-0.14902757108211517,0.49989771639686664,0.49989771639686664,0,1,,1,timestamp
4008,-0.1694153994321823,0.49989771639686664,0.49989771639686664,0,1,,1,timestamp
4009,-0.15859347581863403,0.49989771639686664,0.49989771639686664,0,1,,1,timestamp
4010,-0.15154682099819183,0.49989771639686664,0.49989771639686664,0,1,,1,timestamp
4011,-0.1991977095603943,0.49989771639686664,0.49989771639686664,0,1,,1,timestamp
4012,-0.1836775243282318,0.49989771639686664,0.49989771639686664,0,1,,1,timestamp
4013,-0.18012481927871704,0.49989771639686664,0.49989771639686664,0,1,,1,timestamp
4014,-0.20499134063720703,0.49989771639686664,0.49989771639686664,0,1,,1,timestamp
4015,-0.18816685676574707,0.49989771639686664,0.49989771639686664,0,1,,1,timestamp
4016,-0.1746838539838791,0.49989771639686664,0.49989771639686664,0,1,,1,timestamp
4017,-0.19458675384521484,0.49989771639686664,0.49989771639686664,0,1,,1,timestamp
4018,-0.1655488908290863,0.49989771639686664,0.49989771639686664,0,1,,1,timestamp
4019,-0.1628686785697937,0.49989771639686664,0.49989771639686664,0,1,,1,timestamp
4020,-0.180732861161232,0.49989771639686664,0.49989771639686664,0,1,,1,timestamp
4021,-0.1786545366048813,0.49989771639686664,0.49989771639686664,0,1,,1,timestamp
4022,-0.19257353246212006,0.49989771639686664,0.49989771639686664,0,1,,1,timestamp
4023,-0.1478785127401352,0.49989771639686664,0.49989771639686664,0,1,,1,timestamp
4024,-0.14189103245735168,0.49989771639686664,0.49989771639686664,0,1,,1,timestamp
4025,-0.13954955339431763,0.49989771639686664,0.49989771639686664,0,1,,1,timestamp
4026,-0.1397610306739807,0.49989771639686664,0.49989771639686664,0,1,,1,timestamp
4027,-0.13485009968280792,0.49989771639686664,0.49989771639686664,0,1,,1,timestamp
4028,-0.12613005936145782,0.49989771639686664,0.49989771639686664,0,1,,1,timestamp
4029,-0.14880317449569702,0.49989771639686664,0.49989771639686664,0,1,,1,timestamp
4030,-0.14078381657600403,0.49989771639686664,0.49989771639686664,0,1,,1,timestamp
4031,-0.13135327398777008,0.49989771639686664,0.49989771639686664,0,1,,1,timestamp
4032,-0.1313682645559311,0.49989771639686664,0.49989771639686664,0,1,,1,timestamp
4033,-0.12529723346233368,0.49989771639686664,0.49989771639686664,0,1,,1,timestamp
4034,-0.1284860223531723,0.49989771639686664,0.49989771639686664,0,1,,1,timestamp
4035,-0.16635234653949738,0.49989771639686664,0.49989771639686664,0,1,,1,timestamp
4036,-0.16160599887371063,0.49989771639686664,0.49989771639686664,0,1,,1,timestamp
4037,-0.1598040759563446,0.49989771639686664,0.49989771639686664,0,1,,1,timestamp
4038,-0.16543179750442505,0.49989771639686664,0.49989771639686664,0,1,,1,timestamp
4039,-0.18019704520702362,0.49989771639686664,0.49989771639686664,0,1,,1,timestamp
4040,-0.16087451577186584,0.49989771639686664,0.49989771639686664,0,1,,1,timestamp
4041,-0.15966591238975525,0.49989771639686664,0.49989771639686664,0,1,,1,timestamp
4042,-0.18333448469638824,0.49989771639686664,0.49989771639686664,0,1,,1,timestamp
4043,-0.1931667923927307,0.49989771639686664,0.49989771639686664,0,1,,1,timestamp
4044,-0.16741806268692017,0.49989771639686664,0.49989771639686664,0,1,,1,timestamp
4045,-0.1596345156431198,0.49989771639686664,0.49989771639686664,0,1,,1,timestamp
4046,-0.18930667638778687,0.49989771639686664,0.49989771639686664,0,1,,1,timestamp
4047,-0.18427500128746033,0.49989771639686664,0.49989771639686664,0,1,,1,timestamp
4048,-0.14903788268566132,0.49989771639686664,0.49989771639686664,0,1,,1,timestamp
4049,-0.12406483292579651,0.49989771639686664,0.49989771639686664,0,1,,1,timestamp
4050,-0.12405264377593994,0.49989771639686664,0.49989771639686664,0,1,,1,timestamp
4051,-0.15242891013622284,0.49989771639686664,0.49989771639686664,0,1,,1,timestamp
4052,-0.14354079961776733,0.49989771639686664,0.49989771639686664,0,1,,1,timestamp
4053,-0.14230681955814362,0.49989771639686664,0.49989771639686664,0,1,,1,timestamp
4054,-0.14380453526973724,0.49989771639686664,0.49989771639686664,0,1,,1,timestamp
4055,-0.13035181164741516,0.49989771639686664,0.49989771639686664,0,1,,1,timestamp
4056,-0.12459772080183029,0.49989771639686664,0.49989771639686664,0,1,,1,timestamp
4057,-0.13461680710315704,0.49989771639686664,0.49989771639686664,0,1,,1,timestamp
4058,-0.1319640874862671,0.49989771639686664,0.49989771639686664,0,1,,1,timestamp
4059,-0.1256796270608902,0.49989771639686664,0.49989771639686664,0,1,,1,timestamp
4060,-0.13339418172836304,0.49989771639686664,0.49989771639686664,0,1,,1,timestamp
4061,-0.13099737465381622,0.49989771639686664,0.49989771639686664,0,1,,1,timestamp
4062,-0.13306894898414612,0.49989771639686664,0.49989771639686664,0,1,,1,timestamp
4063,-0.12460049986839294,0.49989771639686664,0.49989771639686664,0,1,,1,timestamp
4064,-0.12856850028038025,0.49989771639686664,0.49989771639686664,0,1,,1,timestamp
4065,-0.18587011098861694,0.49989771639686664,0.49989771639686664,0,1,,1,timestamp
4066,-0.18241065740585327,0.49989771639686664,0.49989771639686664,0,1,,1,timestamp
4067,-0.19535981118679047,0.49989771639686664,0.49989771639686664,0,1,,1,timestamp
4068,-0.9097548127174377,0.49989771639686664,0.49989771639686664,0,1,,1,timestamp
4069,-0.880081295967102,0.49989771639686664,0.49989771639686664,0,1,,1,timestamp
4070,-0.8815699815750122,0.49989771639686664,0.49989771639686664,0,1,,1,timestamp
4071,-0.8738507032394409,0.49989771639686664,0.49989771639686664,0,1,,1,timestamp
4072,-0.15825027227401733,0.49989771639686664,0.49989771639686664,0,1,,1,timestamp
4073,-0.14879561960697174,0.49989771639686664,0.49989771639686664,0,1,,1,timestamp
4074,-0.16494452953338623,0.49989771639686664,0.49989771639686664,0,1,,1,timestamp
4075,-0.16279909014701843,0.49989771639686664,0.49989771639686664,0,1,,1,timestamp
4076,-0.1548692286014557,0.49989771639686664,0.49989771639686664,0,1,,1,timestamp
4077,-0.19869647920131683,0.49989771639686664,0.49989771639686664,0,1,,1,timestamp
4078,-0.1823038011789322,0.49989771639686664,0.49989771639686664,0,1,,1,timestamp
4079,-0.19153377413749695,0.49989771639686664,0.49989771639686664,0,1,,1,timestamp
4080,-0.16815491020679474,0.49989771639686664,0.49989771639686664,0,1,,1,timestamp
4081,-0.1498790681362152,0.49989771639686664,0.49989771639686664,0,1,,1,timestamp
4082,-0.14647933840751648,0.49989771639686664,0.49989771639686664,0,1,,1,timestamp
4083,-0.13573741912841797,0.49989771639686664,0.49989771639686664,0,1,,1,timestamp
4084,-0.13194109499454498,0.49989771639686664,0.49989771639686664,0,1,,1,timestamp
4085,-0.1327713131904602,0.49989771639686664,0.49989771639686664,0,1,,1,timestamp
4086,-0.12325529754161835,0.49989771639686664,0.49989771639686664,0,1,,1,timestamp
4087,-0.1495678722858429,0.49989771639686664,0.49989771639686664,0,1,,1,timestamp
4088,-0.1407477706670761,0.49989771639686664,0.49989771639686664,0,1,,1,timestamp
4089,-0.1302824467420578,0.49989771639686664,0.49989771639686664,0,1,,1,timestamp
4090,-0.16680240631103516,0.49989771639686664,0.49989771639686664,0,1,,1,timestamp
4091,-0.1554705947637558,0.49989771639686664,0.49989771639686664,0,1,,1,timestamp
4092,-0.17787876725196838,0.49989771639686664,0.49989771639686664,0,1,,1,timestamp
4093,-0.16006585955619812,0.49989771639686664,0.49989771639686664,0,1,,1,timestamp
4094,-0.17903822660446167,0.49989771639686664,0.49989771639686664,0,1,,1,timestamp
4095,-0.16298902034759521,0.49989771639686664,0.49989771639686664,0,1,,1,timestamp
4096,-0.18323826789855957,0.49989771639686664,0.49989771639686664,0,1,,1,timestamp
4097,-0.20048154890537262,0.49989771639686664,0.49989771639686664,0,1,,1,timestamp
4098,-0.18040071427822113,0.49989771639686664,0.49989771639686664,0,1,,1,timestamp
4099,-0.17757192254066467,0.49989771639686664,0.49989771639686664,0,1,2.229081392288208,1,timestamp
4100,-0.18608462810516357,0.49989771639686664,0.49989771639686664,0,1,,1,timestamp
4101,-0.15856240689754486,0.49989771639686664,0.49989771639686664,0,1,,1,timestamp
4102,-0.1693444699048996,0.49989771639686664,0.49989771639686664,0,1,,1,timestamp
4103,-0.14651526510715485,0.49989771639686664,0.49989771639686664,0,1,,1,timestamp
4104,-0.14258146286010742,0.49989771639686664,0.49989771639686664,0,1,,1,timestamp
4105,-0.1404586285352707,0.49989771639686664,0.49989771639686664,0,1,,1,timestamp
4106,-0.1412668228149414,0.49989771639686664,0.49989771639686664,0,1,,1,timestamp
4107,-0.1207144632935524,0.49989771639686664,0.49989771639686664,0,1,,1,timestamp
4108,-0.1193377822637558,0.49989771639686664,0.49989771639686664,0,1,,1,timestamp
4109,-0.1285938322544098,0.49989771639686664,0.49989771639686664,0,1,,1,timestamp
4110,-0.12841615080833435,0.49989771639686664,0.49989771639686664,0,1,,1,timestamp
4111,-0.1532721370458603,0.49989771639686664,0.49989771639686664,0,1,,1,timestamp
4112,-0.14780987799167633,0.49989771639686664,0.49989771639686664,0,1,,1,timestamp
4113,-0.14077001810073853,0.49989771639686664,0.49989771639686664,0,1,,1,timestamp
4114,-0.12574061751365662,0.49989771639686664,0.49989771639686664,0,1,,1,timestamp
4115,-0.1323319524526596,0.49989771639686664,0.49989771639686664,0,1,,1,timestamp
4116,-0.13595253229141235,0.49989771639686664,0.49989771639686664,0,1,,1,timestamp
4117,-0.1443779617547989,0.49989771639686664,0.49989771639686664,0,1,,1,timestamp
4118,-0.13877107203006744,0.49989771639686664,0.49989771639686664,0,1,,1,timestamp
4119,-0.1622619479894638,0.49989771639686664,0.49989771639686664,0,1,,1,timestamp
4120,-0.15312014520168304,0.49989771639686664,0.49989771639686664,0,1,,1,timestamp
4121,-0.1728542149066925,0.49989771639686664,0.49989771639686664,0,1,,1,timestamp
4122,-0.15375904738903046,0.49989771639686664,0.49989771639686664,0,1,,1,timestamp
4123,-0.1799420863389969,0.49989771639686664,0.49989771639686664,0,1,,1,timestamp
4124,-0.14986161887645721,0.49989771639686664,0.49989771639686664,0,1,,1,timestamp
4125,-0.16875049471855164,0.49989771639686664,0.49989771639686664,0,1,,1,timestamp
4126,-0.15323831140995026,0.49989771639686664,0.49989771639686664,0,1,,1,timestamp
4127,-0.9067911505699158,0.49989771639686664,0.49989771639686664,0,1,,1,timestamp
4128,-0.8759471774101257,0.49989771639686664,0.49989771639686664,0,1,,1,timestamp
4129,-0.8635101318359375,0.49989771639686664,0.49989771639686664,0,1,,1,timestamp
4130,-0.17616897821426392,0.49989771639686664,0.49989771639686664,0,1,,1,timestamp
4131,-0.1317824423313141,0.49989771639686664,0.49989771639686664,0,1,,1,timestamp
4132,-0.12519901990890503,0.49989771639686664,0.49989771639686664,0,1,,1,timestamp
4133,-0.13250526785850525,0.49989771639686664,0.49989771639686664,0,1,,1,timestamp
4134,-0.1278071403503418,0.49989771639686664,0.49989771639686664,0,1,,1,timestamp
4135,-0.1362323760986328,0.49989771639686664,0.49989771639686664,0,1,,1,timestamp
4136,-0.13611897826194763,0.49989771639686664,0.49989771639686664,0,1,,1,timestamp
4137,-0.14460644125938416,0.49989771639686664,0.49989771639686664,0,1,,1,timestamp
4138,-0.14520145952701569,0.49989771639686664,0.49989771639686664,0,1,,1,timestamp
4139,-0.14606963098049164,0.49989771639686664,0.49989771639686664,0,1,,1,timestamp
4140,-0.15916773676872253,0.49989771639686664,0.49989771639686664,0,1,,1,timestamp
4141,-0.1479916125535965,0.49989771639686664,0.49989771639686664,0,1,,1,timestamp
4142,-0.17229294776916504,0.49989771639686664,0.49989771639686664,0,1,,1,timestamp
4143,-0.16218999028205872,0.49989771639686664,0.49989771639686664,0,1,,1,timestamp
4144,-0.15488706529140472,0.49989771639686664,0.49989771639686664,0,1,,1,timestamp
4145,-0.1559257060289383,0.49989771639686664,0.49989771639686664,0,1,,1,timestamp
4146,-0.18264709413051605,0.49989771639686664,0.49989771639686664,0,1,,1,timestamp
4147,-0.16872286796569824,0.49989771639686664,0.49989771639686664,0,1,,1,timestamp
4148,-0.16087943315505981,0.49989771639686664,0.49989771639686664,0,1,,1,timestamp
4149,-0.1827189028263092,0.49989771639686664,0.49989771639686664,0,1,,1,timestamp
4150,-0.17341876029968262,0.49989771639686664,0.49989771639686664,0,1,,1,timestamp
4151,-0.16289383172988892,0.49989771639686664,0.49989771639686664,0,1,,1,timestamp
4152,-0.18444794416427612,0.49989771639686664,0.49989771639686664,0,1,,1,timestamp
4153,-0.16002333164215088,0.49989771639686664,0.49989771639686664,0,1,,1,timestamp
4154,-0.1549287736415863,0.49989771639686664,0.49989771639686664,0,1,,1,timestamp
4155,-0.17093311250209808,0.49989771639686664,0.49989771639686664,0,1,,1,timestamp
4156,-0.1585950404405594,0.49989771639686664,0.49989771639686664,0,1,,1,timestamp
4157,-0.15643522143363953,0.49989771639686664,0.49989771639686664,0,1,,1,timestamp
4158,-0.1465509980916977,0.49989771639686664,0.49989771639686664,0,1,,1,timestamp
4159,-0.15073630213737488,0.49989771639686664,0.49989771639686664,0,1,,1,timestamp
4160,-0.12910692393779755,0.49989771639686664,0.49989771639686664,0,1,,1,timestamp
4161,-0.133733332157135,0.49989771639686664,0.49989771639686664,0,1,,1,timestamp
4162,-0.1283665895462036,0.49989771639686664,0.49989771639686664,0,1,,1,timestamp
4163,-0.12498334795236588,0.49989771639686664,0.49989771639686664,0,1,,1,timestamp
4164,-0.14157357811927795,0.49989771639686664,0.49989771639686664,0,1,,1,timestamp
4165,-0.14494279026985168,0.49989771639686664,0.49989771639686664,0,1,,1,timestamp
4166,-0.14661091566085815,0.49989771639686664,0.49989771639686664,0,1,,1,timestamp
4167,-0.14537811279296875,0.49989771639686664,0.49989771639686664,0,1,,1,timestamp
4168,-0.1396331936120987,0.49989771639686664,0.49989771639686664,0,1,,1,timestamp
4169,-0.16187547147274017,0.49989771639686664,0.49989771639686664,0,1,,1,timestamp
4170,-0.1518431156873703,0.49989771639686664,0.49989771639686664,0,1,,1,timestamp
4171,-0.1505492478609085,0.49989771639686664,0.49989771639686664,0,1,,1,timestamp
4172,-0.15270502865314484,0.49989771639686664,0.49989771639686664,0,1,,1,timestamp
4173,-0.14794565737247467,0.49989771639686664,0.49989771639686664,0,1,,1,timestamp
4174,-0.14453087747097015,0.49989771639686664,0.49989771639686664,0,1,,1,timestamp
4175,-0.15913952887058258,0.49989771639686664,0.49989771639686664,0,1,,1,timestamp
4176,-0.18238377571105957,0.49989771639686664,0.49989771639686664,0,1,,1,timestamp
4177,-0.16456715762615204,0.49989771639686664,0.49989771639686664,0,1,,1,timestamp
4178,-0.15876485407352448,0.49989771639686664,0.49989771639686664,0,1,,1,timestamp
4179,-0.16070803999900818,0.49989771639686664,0.49989771639686664,0,1,,1,timestamp
4180,-0.15886715054512024,0.49989771639686664,0.49989771639686664,0,1,,1,timestamp
4181,-0.18015620112419128,0.49989771639686664,0.49989771639686664,0,1,,1,timestamp
4182,-0.16044598817825317,0.49989771639686664,0.49989771639686664,0,1,,1,timestamp
4183,-0.18186651170253754,0.49989771639686664,0.49989771639686664,0,1,,1,timestamp
4184,-0.16499415040016174,0.49989771639686664,0.49989771639686664,0,1,,1,timestamp
4185,-0.17979910969734192,0.49989771639686664,0.49989771639686664,0,1,,1,timestamp
4186,-0.153750479221344,0.49989771639686664,0.49989771639686664,0,1,,1,timestamp
4187,-0.17360681295394897,0.49989771639686664,0.49989771639686664,0,1,,1,timestamp
4188,-0.13731414079666138,0.49989771639686664,0.49989771639686664,0,1,,1,timestamp
4189,-0.1405782848596573,0.49989771639686664,0.49989771639686664,0,1,,1,timestamp
4190,-0.12964412569999695,0.49989771639686664,0.49989771639686664,0,1,,1,timestamp
4191,-0.14245982468128204,0.49989771639686664,0.49989771639686664,0,1,,1,timestamp
4192,-0.14359545707702637,0.49989771639686664,0.49989771639686664,0,1,,1,timestamp
4193,-0.1400134414434433,0.49989771639686664,0.49989771639686664,0,1,,1,timestamp
4194,-0.1428811252117157,0.49989771639686664,0.49989771639686664,0,1,,1,timestamp
4195,-0.9324331283569336,0.49989771639686664,0.49989771639686664,0,1,,1,timestamp
4196,-0.8820443153381348,0.49989771639686664,0.49989771639686664,0,1,,1,timestamp
4197,-0.13029447197914124,0.49989771639686664,0.49989771639686664,0,1,,1,timestamp
4198,-0.12965333461761475,0.49989771639686664,0.49989771639686664,0,1,,1,timestamp
4199,-0.12456829845905304,0.49989771639686664,0.49989771639686664,0,1,2.241630792617798,1,timestamp
4200,-0.1883247047662735,0.49989771639686664,0.49989771639686664,0,1,,1,timestamp
4201,-0.1826135367155075,0.49989771639686664,0.49989771639686664,0,1,,1,timestamp
4202,-0.1783401370048523,0.49989771639686664,0.49989771639686664,0,1,,1,timestamp
4203,-0.1735571026802063,0.49989771639686664,0.49989771639686664,0,1,,1,timestamp
4204,-0.18988355994224548,0.49989771639686664,0.49989771639686664,0,1,,1,timestamp
4205,-0.16448679566383362,0.49989771639686664,0.49989771639686664,0,1,,1,timestamp
4206,-0.15918433666229248,0.49989771639686664,0.49989771639686664,0,1,,1,timestamp
4207,-0.1772173047065735,0.49989771639686664,0.49989771639686664,0,1,,1,timestamp
4208,-0.15600743889808655,0.49989771639686664,0.49989771639686664,0,1,,1,timestamp
4209,-0.15227478742599487,0.49989771639686664,0.49989771639686664,0,1,,1,timestamp
4210,-0.14937426149845123,0.49989771639686664,0.49989771639686664,0,1,,1,timestamp
4211,-0.1804380565881729,0.49989771639686664,0.49989771639686664,0,1,,1,timestamp
4212,-0.16645458340644836,0.49989771639686664,0.49989771639686664,0,1,,1,timestamp
4213,-0.15924686193466187,0.49989771639686664,0.49989771639686664,0,1,,1,timestamp
4214,-0.15629039704799652,0.49989771639686664,0.49989771639686664,0,1,,1,timestamp
4215,-0.15322385728359222,0.49989771639686664,0.49989771639686664,0,1,,1,timestamp
4216,-0.16339755058288574,0.49989771639686664,0.49989771639686664,0,1,,1,timestamp
4217,-0.1439092606306076,0.49989771639686664,0.49989771639686664,0,1,,1,timestamp
4218,-0.14547456800937653,0.49989771639686664,0.49989771639686664,0,1,,1,timestamp
4219,-0.14141589403152466,0.49989771639686664,0.49989771639686664,0,1,,1,timestamp
4220,-0.14524801075458527,0.49989771639686664,0.49989771639686664,0,1,,1,timestamp
4221,-0.14310479164123535,0.49989771639686664,0.49989771639686664,0,1,,1,timestamp
4222,-0.14549320936203003,0.49989771639686664,0.49989771639686664,0,1,,1,timestamp
4223,-0.15077348053455353,0.49989771639686664,0.49989771639686664,0,1,,1,timestamp
4224,-0.1478918045759201,0.49989771639686664,0.49989771639686664,0,1,,1,timestamp
4225,-0.15152662992477417,0.49989771639686664,0.49989771639686664,0,1,,1,timestamp
4226,-0.13991126418113708,0.49989771639686664,0.49989771639686664,0,1,,1,timestamp
4227,-0.15320071578025818,0.49989771639686664,0.49989771639686664,0,1,,1,timestamp
4228,-0.15102128684520721,0.49989771639686664,0.49989771639686664,0,1,,1,timestamp
4229,-0.13256172835826874,0.49989771639686664,0.49989771639686664,0,1,,1,timestamp
4230,-0.16716834902763367,0.49989771639686664,0.49989771639686664,0,1,,1,timestamp
4231,-0.15497222542762756,0.49989771639686664,0.49989771639686664,0,1,,1,timestamp
4232,-0.17614378035068512,0.49989771639686664,0.49989771639686664,0,1,,1,timestamp
4233,-0.15699931979179382,0.49989771639686664,0.49989771639686664,0,1,,1,timestamp
4234,-0.21114441752433777,0.49989771639686664,0.49989771639686664,0,1,,1,timestamp
4235,-0.18990033864974976,0.49989771639686664,0.49989771639686664,0,1,,1,timestamp
4236,-0.18418404459953308,0.49989771639686664,0.49989771639686664,0,1,,1,timestamp
4237,-0.20437504351139069,0.49989771639686664,0.49989771639686664,0,1,,1,timestamp
4238,-0.17971836030483246,0.49989771639686664,0.49989771639686664,0,1,,1,timestamp
4239,-0.17791283130645752,0.49989771639686664,0.49989771639686664,0,1,,1,timestamp
4240,-0.20200173556804657,0.49989771639686664,0.49989771639686664,0,1,,1,timestamp
4241,-0.18303650617599487,0.49989771639686664,0.49989771639686664,0,1,,1,timestamp
4242,-0.17365872859954834,0.49989771639686664,0.49989771639686664,0,1,,1,timestamp
4243,-0.19529613852500916,0.49989771639686664,0.49989771639686664,0,1,,1,timestamp
4244,-0.16752423346042633,0.49989771639686664,0.49989771639686664,0,1,,1,timestamp
4245,-0.1653643101453781,0.49989771639686664,0.49989771639686664,0,1,,1,timestamp
4246,-0.15853232145309448,0.49989771639686664,0.49989771639686664,0,1,,1,timestamp
4247,-0.13946741819381714,0.49989771639686664,0.49989771639686664,0,1,,1,timestamp
4248,-0.14379093050956726,0.49989771639686664,0.49989771639686664,0,1,,1,timestamp
4249,-0.1362963318824768,0.49989771639686664,0.49989771639686664,0,1,,1,timestamp
4250,-0.14426660537719727,0.49989771639686664,0.49989771639686664,0,1,,1,timestamp
4251,-0.14715510606765747,0.49989771639686664,0.49989771639686664,0,1,,1,timestamp
4252,-0.1474134474992752,0.49989771639686664,0.49989771639686664,0,1,,1,timestamp
4253,-0.14239287376403809,0.49989771639686664,0.49989771639686664,0,1,,1,timestamp
4254,-0.1487128883600235,0.49989771639686664,0.49989771639686664,0,1,,1,timestamp
4255,-0.14256103336811066,0.49989771639686664,0.49989771639686664,0,1,,1,timestamp
4256,-0.1266387701034546,0.49989771639686664,0.49989771639686664,0,1,,1,timestamp
4257,-0.13393554091453552,0.49989771639686664,0.49989771639686664,0,1,,1,timestamp
4258,-0.12685932219028473,0.49989771639686664,0.49989771639686664,0,1,,1,timestamp
4259,-0.13068892061710358,0.49989771639686664,0.49989771639686664,0,1,,1,timestamp
4260,-0.14815284311771393,0.49989771639686664,0.49989771639686664,0,1,,1,timestamp
4261,-0.15856318175792694,0.49989771639686664,0.49989771639686664,0,1,,1,timestamp
4262,-0.871571958065033,0.49989771639686664,0.49989771639686664,0,1,,1,timestamp
4263,-0.16006356477737427,0.49989771639686664,0.49989771639686664,0,1,,1,timestamp
4264,-0.15718787908554077,0.49989771639686664,0.49989771639686664,0,1,,1,timestamp
4265,-0.15655376017093658,0.49989771639686664,0.49989771639686664,0,1,,1,timestamp
4266,-0.1485973298549652,0.49989771639686664,0.49989771639686664,0,1,,1,timestamp
4267,-0.16784046590328217,0.49989771639686664,0.49989771639686664,0,1,,1,timestamp
4268,-0.15616711974143982,0.49989771639686664,0.49989771639686664,0,1,,1,timestamp
4269,-0.16824029386043549,0.49989771639686664,0.49989771639686664,0,1,,1,timestamp
4270,-0.1499873399734497,0.49989771639686664,0.49989771639686664,0,1,,1,timestamp
4271,-0.1453423649072647,0.49989771639686664,0.49989771639686664,0,1,,1,timestamp
4272,-0.14476501941680908,0.49989771639686664,0.49989771639686664,0,1,,1,timestamp
4273,-0.14532768726348877,0.49989771639686664,0.49989771639686664,0,1,,1,timestamp
4274,-0.12833131849765778,0.49989771639686664,0.49989771639686664,0,1,,1,timestamp
4275,-0.13027164340019226,0.49989771639686664,0.49989771639686664,0,1,,1,timestamp
4276,-0.12831461429595947,0.49989771639686664,0.49989771639686664,0,1,,1,timestamp
4277,-0.13085287809371948,0.49989771639686664,0.49989771639686664,0,1,,1,timestamp
4278,-0.1580188125371933,0.49989771639686664,0.49989771639686664,0,1,,1,timestamp
4279,-0.15233026444911957,0.49989771639686664,0.49989771639686664,0,1,,1,timestamp
4280,-0.12827268242835999,0.49989771639686664,0.49989771639686664,0,1,,1,timestamp
4281,-0.13032695651054382,0.49989771639686664,0.49989771639686664,0,1,,1,timestamp
4282,-0.1278417855501175,0.49989771639686664,0.49989771639686664,0,1,,1,timestamp
4283,-0.16581836342811584,0.49989771639686664,0.49989771639686664,0,1,,1,timestamp
4284,-0.15812519192695618,0.49989771639686664,0.49989771639686664,0,1,,1,timestamp
4285,-0.1531379371881485,0.49989771639686664,0.49989771639686664,0,1,,1,timestamp
4286,-0.16372111439704895,0.49989771639686664,0.49989771639686664,0,1,,1,timestamp
4287,-0.15454982221126556,0.49989771639686664,0.49989771639686664,0,1,,1,timestamp
4288,-0.16366739571094513,0.49989771639686664,0.49989771639686664,0,1,,1,timestamp
4289,-0.18119877576828003,0.49989771639686664,0.49989771639686664,0,1,,1,timestamp
4290,-0.17317773401737213,0.49989771639686664,0.49989771639686664,0,1,,1,timestamp
4291,-0.18953415751457214,0.49989771639686664,0.49989771639686664,0,1,,1,timestamp
4292,-0.15243852138519287,0.49989771639686664,0.49989771639686664,0,1,,1,timestamp
4293,-0.17197997868061066,0.49989771639686664,0.49989771639686664,0,1,,1,timestamp
4294,-0.14987634122371674,0.49989771639686664,0.49989771639686664,0,1,,1,timestamp
4295,-0.1361256092786789,0.49989771639686664,0.49989771639686664,0,1,,1,timestamp
4296,-0.12734204530715942,0.49989771639686664,0.49989771639686664,0,1,,1,timestamp
4297,-0.1253214180469513,0.49989771639686664,0.49989771639686664,0,1,,1,timestamp
4298,-0.13622380793094635,0.49989771639686664,0.49989771639686664,0,1,,1,timestamp
4299,-0.12650299072265625,0.49989771639686664,0.49989771639686664,0,1,2.2382421493530273,1,timestamp
4300,-0.15698346495628357,0.49989771639686664,0.49989771639686664,0,1,,1,timestamp
4301,-0.1436866968870163,0.49989771639686664,0.49989771639686664,0,1,,1,timestamp
4302,-0.14425639808177948,0.49989771639686664,0.49989771639686664,0,1,,1,timestamp
4303,-0.1369478702545166,0.49989771639686664,0.49989771639686664,0,1,,1,timestamp
4304,-0.18267865478992462,0.49989771639686664,0.49989771639686664,0,1,,1,timestamp
4305,-0.1814848631620407,0.49989771639686664,0.49989771639686664,0,1,,1,timestamp
4306,-0.17747029662132263,0.49989771639686664,0.49989771639686664,0,1,,1,timestamp
4307,-0.195020854473114,0.49989771639686664,0.49989771639686664,0,1,,1,timestamp
4308,-0.16933421790599823,0.49989771639686664,0.49989771639686664,0,1,,1,timestamp
4309,-0.18726201355457306,0.49989771639686664,0.49989771639686664,0,1,,1,timestamp
4310,-0.16384343802928925,0.49989771639686664,0.49989771639686664,0,1,,1,timestamp
4311,-0.16055282950401306,0.49989771639686664,0.49989771639686664,0,1,,1,timestamp
4312,-0.15655936300754547,0.49989771639686664,0.49989771639686664,0,1,,1,timestamp
4313,-0.1770891398191452,0.49989771639686664,0.49989771639686664,0,1,,1,timestamp
4314,-0.16052065789699554,0.49989771639686664,0.49989771639686664,0,1,,1,timestamp
4315,-0.15340541303157806,0.49989771639686664,0.49989771639686664,0,1,,1,timestamp
4316,-0.16974587738513947,0.49989771639686664,0.49989771639686664,0,1,,1,timestamp
4317,-0.6959171295166016,0.49989771639686664,0.49989771639686664,0,1,,1,timestamp
4318,-0.749271810054779,0.49989771639686664,0.49989771639686664,0,1,,1,timestamp
4319,-0.13963186740875244,0.49989771639686664,0.49989771639686664,0,1,,1,timestamp
4320,-0.1448288857936859,0.49989771639686664,0.49989771639686664,0,1,,1,timestamp
4321,-0.1384464055299759,0.49989771639686664,0.49989771639686664,0,1,,1,timestamp
4322,-0.13889002799987793,0.49989771639686664,0.49989771639686664,0,1,,1,timestamp
4323,-0.13539987802505493,0.49989771639686664,0.49989771639686664,0,1,,1,timestamp
4324,-0.13295935094356537,0.49989771639686664,0.49989771639686664,0,1,,1,timestamp
4325,-0.12772884964942932,0.49989771639686664,0.49989771639686664,0,1,,1,timestamp
4326,-0.12956850230693817,0.49989771639686664,0.49989771639686664,0,1,,1,timestamp
4327,-0.12371093779802322,0.49989771639686664,0.49989771639686664,0,1,,1,timestamp
4328,-0.1528484970331192,0.49989771639686664,0.49989771639686664,0,1,,1,timestamp
4329,-0.14488643407821655,0.49989771639686664,0.49989771639686664,0,1,,1,timestamp
4330,-0.14591580629348755,0.49989771639686664,0.49989771639686664,0,1,,1,timestamp
4331,-0.17165504395961761,0.49989771639686664,0.49989771639686664,0,1,,1,timestamp
4332,-0.15522414445877075,0.49989771639686664,0.49989771639686664,0,1,,1,timestamp
4333,-0.17591318488121033,0.49989771639686664,0.49989771639686664,0,1,,1,timestamp
4334,-0.1567400097846985,0.49989771639686664,0.49989771639686664,0,1,,1,timestamp
4335,-0.16500535607337952,0.49989771639686664,0.49989771639686664,0,1,,1,timestamp
4336,-0.15558482706546783,0.49989771639686664,0.49989771639686664,0,1,,1,timestamp
4337,-0.1681443750858307,0.49989771639686664,0.49989771639686664,0,1,,1,timestamp
4338,-0.16475772857666016,0.49989771639686664,0.49989771639686664,0,1,,1,timestamp
4339,-0.1587870717048645,0.49989771639686664,0.49989771639686664,0,1,,1,timestamp
4340,-0.16335058212280273,0.49989771639686664,0.49989771639686664,0,1,,1,timestamp
4341,-0.1556844264268875,0.49989771639686664,0.49989771639686664,0,1,,1,timestamp
4342,-0.16742274165153503,0.49989771639686664,0.49989771639686664,0,1,,1,timestamp
4343,-0.16532593965530396,0.49989771639686664,0.49989771639686664,0,1,,1,timestamp
4344,-0.17806154489517212,0.49989771639686664,0.49989771639686664,0,1,,1,timestamp
4345,-0.1453051120042801,0.49989771639686664,0.49989771639686664,0,1,,1,timestamp
4346,-0.1469472050666809,0.49989771639686664,0.49989771639686664,0,1,,1,timestamp
4347,-0.137946218252182,0.49989771639686664,0.49989771639686664,0,1,,1,timestamp
4348,-0.12787634134292603,0.49989771639686664,0.49989771639686664,0,1,,1,timestamp
4349,-0.12367518991231918,0.49989771639686664,0.49989771639686664,0,1,,1,timestamp
4350,-0.1297261118888855,0.49989771639686664,0.49989771639686664,0,1,,1,timestamp
4351,-0.12524431943893433,0.49989771639686664,0.49989771639686664,0,1,,1,timestamp
4352,-0.1317000538110733,0.49989771639686664,0.49989771639686664,0,1,,1,timestamp
4353,-0.12718601524829865,0.49989771639686664,0.49989771639686664,0,1,,1,timestamp
4354,-0.15447643399238586,0.49989771639686664,0.49989771639686664,0,1,,1,timestamp
4355,-0.1644437611103058,0.49989771639686664,0.49989771639686664,0,1,,1,timestamp
4356,-0.15990594029426575,0.49989771639686664,0.49989771639686664,0,1,,1,timestamp
4357,-0.15704606473445892,0.49989771639686664,0.49989771639686664,0,1,,1,timestamp
4358,-0.15279711782932281,0.49989771639686664,0.49989771639686664,0,1,,1,timestamp
4359,-0.1721840798854828,0.49989771639686664,0.49989771639686664,0,1,,1,timestamp
4360,-0.1546526402235031,0.49989771639686664,0.49989771639686664,0,1,,1,timestamp
4361,-0.1619001179933548,0.49989771639686664,0.49989771639686664,0,1,,1,timestamp
4362,-0.15058189630508423,0.49989771639686664,0.49989771639686664,0,1,,1,timestamp
4363,-0.14856505393981934,0.49989771639686664,0.49989771639686664,0,1,,1,timestamp
4364,-0.13954748213291168,0.49989771639686664,0.49989771639686664,0,1,,1,timestamp
4365,-0.17355641722679138,0.49989771639686664,0.49989771639686664,0,1,,1,timestamp
4366,-0.1654985249042511,0.49989771639686664,0.49989771639686664,0,1,,1,timestamp
4367,-0.16944117844104767,0.49989771639686664,0.49989771639686664,0,1,,1,timestamp
4368,-0.1595759093761444,0.49989771639686664,0.49989771639686664,0,1,,1,timestamp
4369,-0.14357826113700867,0.49989771639686664,0.49989771639686664,0,1,,1,timestamp
4370,-0.14135479927062988,0.49989771639686664,0.49989771639686664,0,1,,1,timestamp
4371,-0.14156383275985718,0.49989771639686664,0.49989771639686664,0,1,,1,timestamp
4372,-0.13865666091442108,0.49989771639686664,0.49989771639686664,0,1,,1,timestamp
4373,-0.15277805924415588,0.49989771639686664,0.49989771639686664,0,1,,1,timestamp
4374,-0.14710019528865814,0.49989771639686664,0.49989771639686664,0,1,,1,timestamp
4375,-0.12915796041488647,0.49989771639686664,0.49989771639686664,0,1,,1,timestamp
4376,-0.8766093850135803,0.49989771639686664,0.49989771639686664,0,1,,1,timestamp
4377,-0.1371464729309082,0.49989771639686664,0.49989771639686664,0,1,,1,timestamp
4378,-0.14122186601161957,0.49989771639686664,0.49989771639686664,0,1,,1,timestamp
4379,-0.19270718097686768,0.49989771639686664,0.49989771639686664,0,1,,1,timestamp
4380,-0.17195045948028564,0.49989771639686664,0.49989771639686664,0,1,,1,timestamp
4381,-0.19055227935314178,0.49989771639686664,0.49989771639686664,0,1,,1,timestamp
4382,-0.14797000586986542,0.49989771639686664,0.49989771639686664,0,1,,1,timestamp
4383,-0.17440320551395416,0.49989771639686664,0.49989771639686664,0,1,,1,timestamp
4384,-0.15971340239048004,0.49989771639686664,0.49989771639686664,0,1,,1,timestamp
4385,-0.1580481231212616,0.49989771639686664,0.49989771639686664,0,1,,1,timestamp
4386,-0.18069981038570404,0.49989771639686664,0.49989771639686664,0,1,,1,timestamp
4387,-0.16665317118167877,0.49989771639686664,0.49989771639686664,0,1,,1,timestamp
4388,-0.15811558067798615,0.49989771639686664,0.49989771639686664,0,1,,1,timestamp
4389,-0.17788217961788177,0.49989771639686664,0.49989771639686664,0,1,,1,timestamp
4390,-0.15188661217689514,0.49989771639686664,0.49989771639686664,0,1,,1,timestamp
4391,-0.1652793288230896,0.49989771639686664,0.49989771639686664,0,1,,1,timestamp
4392,-0.13290278613567352,0.49989771639686664,0.49989771639686664,0,1,,1,timestamp
4393,-0.15771402418613434,0.49989771639686664,0.49989771639686664,0,1,,1,timestamp
4394,-0.15071873366832733,0.49989771639686664,0.49989771639686664,0,1,,1,timestamp
4395,-0.14286725223064423,0.49989771639686664,0.49989771639686664,0,1,,1,timestamp
4396,-0.16272225975990295,0.49989771639686664,0.49989771639686664,0,1,,1,timestamp
4397,-0.1311572641134262,0.49989771639686664,0.49989771639686664,0,1,,1,timestamp
4398,-0.12494601309299469,0.49989771639686664,0.49989771639686664,0,1,,1,timestamp
4399,-0.14025571942329407,0.49989771639686664,0.49989771639686664,0,1,2.2263102531433105,1,timestamp
4400,-0.13538074493408203,0.49989771639686664,0.49989771639686664,0,1,,1,timestamp
4401,-0.1290353685617447,0.49989771639686664,0.49989771639686664,0,1,,1,timestamp
4402,-0.1643524020910263,0.49989771639686664,0.49989771639686664,0,1,,1,timestamp
4403,-0.15742994844913483,0.49989771639686664,0.49989771639686664,0,1,,1,timestamp
4404,-0.15589408576488495,0.49989771639686664,0.49989771639686664,0,1,,1,timestamp
4405,-0.18250106275081635,0.49989771639686664,0.49989771639686664,0,1,,1,timestamp
4406,-0.1779852956533432,0.49989771639686664,0.49989771639686664,0,1,,1,timestamp
4407,-0.16493195295333862,0.49989771639686664,0.49989771639686664,0,1,,1,timestamp
4408,-0.1539638340473175,0.49989771639686664,0.49989771639686664,0,1,,1,timestamp
4409,-0.16016428172588348,0.49989771639686664,0.49989771639686664,0,1,,1,timestamp
4410,-0.1773320883512497,0.49989771639686664,0.49989771639686664,0,1,,1,timestamp
4411,-0.13037090003490448,0.49989771639686664,0.49989771639686664,0,1,,1,timestamp
4412,-0.132054403424263,0.49989771639686664,0.49989771639686664,0,1,,1,timestamp
4413,-0.12558239698410034,0.49989771639686664,0.49989771639686664,0,1,,1,timestamp
4414,-0.12931926548480988,0.49989771639686664,0.49989771639686664,0,1,,1,timestamp
4415,-0.1237422525882721,0.49989771639686664,0.49989771639686664,0,1,,1,timestamp
4416,-0.15933462977409363,0.49989771639686664,0.49989771639686664,0,1,,1,timestamp
4417,-0.1451227068901062,0.49989771639686664,0.49989771639686664,0,1,,1,timestamp
4418,-0.15031608939170837,0.49989771639686664,0.49989771639686664,0,1,,1,timestamp
4419,-0.14220356941223145,0.49989771639686664,0.49989771639686664,0,1,,1,timestamp
4420,-0.13795749843120575,0.49989771639686664,0.49989771639686664,0,1,,1,timestamp
4421,-0.1475539207458496,0.49989771639686664,0.49989771639686664,0,1,,1,timestamp
4422,-0.1430455893278122,0.49989771639686664,0.49989771639686664,0,1,,1,timestamp
4423,-0.1248701885342598,0.49989771639686664,0.49989771639686664,0,1,,1,timestamp
4424,-0.1272697150707245,0.49989771639686664,0.49989771639686664,0,1,,1,timestamp
4425,-0.16746315360069275,0.49989771639686664,0.49989771639686664,0,1,,1,timestamp
4426,-0.16428795456886292,0.49989771639686664,0.49989771639686664,0,1,,1,timestamp
4427,-0.16199524700641632,0.49989771639686664,0.49989771639686664,0,1,,1,timestamp
4428,-0.8534867167472839,0.49989771639686664,0.49989771639686664,0,1,,1,timestamp
4429,-0.8553619980812073,0.49989771639686664,0.49989771639686664,0,1,,1,timestamp
4430,-0.15992464125156403,0.49989771639686664,0.49989771639686664,0,1,,1,timestamp
4431,-0.15475767850875854,0.49989771639686664,0.49989771639686664,0,1,,1,timestamp
4432,-0.14943940937519073,0.49989771639686664,0.49989771639686664,0,1,,1,timestamp
4433,-0.16783463954925537,0.49989771639686664,0.49989771639686664,0,1,,1,timestamp
4434,-0.17502617835998535,0.49989771639686664,0.49989771639686664,0,1,,1,timestamp
4435,-0.16097505390644073,0.49989771639686664,0.49989771639686664,0,1,,1,timestamp
4436,-0.15262506902217865,0.49989771639686664,0.49989771639686664,0,1,,1,timestamp
4437,-0.1476094275712967,0.49989771639686664,0.49989771639686664,0,1,,1,timestamp
4438,-0.13011887669563293,0.49989771639686664,0.49989771639686664,0,1,,1,timestamp
4439,-0.13854598999023438,0.49989771639686664,0.49989771639686664,0,1,,1,timestamp
4440,-0.14361639320850372,0.49989771639686664,0.49989771639686664,0,1,,1,timestamp
4441,-0.13801847398281097,0.49989771639686664,0.49989771639686664,0,1,,1,timestamp
4442,-0.13564513623714447,0.49989771639686664,0.49989771639686664,0,1,,1,timestamp
4443,-0.13422703742980957,0.49989771639686664,0.49989771639686664,0,1,,1,timestamp
4444,-0.13254544138908386,0.49989771639686664,0.49989771639686664,0,1,,1,timestamp
4445,-0.16551072895526886,0.49989771639686664,0.49989771639686664,0,1,,1,timestamp
4446,-0.16259445250034332,0.49989771639686664,0.49989771639686664,0,1,,1,timestamp
4447,-0.15897126495838165,0.49989771639686664,0.49989771639686664,0,1,,1,timestamp
4448,-0.153823122382164,0.49989771639686664,0.49989771639686664,0,1,,1,timestamp
4449,-0.17657199501991272,0.49989771639686664,0.49989771639686664,0,1,,1,timestamp
4450,-0.1648487001657486,0.49989771639686664,0.49989771639686664,0,1,,1,timestamp
4451,-0.15994088351726532,0.49989771639686664,0.49989771639686664,0,1,,1,timestamp
4452,-0.15719474852085114,0.49989771639686664,0.49989771639686664,0,1,,1,timestamp
4453,-0.1800396740436554,0.49989771639686664,0.49989771639686664,0,1,,1,timestamp
4454,-0.16597458720207214,0.49989771639686664,0.49989771639686664,0,1,,1,timestamp
4455,-0.15993639826774597,0.49989771639686664,0.49989771639686664,0,1,,1,timestamp
4456,-0.16714122891426086,0.49989771639686664,0.49989771639686664,0,1,,1,timestamp
4457,-0.16478466987609863,0.49989771639686664,0.49989771639686664,0,1,,1,timestamp
4458,-0.15604718029499054,0.49989771639686664,0.49989771639686664,0,1,,1,timestamp
4459,-0.1619381457567215,0.49989771639686664,0.49989771639686664,0,1,,1,timestamp
4460,-0.15253210067749023,0.49989771639686664,0.49989771639686664,0,1,,1,timestamp
4461,-0.1677846610546112,0.49989771639686664,0.49989771639686664,0,1,,1,timestamp
4462,-0.1446177214384079,0.49989771639686664,0.49989771639686664,0,1,,1,timestamp
4463,-0.13748133182525635,0.49989771639686664,0.49989771639686664,0,1,,1,timestamp
4464,-0.14570793509483337,0.49989771639686664,0.49989771639686664,0,1,,1,timestamp
4465,-0.14359185099601746,0.49989771639686664,0.49989771639686664,0,1,,1,timestamp
4466,-0.1349572241306305,0.49989771639686664,0.49989771639686664,0,1,,1,timestamp
4467,-0.1337081342935562,0.49989771639686664,0.49989771639686664,0,1,,1,timestamp
4468,-0.13104555010795593,0.49989771639686664,0.49989771639686664,0,1,,1,timestamp
4469,-0.12998175621032715,0.49989771639686664,0.49989771639686664,0,1,,1,timestamp
4470,-0.12804891169071198,0.49989771639686664,0.49989771639686664,0,1,,1,timestamp
4471,-0.12412473559379578,0.49989771639686664,0.49989771639686664,0,1,,1,timestamp
4472,-0.15163519978523254,0.49989771639686664,0.49989771639686664,0,1,,1,timestamp
4473,-0.16879120469093323,0.49989771639686664,0.49989771639686664,0,1,,1,timestamp
4474,-0.16530592739582062,0.49989771639686664,0.49989771639686664,0,1,,1,timestamp
4475,-0.1563200205564499,0.49989771639686664,0.49989771639686664,0,1,,1,timestamp
4476,-0.16545741260051727,0.49989771639686664,0.49989771639686664,0,1,,1,timestamp
4477,-0.16132943332195282,0.49989771639686664,0.49989771639686664,0,1,,1,timestamp
4478,-0.18332791328430176,0.49989771639686664,0.49989771639686664,0,1,,1,timestamp
4479,-0.1697794795036316,0.49989771639686664,0.49989771639686664,0,1,,1,timestamp
4480,-0.16707803308963776,0.49989771639686664,0.49989771639686664,0,1,,1,timestamp
4481,-0.16540992259979248,0.49989771639686664,0.49989771639686664,0,1,,1,timestamp
4482,-0.15353909134864807,0.49989771639686664,0.49989771639686664,0,1,,1,timestamp
4483,-0.17434391379356384,0.49989771639686664,0.49989771639686664,0,1,,1,timestamp
4484,-0.1804179698228836,0.49989771639686664,0.49989771639686664,0,1,,1,timestamp
4485,-0.845860481262207,0.49989771639686664,0.49989771639686664,0,1,,1,timestamp
4486,-0.8620303273200989,0.49989771639686664,0.49989771639686664,0,1,,1,timestamp
4487,-0.13823208212852478,0.49989771639686664,0.49989771639686664,0,1,,1,timestamp
4488,-0.1622336059808731,0.49989771639686664,0.49989771639686664,0,1,,1,timestamp
4489,-0.15523789823055267,0.49989771639686664,0.49989771639686664,0,1,,1,timestamp
4490,-0.14884454011917114,0.49989771639686664,0.49989771639686664,0,1,,1,timestamp
4491,-0.14799277484416962,0.49989771639686664,0.49989771639686664,0,1,,1,timestamp
4492,-0.14325283467769623,0.49989771639686664,0.49989771639686664,0,1,,1,timestamp
4493,-0.1449870467185974,0.49989771639686664,0.49989771639686664,0,1,,1,timestamp
4494,-0.12966959178447723,0.49989771639686664,0.49989771639686664,0,1,,1,timestamp
4495,-0.12316803634166718,0.49989771639686664,0.49989771639686664,0,1,,1,timestamp
4496,-0.15826775133609772,0.49989771639686664,0.49989771639686664,0,1,,1,timestamp
4497,-0.15119294822216034,0.49989771639686664,0.49989771639686664,0,1,,1,timestamp
4498,-0.13396014273166656,0.49989771639686664,0.49989771639686664,0,1,,1,timestamp
4499,-0.1313004493713379,0.49989771639686664,0.49989771639686664,0,1,2.252685785293579,1,timestamp
4500,-0.16324719786643982,0.49989771639686664,0.49989771639686664,0,1,,1,timestamp
4501,-0.17193803191184998,0.49989771639686664,0.49989771639686664,0,1,,1,timestamp
4502,-0.15972167253494263,0.49989771639686664,0.49989771639686664,0,1,,1,timestamp
4503,-0.15622562170028687,0.49989771639686664,0.49989771639686664,0,1,,1,timestamp
4504,-0.1752760410308838,0.49989771639686664,0.49989771639686664,0,1,,1,timestamp
4505,-0.15911191701889038,0.49989771639686664,0.49989771639686664,0,1,,1,timestamp
4506,-0.18444743752479553,0.49989771639686664,0.49989771639686664,0,1,,1,timestamp
4507,-0.1758621782064438,0.49989771639686664,0.49989771639686664,0,1,,1,timestamp
4508,-0.20396345853805542,0.49989771639686664,0.49989771639686664,0,1,,1,timestamp
4509,-0.18343235552310944,0.49989771639686664,0.49989771639686664,0,1,,1,timestamp
4510,-0.17784099280834198,0.49989771639686664,0.49989771639686664,0,1,,1,timestamp
4511,-0.19503134489059448,0.49989771639686664,0.49989771639686664,0,1,,1,timestamp
4512,-0.16531500220298767,0.49989771639686664,0.49989771639686664,0,1,,1,timestamp
4513,-0.1264084279537201,0.49989771639686664,0.49989771639686664,0,1,,1,timestamp
4514,-0.1298387050628662,0.49989771639686664,0.49989771639686664,0,1,,1,timestamp
4515,-0.15276765823364258,0.49989771639686664,0.49989771639686664,0,1,,1,timestamp
4516,-0.14669418334960938,0.49989771639686664,0.49989771639686664,0,1,,1,timestamp
4517,-0.14500585198402405,0.49989771639686664,0.49989771639686664,0,1,,1,timestamp
4518,-0.14770667254924774,0.49989771639686664,0.49989771639686664,0,1,,1,timestamp
4519,-0.1281871795654297,0.49989771639686664,0.49989771639686664,0,1,,1,timestamp
4520,-0.12780599296092987,0.49989771639686664,0.49989771639686664,0,1,,1,timestamp
4521,-0.1385987102985382,0.49989771639686664,0.49989771639686664,0,1,,1,timestamp
4522,-0.13439348340034485,0.49989771639686664,0.49989771639686664,0,1,,1,timestamp
4523,-0.1670641005039215,0.49989771639686664,0.49989771639686664,0,1,,1,timestamp
4524,-0.1500891149044037,0.49989771639686664,0.49989771639686664,0,1,,1,timestamp
4525,-0.17733559012413025,0.49989771639686664,0.49989771639686664,0,1,,1,timestamp
4526,-0.16081224381923676,0.49989771639686664,0.49989771639686664,0,1,,1,timestamp
4527,-0.14859504997730255,0.49989771639686664,0.49989771639686664,0,1,,1,timestamp
4528,-0.18159735202789307,0.49989771639686664,0.49989771639686664,0,1,,1,timestamp
4529,-0.17737652361392975,0.49989771639686664,0.49989771639686664,0,1,,1,timestamp
4530,-0.17286626994609833,0.49989771639686664,0.49989771639686664,0,1,,1,timestamp
4531,-0.17283844947814941,0.49989771639686664,0.49989771639686664,0,1,,1,timestamp
4532,-0.18870727717876434,0.49989771639686664,0.49989771639686664,0,1,,1,timestamp
4533,-0.14763501286506653,0.49989771639686664,0.49989771639686664,0,1,,1,timestamp
4534,-0.14496274292469025,0.49989771639686664,0.49989771639686664,0,1,,1,timestamp
4535,-0.12771351635456085,0.49989771639686664,0.49989771639686664,0,1,,1,timestamp
4536,-0.1291521191596985,0.49989771639686664,0.49989771639686664,0,1,,1,timestamp
4537,-0.1559811681509018,0.49989771639686664,0.49989771639686664,0,1,,1,timestamp
4538,-0.1296575963497162,0.49989771639686664,0.49989771639686664,0,1,,1,timestamp
4539,-0.13020765781402588,0.49989771639686664,0.49989771639686664,0,1,,1,timestamp
4540,-0.1328851282596588,0.49989771639686664,0.49989771639686664,0,1,,1,timestamp
4541,-0.8640705943107605,0.49989771639686664,0.49989771639686664,0,1,,1,timestamp
4542,-0.14156612753868103,0.49989771639686664,0.49989771639686664,0,1,,1,timestamp
4543,-0.13533779978752136,0.49989771639686664,0.49989771639686664,0,1,,1,timestamp
4544,-0.18488845229148865,0.49989771639686664,0.49989771639686664,0,1,,1,timestamp
4545,-0.18307586014270782,0.49989771639686664,0.49989771639686664,0,1,,1,timestamp
4546,-0.1739458441734314,0.49989771639686664,0.49989771639686664,0,1,,1,timestamp
4547,-0.16736872494220734,0.49989771639686664,0.49989771639686664,0,1,,1,timestamp
4548,-0.16565878689289093,0.49989771639686664,0.49989771639686664,0,1,,1,timestamp
4549,-0.18994492292404175,0.49989771639686664,0.49989771639686664,0,1,,1,timestamp
4550,-0.1872890740633011,0.49989771639686664,0.49989771639686664,0,1,,1,timestamp
4551,-0.1900128573179245,0.49989771639686664,0.49989771639686664,0,1,,1,timestamp
4552,-0.18029822409152985,0.49989771639686664,0.49989771639686664,0,1,,1,timestamp
4553,-0.14815041422843933,0.49989771639686664,0.49989771639686664,0,1,,1,timestamp
4554,-0.16707950830459595,0.49989771639686664,0.49989771639686664,0,1,,1,timestamp
4555,-0.16356682777404785,0.49989771639686664,0.49989771639686664,0,1,,1,timestamp
4556,-0.15941910445690155,0.49989771639686664,0.49989771639686664,0,1,,1,timestamp
4557,-0.16197380423545837,0.49989771639686664,0.49989771639686664,0,1,,1,timestamp
4558,-0.1600172072649002,0.49989771639686664,0.49989771639686664,0,1,,1,timestamp
4559,-0.15128250420093536,0.49989771639686664,0.49989771639686664,0,1,,1,timestamp
4560,-0.1701970100402832,0.49989771639686664,0.49989771639686664,0,1,,1,timestamp
4561,-0.14213934540748596,0.49989771639686664,0.49989771639686664,0,1,,1,timestamp
4562,-0.14362920820713043,0.49989771639686664,0.49989771639686664,0,1,,1,timestamp
4563,-0.13568928837776184,0.49989771639686664,0.49989771639686664,0,1,,1,timestamp
4564,-0.14079242944717407,0.49989771639686664,0.49989771639686664,0,1,,1,timestamp
4565,-0.1391991227865219,0.49989771639686664,0.49989771639686664,0,1,,1,timestamp
4566,-0.14225029945373535,0.49989771639686664,0.49989771639686664,0,1,,1,timestamp
4567,-0.1431242823600769,0.49989771639686664,0.49989771639686664,0,1,,1,timestamp
4568,-0.14346498250961304,0.49989771639686664,0.49989771639686664,0,1,,1,timestamp
4569,-0.14348919689655304,0.49989771639686664,0.49989771639686664,0,1,,1,timestamp
4570,-0.14531493186950684,0.49989771639686664,0.49989771639686664,0,1,,1,timestamp
4571,-0.14348097145557404,0.49989771639686664,0.49989771639686664,0,1,,1,timestamp
4572,-0.14644843339920044,0.49989771639686664,0.49989771639686664,0,1,,1,timestamp
4573,-0.12852182984352112,0.49989771639686664,0.49989771639686664,0,1,,1,timestamp
4574,-0.1371651589870453,0.49989771639686664,0.49989771639686664,0,1,,1,timestamp
4575,-0.13371387124061584,0.49989771639686664,0.49989771639686664,0,1,,1,timestamp
4576,-0.1510152816772461,0.49989771639686664,0.49989771639686664,0,1,,1,timestamp
4577,-0.14454853534698486,0.49989771639686664,0.49989771639686664,0,1,,1,timestamp
4578,-0.15847313404083252,0.49989771639686664,0.49989771639686664,0,1,,1,timestamp
4579,-0.164709210395813,0.49989771639686664,0.49989771639686664,0,1,,1,timestamp
4580,-0.1617712676525116,0.49989771639686664,0.49989771639686664,0,1,,1,timestamp
4581,-0.19616344571113586,0.49989771639686664,0.49989771639686664,0,1,,1,timestamp
4582,-0.17807196080684662,0.49989771639686664,0.49989771639686664,0,1,,1,timestamp
4583,-0.17444659769535065,0.49989771639686664,0.49989771639686664,0,1,,1,timestamp
4584,-0.18888242542743683,0.49989771639686664,0.49989771639686664,0,1,,1,timestamp
4585,-0.18049880862236023,0.49989771639686664,0.49989771639686664,0,1,,1,timestamp
4586,-0.14018023014068604,0.49989771639686664,0.49989771639686664,0,1,,1,timestamp
4587,-0.138085275888443,0.49989771639686664,0.49989771639686664,0,1,,1,timestamp
4588,-0.13307467103004456,0.49989771639686664,0.49989771639686664,0,1,,1,timestamp
4589,-0.13125599920749664,0.49989771639686664,0.49989771639686664,0,1,,1,timestamp
4590,-0.12653720378875732,0.49989771639686664,0.49989771639686664,0,1,,1,timestamp
4591,-0.13447192311286926,0.49989771639686664,0.49989771639686664,0,1,,1,timestamp
4592,-0.13328273594379425,0.49989771639686664,0.49989771639686664,0,1,,1,timestamp
4593,-0.1353827565908432,0.49989771639686664,0.49989771639686664,0,1,,1,timestamp
4594,-0.13796596229076385,0.49989771639686664,0.49989771639686664,0,1,,1,timestamp
4595,-0.12754231691360474,0.49989771639686664,0.49989771639686664,0,1,,1,timestamp
4596,-0.15024647116661072,0.49989771639686664,0.49989771639686664,0,1,,1,timestamp
4597,-0.14419563114643097,0.49989771639686664,0.49989771639686664,0,1,,1,timestamp
4598,-0.14116732776165009,0.49989771639686664,0.49989771639686664,0,1,,1,timestamp
4599,-0.14702728390693665,0.49989771639686664,0.49989771639686664,0,1,2.275006055831909,1,timestamp
4600,-0.13839268684387207,0.49989771639686664,0.49989771639686664,0,1,,1,timestamp
4601,-0.14186158776283264,0.49989771639686664,0.49989771639686664,0,1,,1,timestamp
4602,-0.18821343779563904,0.49989771639686664,0.49989771639686664,0,1,,1,timestamp
4603,-0.20224407315254211,0.49989771639686664,0.49989771639686664,0,1,,1,timestamp
4604,-0.18124419450759888,0.49989771639686664,0.49989771639686664,0,1,,1,timestamp
4605,-0.903357982635498,0.49989771639686664,0.49989771639686664,0,1,,1,timestamp
4606,-0.8655524253845215,0.49989771639686664,0.49989771639686664,0,1,,1,timestamp
4607,-0.15885767340660095,0.49989771639686664,0.49989771639686664,0,1,,1,timestamp
4608,-0.2061307281255722,0.49989771639686664,0.49989771639686664,0,1,,1,timestamp
4609,-0.18762077391147614,0.49989771639686664,0.49989771639686664,0,1,,1,timestamp
4610,-0.1822769194841385,0.49989771639686664,0.49989771639686664,0,1,,1,timestamp
4611,-0.16630780696868896,0.49989771639686664,0.49989771639686664,0,1,,1,timestamp
4612,-0.15983834862709045,0.49989771639686664,0.49989771639686664,0,1,,1,timestamp
4613,-0.14196351170539856,0.49989771639686664,0.49989771639686664,0,1,,1,timestamp
4614,-0.1539856344461441,0.49989771639686664,0.49989771639686664,0,1,,1,timestamp
4615,-0.14721833169460297,0.49989771639686664,0.49989771639686664,0,1,,1,timestamp
4616,-0.1472150981426239,0.49989771639686664,0.49989771639686664,0,1,,1,timestamp
4617,-0.127945214509964,0.49989771639686664,0.49989771639686664,0,1,,1,timestamp
4618,-0.129988431930542,0.49989771639686664,0.49989771639686664,0,1,,1,timestamp
4619,-0.12407395243644714,0.49989771639686664,0.49989771639686664,0,1,,1,timestamp
4620,-0.14416629076004028,0.49989771639686664,0.49989771639686664,0,1,,1,timestamp
4621,-0.14685603976249695,0.49989771639686664,0.49989771639686664,0,1,,1,timestamp
4622,-0.15199576318264008,0.49989771639686664,0.49989771639686664,0,1,,1,timestamp
4623,-0.1424521654844284,0.49989771639686664,0.49989771639686664,0,1,,1,timestamp
4624,-0.1374037116765976,0.49989771639686664,0.49989771639686664,0,1,,1,timestamp
4625,-0.1535467505455017,0.49989771639686664,0.49989771639686664,0,1,,1,timestamp
4626,-0.15130317211151123,0.49989771639686664,0.49989771639686664,0,1,,1,timestamp
4627,-0.148955300450325,0.49989771639686664,0.49989771639686664,0,1,,1,timestamp
4628,-0.1692141741514206,0.49989771639686664,0.49989771639686664,0,1,,1,timestamp
4629,-0.1619943380355835,0.49989771639686664,0.49989771639686664,0,1,,1,timestamp
4630,-0.1609799712896347,0.49989771639686664,0.49989771639686664,0,1,,1,timestamp
4631,-0.1638260930776596,0.49989771639686664,0.49989771639686664,0,1,,1,timestamp
4632,-0.16156935691833496,0.49989771639686664,0.49989771639686664,0,1,,1,timestamp
4633,-0.20419320464134216,0.49989771639686664,0.49989771639686664,0,1,,1,timestamp
4634,-0.17809873819351196,0.49989771639686664,0.49989771639686664,0,1,,1,timestamp
4635,-0.18308696150779724,0.49989771639686664,0.49989771639686664,0,1,,1,timestamp
4636,-0.16936080157756805,0.49989771639686664,0.49989771639686664,0,1,,1,timestamp
4637,-0.16559751331806183,0.49989771639686664,0.49989771639686664,0,1,,1,timestamp
4638,-0.16154159605503082,0.49989771639686664,0.49989771639686664,0,1,,1,timestamp
4639,-0.21064724028110504,0.49989771639686664,0.49989771639686664,0,1,,1,timestamp
4640,-0.18691104650497437,0.49989771639686664,0.49989771639686664,0,1,,1,timestamp
4641,-0.18125618994235992,0.49989771639686664,0.49989771639686664,0,1,,1,timestamp
4642,-0.2018977552652359,0.49989771639686664,0.49989771639686664,0,1,,1,timestamp
4643,-0.1311817318201065,0.49989771639686664,0.49989771639686664,0,1,,1,timestamp
4644,-0.1324767917394638,0.49989771639686664,0.49989771639686664,0,1,,1,timestamp
4645,-0.12645791471004486,0.49989771639686664,0.49989771639686664,0,1,,1,timestamp
4646,-0.13027383387088776,0.49989771639686664,0.49989771639686664,0,1,,1,timestamp
4647,-0.13390490412712097,0.49989771639686664,0.49989771639686664,0,1,,1,timestamp
4648,-0.1459927260875702,0.49989771639686664,0.49989771639686664,0,1,,1,timestamp
4649,-0.16337062418460846,0.49989771639686664,0.49989771639686664,0,1,,1,timestamp
4650,-0.16028301417827606,0.49989771639686664,0.49989771639686664,0,1,,1,timestamp
4651,-0.1547650247812271,0.49989771639686664,0.49989771639686664,0,1,,1,timestamp
4652,-0.1573975831270218,0.49989771639686664,0.49989771639686664,0,1,,1,timestamp
4653,-0.17646361887454987,0.49989771639686664,0.49989771639686664,0,1,,1,timestamp
4654,-0.15846455097198486,0.49989771639686664,0.49989771639686664,0,1,,1,timestamp
4655,-0.1540834605693817,0.49989771639686664,0.49989771639686664,0,1,,1,timestamp
4656,-0.17688106000423431,0.49989771639686664,0.49989771639686664,0,1,,1,timestamp
4657,-0.16309352219104767,0.49989771639686664,0.49989771639686664,0,1,,1,timestamp
4658,-0.15849976241588593,0.49989771639686664,0.49989771639686664,0,1,,1,timestamp
4659,-0.15634040534496307,0.49989771639686664,0.49989771639686664,0,1,,1,timestamp
4660,-0.14821837842464447,0.49989771639686664,0.49989771639686664,0,1,,1,timestamp
4661,-0.17870697379112244,0.49989771639686664,0.49989771639686664,0,1,,1,timestamp
4662,-0.16327887773513794,0.49989771639686664,0.49989771639686664,0,1,,1,timestamp
4663,-0.9283051490783691,0.49989771639686664,0.49989771639686664,0,1,,1,timestamp
4664,-0.8852484822273254,0.49989771639686664,0.49989771639686664,0,1,,1,timestamp
4665,-0.14657537639141083,0.49989771639686664,0.49989771639686664,0,1,,1,timestamp
4666,-0.15193258225917816,0.49989771639686664,0.49989771639686664,0,1,,1,timestamp
4667,-0.14753232896327972,0.49989771639686664,0.49989771639686664,0,1,,1,timestamp
4668,-0.1434878259897232,0.49989771639686664,0.49989771639686664,0,1,,1,timestamp
4669,-0.1447248011827469,0.49989771639686664,0.49989771639686664,0,1,,1,timestamp
4670,-0.13715209066867828,0.49989771639686664,0.49989771639686664,0,1,,1,timestamp
4671,-0.1376855969429016,0.49989771639686664,0.49989771639686664,0,1,,1,timestamp
4672,-0.13081671297550201,0.49989771639686664,0.49989771639686664,0,1,,1,timestamp
4673,-0.15235234797000885,0.49989771639686664,0.49989771639686664,0,1,,1,timestamp
4674,-0.14207760989665985,0.49989771639686664,0.49989771639686664,0,1,,1,timestamp
4675,-0.14916273951530457,0.49989771639686664,0.49989771639686664,0,1,,1,timestamp
4676,-0.14862418174743652,0.49989771639686664,0.49989771639686664,0,1,,1,timestamp
4677,-0.13860155642032623,0.49989771639686664,0.49989771639686664,0,1,,1,timestamp
4678,-0.1353987753391266,0.49989771639686664,0.49989771639686664,0,1,,1,timestamp
4679,-0.17442680895328522,0.49989771639686664,0.49989771639686664,0,1,,1,timestamp
4680,-0.15517231822013855,0.49989771639686664,0.49989771639686664,0,1,,1,timestamp
4681,-0.18651555478572845,0.49989771639686664,0.49989771639686664,0,1,,1,timestamp
4682,-0.18516942858695984,0.49989771639686664,0.49989771639686664,0,1,,1,timestamp
4683,-0.1778879016637802,0.49989771639686664,0.49989771639686664,0,1,,1,timestamp
4684,-0.15976393222808838,0.49989771639686664,0.49989771639686664,0,1,,1,timestamp
4685,-0.16527730226516724,0.49989771639686664,0.49989771639686664,0,1,,1,timestamp
4686,-0.15332072973251343,0.49989771639686664,0.49989771639686664,0,1,,1,timestamp
4687,-0.17641669511795044,0.49989771639686664,0.49989771639686664,0,1,,1,timestamp
4688,-0.15367314219474792,0.49989771639686664,0.49989771639686664,0,1,,1,timestamp
4689,-0.17321620881557465,0.49989771639686664,0.49989771639686664,0,1,,1,timestamp
4690,-0.1432899683713913,0.49989771639686664,0.49989771639686664,0,1,,1,timestamp
4691,-0.14154069125652313,0.49989771639686664,0.49989771639686664,0,1,,1,timestamp
4692,-0.14194831252098083,0.49989771639686664,0.49989771639686664,0,1,,1,timestamp
4693,-0.1397448033094406,0.49989771639686664,0.49989771639686664,0,1,,1,timestamp
4694,-0.1388109028339386,0.49989771639686664,0.49989771639686664,0,1,,1,timestamp
4695,-0.1350623071193695,0.49989771639686664,0.49989771639686664,0,1,,1,timestamp
4696,-0.1498786360025406,0.49989771639686664,0.49989771639686664,0,1,,1,timestamp
4697,-0.14738969504833221,0.49989771639686664,0.49989771639686664,0,1,,1,timestamp
4698,-0.14549121260643005,0.49989771639686664,0.49989771639686664,0,1,,1,timestamp
4699,-0.14846521615982056,0.49989771639686664,0.49989771639686664,0,1,2.2304904460906982,1,timestamp
4700,-0.13353388011455536,0.49989771639686664,0.49989771639686664,0,1,,1,timestamp
4701,-0.13450509309768677,0.49989771639686664,0.49989771639686664,0,1,,1,timestamp
4702,-0.12691515684127808,0.49989771639686664,0.49989771639686664,0,1,,1,timestamp
4703,-0.17129245400428772,0.49989771639686664,0.49989771639686664,0,1,,1,timestamp
4704,-0.15924115478992462,0.49989771639686664,0.49989771639686664,0,1,,1,timestamp
4705,-0.205307736992836,0.49989771639686664,0.49989771639686664,0,1,,1,timestamp
4706,-0.18596167862415314,0.49989771639686664,0.49989771639686664,0,1,,1,timestamp
4707,-0.18349671363830566,0.49989771639686664,0.49989771639686664,0,1,,1,timestamp
4708,-0.16254380345344543,0.49989771639686664,0.49989771639686664,0,1,,1,timestamp
4709,-0.15727916359901428,0.49989771639686664,0.49989771639686664,0,1,,1,timestamp
4710,-0.14956849813461304,0.49989771639686664,0.49989771639686664,0,1,,1,timestamp
4711,-0.19826461374759674,0.49989771639686664,0.49989771639686664,0,1,,1,timestamp
4712,-0.17877508699893951,0.49989771639686664,0.49989771639686664,0,1,,1,timestamp
4713,-0.20948024094104767,0.49989771639686664,0.49989771639686664,0,1,,1,timestamp
4714,-0.19054663181304932,0.49989771639686664,0.49989771639686664,0,1,,1,timestamp
4715,-0.18795248866081238,0.49989771639686664,0.49989771639686664,0,1,,1,timestamp
4716,-0.18350379168987274,0.49989771639686664,0.49989771639686664,0,1,,1,timestamp
4717,-0.2013888955116272,0.49989771639686664,0.49989771639686664,0,1,,1,timestamp
4718,-0.1720547378063202,0.49989771639686664,0.49989771639686664,0,1,,1,timestamp
4719,-0.16578619182109833,0.49989771639686664,0.49989771639686664,0,1,,1,timestamp
4720,-0.18447542190551758,0.49989771639686664,0.49989771639686664,0,1,,1,timestamp
4721,-0.12840546667575836,0.49989771639686664,0.49989771639686664,0,1,,1,timestamp
4722,-0.1320512890815735,0.49989771639686664,0.49989771639686664,0,1,,1,timestamp
4723,-0.1277538239955902,0.49989771639686664,0.49989771639686664,0,1,,1,timestamp
4724,-0.1516808718442917,0.49989771639686664,0.49989771639686664,0,1,,1,timestamp
4725,-0.14745396375656128,0.49989771639686664,0.49989771639686664,0,1,,1,timestamp
4726,-0.7225645184516907,0.49989771639686664,0.49989771639686664,0,1,,1,timestamp
4727,-0.6865811347961426,0.49989771639686664,0.49989771639686664,0,1,,1,timestamp
4728,-0.7064177393913269,0.49989771639686664,0.49989771639686664,0,1,,1,timestamp
4729,-0.14387977123260498,0.49989771639686664,0.49989771639686664,0,1,,1,timestamp
4730,-0.13602566719055176,0.49989771639686664,0.49989771639686664,0,1,,1,timestamp
4731,-0.1725199967622757,0.49989771639686664,0.49989771639686664,0,1,,1,timestamp
4732,-0.16727493703365326,0.49989771639686664,0.49989771639686664,0,1,,1,timestamp
4733,-0.1651008576154709,0.49989771639686664,0.49989771639686664,0,1,,1,timestamp
4734,-0.15573427081108093,0.49989771639686664,0.49989771639686664,0,1,,1,timestamp
4735,-0.17610083520412445,0.49989771639686664,0.49989771639686664,0,1,,1,timestamp
4736,-0.16043484210968018,0.49989771639686664,0.49989771639686664,0,1,,1,timestamp
4737,-0.15890932083129883,0.49989771639686664,0.49989771639686664,0,1,,1,timestamp
4738,-0.1574850231409073,0.49989771639686664,0.49989771639686664,0,1,,1,timestamp
4739,-0.17813719809055328,0.49989771639686664,0.49989771639686664,0,1,,1,timestamp
4740,-0.15891467034816742,0.49989771639686664,0.49989771639686664,0,1,,1,timestamp
4741,-0.17043516039848328,0.49989771639686664,0.49989771639686664,0,1,,1,timestamp
4742,-0.15941140055656433,0.49989771639686664,0.49989771639686664,0,1,,1,timestamp
4743,-0.14946413040161133,0.49989771639686664,0.49989771639686664,0,1,,1,timestamp
4744,-0.1629452109336853,0.49989771639686664,0.49989771639686664,0,1,,1,timestamp
4745,-0.15703192353248596,0.49989771639686664,0.49989771639686664,0,1,,1,timestamp
4746,-0.1539512425661087,0.49989771639686664,0.49989771639686664,0,1,,1,timestamp
4747,-0.17310233414173126,0.49989771639686664,0.49989771639686664,0,1,,1,timestamp
4748,-0.14952154457569122,0.49989771639686664,0.49989771639686664,0,1,,1,timestamp
4749,-0.14870819449424744,0.49989771639686664,0.49989771639686664,0,1,,1,timestamp
4750,-0.14891135692596436,0.49989771639686664,0.49989771639686664,0,1,,1,timestamp
4751,-0.15620625019073486,0.49989771639686664,0.49989771639686664,0,1,,1,timestamp
4752,-0.1431981772184372,0.49989771639686664,0.49989771639686664,0,1,,1,timestamp
4753,-0.12497829645872116,0.49989771639686664,0.49989771639686664,0,1,,1,timestamp
4754,-0.12164091318845749,0.49989771639686664,0.49989771639686664,0,1,,1,timestamp
4755,-0.13527309894561768,0.49989771639686664,0.49989771639686664,0,1,,1,timestamp
4756,-0.1379392296075821,0.49989771639686664,0.49989771639686664,0,1,,1,timestamp
4757,-0.13811659812927246,0.49989771639686664,0.49989771639686664,0,1,,1,timestamp
4758,-0.13790932297706604,0.49989771639686664,0.49989771639686664,0,1,,1,timestamp
4759,-0.13998757302761078,0.49989771639686664,0.49989771639686664,0,1,,1,timestamp
4760,-0.12946553528308868,0.49989771639686664,0.49989771639686664,0,1,,1,timestamp
4761,-0.1268301159143448,0.49989771639686664,0.49989771639686664,0,1,,1,timestamp
4762,-0.15541543066501617,0.49989771639686664,0.49989771639686664,0,1,,1,timestamp
4763,-0.14924068748950958,0.49989771639686664,0.49989771639686664,0,1,,1,timestamp
4764,-0.1834603101015091,0.49989771639686664,0.49989771639686664,0,1,,1,timestamp
4765,-0.17285045981407166,0.49989771639686664,0.49989771639686664,0,1,,1,timestamp
4766,-0.16675637662410736,0.49989771639686664,0.49989771639686664,0,1,,1,timestamp
4767,-0.18514347076416016,0.49989771639686664,0.49989771639686664,0,1,,1,timestamp
4768,-0.19775216281414032,0.49989771639686664,0.49989771639686664,0,1,,1,timestamp
4769,-0.16636136174201965,0.49989771639686664,0.49989771639686664,0,1,,1,timestamp
4770,-0.16141927242279053,0.49989771639686664,0.49989771639686664,0,1,,1,timestamp
4771,-0.1587662547826767,0.49989771639686664,0.49989771639686664,0,1,,1,timestamp
4772,-0.17764940857887268,0.49989771639686664,0.49989771639686664,0,1,,1,timestamp
4773,-0.161553293466568,0.49989771639686664,0.49989771639686664,0,1,,1,timestamp
4774,-0.15842784941196442,0.49989771639686664,0.49989771639686664,0,1,,1,timestamp
4775,-0.14988474547863007,0.49989771639686664,0.49989771639686664,0,1,,1,timestamp
4776,-0.16907687485218048,0.49989771639686664,0.49989771639686664,0,1,,1,timestamp
4777,-0.12792441248893738,0.49989771639686664,0.49989771639686664,0,1,,1,timestamp
4778,-0.12031613290309906,0.49989771639686664,0.49989771639686664,0,1,,1,timestamp
4779,-0.14399190247058868,0.49989771639686664,0.49989771639686664,0,1,,1,timestamp
4780,-0.13913968205451965,0.49989771639686664,0.49989771639686664,0,1,,1,timestamp
4781,-0.13636144995689392,0.49989771639686664,0.49989771639686664,0,1,,1,timestamp
4782,-0.13280391693115234,0.49989771639686664,0.49989771639686664,0,1,,1,timestamp
4783,-0.15316753089427948,0.49989771639686664,0.49989771639686664,0,1,,1,timestamp
4784,-0.13957302272319794,0.49989771639686664,0.49989771639686664,0,1,,1,timestamp
4785,-0.12723301351070404,0.49989771639686664,0.49989771639686664,0,1,,1,timestamp
4786,-0.1249890923500061,0.49989771639686664,0.49989771639686664,0,1,,1,timestamp
4787,-0.15901227295398712,0.49989771639686664,0.49989771639686664,0,1,,1,timestamp
4788,-0.1846962869167328,0.49989771639686664,0.49989771639686664,0,1,,1,timestamp
4789,-0.1700895130634308,0.49989771639686664,0.49989771639686664,0,1,,1,timestamp
4790,-0.16540847718715668,0.49989771639686664,0.49989771639686664,0,1,,1,timestamp
4791,-0.1623278707265854,0.49989771639686664,0.49989771639686664,0,1,,1,timestamp
4792,-0.8597735166549683,0.49989771639686664,0.49989771639686664,0,1,,1,timestamp
4793,-0.8714980483055115,0.49989771639686664,0.49989771639686664,0,1,,1,timestamp
4794,-0.8884385228157043,0.49989771639686664,0.49989771639686664,0,1,,1,timestamp
4795,-0.862971842288971,0.49989771639686664,0.49989771639686664,0,1,,1,timestamp
4796,-0.17377136647701263,0.49989771639686664,0.49989771639686664,0,1,,1,timestamp
4797,-0.19942131638526917,0.49989771639686664,0.49989771639686664,0,1,,1,timestamp
4798,-0.17729809880256653,0.49989771639686664,0.49989771639686664,0,1,,1,timestamp
4799,-0.1678173840045929,0.49989771639686664,0.49989771639686664,0,1,2.253786087036133,1,timestamp
4800,-0.1834057867527008,0.49989771639686664,0.49989771639686664,0,1,,1,timestamp
4801,-0.17517000436782837,0.49989771639686664,0.49989771639686664,0,1,,1,timestamp
4802,-0.1947535276412964,0.49989771639686664,0.49989771639686664,0,1,,1,timestamp
4803,-0.144027978181839,0.49989771639686664,0.49989771639686664,0,1,,1,timestamp
4804,-0.12697908282279968,0.49989771639686664,0.49989771639686664,0,1,,1,timestamp
4805,-0.15035775303840637,0.49989771639686664,0.49989771639686664,0,1,,1,timestamp
4806,-0.14758074283599854,0.49989771639686664,0.49989771639686664,0,1,,1,timestamp
4807,-0.14534522593021393,0.49989771639686664,0.49989771639686664,0,1,,1,timestamp
4808,-0.13230054080486298,0.49989771639686664,0.49989771639686664,0,1,,1,timestamp
4809,-0.1322513371706009,0.49989771639686664,0.49989771639686664,0,1,,1,timestamp
4810,-0.15092024207115173,0.49989771639686664,0.49989771639686664,0,1,,1,timestamp
4811,-0.14860258996486664,0.49989771639686664,0.49989771639686664,0,1,,1,timestamp
4812,-0.14629186689853668,0.49989771639686664,0.49989771639686664,0,1,,1,timestamp
4813,-0.1256055235862732,0.49989771639686664,0.49989771639686664,0,1,,1,timestamp
4814,-0.1724303811788559,0.49989771639686664,0.49989771639686664,0,1,,1,timestamp
4815,-0.1682029515504837,0.49989771639686664,0.49989771639686664,0,1,,1,timestamp
4816,-0.1648305356502533,0.49989771639686664,0.49989771639686664,0,1,,1,timestamp
4817,-0.16973786056041718,0.49989771639686664,0.49989771639686664,0,1,,1,timestamp
4818,-0.16581885516643524,0.49989771639686664,0.49989771639686664,0,1,,1,timestamp
4819,-0.17977717518806458,0.49989771639686664,0.49989771639686664,0,1,,1,timestamp
4820,-0.17543171346187592,0.49989771639686664,0.49989771639686664,0,1,,1,timestamp
4821,-0.1670224964618683,0.49989771639686664,0.49989771639686664,0,1,,1,timestamp
4822,-0.18567825853824615,0.49989771639686664,0.49989771639686664,0,1,,1,timestamp
4823,-0.17862379550933838,0.49989771639686664,0.49989771639686664,0,1,,1,timestamp
4824,-0.16329266130924225,0.49989771639686664,0.49989771639686664,0,1,,1,timestamp
4825,-0.1658925563097,0.49989771639686664,0.49989771639686664,0,1,,1,timestamp
4826,-0.16248933970928192,0.49989771639686664,0.49989771639686664,0,1,,1,timestamp
4827,-0.17767995595932007,0.49989771639686664,0.49989771639686664,0,1,,1,timestamp
4828,-0.13186031579971313,0.49989771639686664,0.49989771639686664,0,1,,1,timestamp
4829,-0.15579545497894287,0.49989771639686664,0.49989771639686664,0,1,,1,timestamp
4830,-0.1516379863023758,0.49989771639686664,0.49989771639686664,0,1,,1,timestamp
4831,-0.15532176196575165,0.49989771639686664,0.49989771639686664,0,1,,1,timestamp
4832,-0.1410210132598877,0.49989771639686664,0.49989771639686664,0,1,,1,timestamp
4833,-0.13359469175338745,0.49989771639686664,0.49989771639686664,0,1,,1,timestamp
4834,-0.12949830293655396,0.49989771639686664,0.49989771639686664,0,1,,1,timestamp
4835,-0.12458161264657974,0.49989771639686664,0.49989771639686664,0,1,,1,timestamp
4836,-0.13789497315883636,0.49989771639686664,0.49989771639686664,0,1,,1,timestamp
4837,-0.13724854588508606,0.49989771639686664,0.49989771639686664,0,1,,1,timestamp
4838,-0.13893596827983856,0.49989771639686664,0.49989771639686664,0,1,,1,timestamp
4839,-0.1332695186138153,0.49989771639686664,0.49989771639686664,0,1,,1,timestamp
4840,-0.13359834253787994,0.49989771639686664,0.49989771639686664,0,1,,1,timestamp
4841,-0.17083343863487244,0.49989771639686664,0.49989771639686664,0,1,,1,timestamp
4842,-0.1601572334766388,0.49989771639686664,0.49989771639686664,0,1,,1,timestamp
4843,-0.15262776613235474,0.49989771639686664,0.49989771639686664,0,1,,1,timestamp
4844,-0.15224768221378326,0.49989771639686664,0.49989771639686664,0,1,,1,timestamp
4845,-0.15573082864284515,0.49989771639686664,0.49989771639686664,0,1,,1,timestamp
4846,-0.155221089720726,0.49989771639686664,0.49989771639686664,0,1,,1,timestamp
4847,-0.17405210435390472,0.49989771639686664,0.49989771639686664,0,1,,1,timestamp
4848,-0.1628836989402771,0.49989771639686664,0.49989771639686664,0,1,,1,timestamp
4849,-0.15260866284370422,0.49989771639686664,0.49989771639686664,0,1,,1,timestamp
4850,-0.1561232954263687,0.49989771639686664,0.49989771639686664,0,1,,1,timestamp
4851,-0.1504422128200531,0.49989771639686664,0.49989771639686664,0,1,,1,timestamp
4852,-0.1567179262638092,0.49989771639686664,0.49989771639686664,0,1,,1,timestamp
4853,-0.9002193212509155,0.49989771639686664,0.49989771639686664,0,1,,1,timestamp
4854,-0.8710929751396179,0.49989771639686664,0.49989771639686664,0,1,,1,timestamp
4855,-0.8576997518539429,0.49989771639686664,0.49989771639686664,0,1,,1,timestamp
4856,-0.12526589632034302,0.49989771639686664,0.49989771639686664,0,1,,1,timestamp
4857,-0.14856013655662537,0.49989771639686664,0.49989771639686664,0,1,,1,timestamp
4858,-0.15135350823402405,0.49989771639686664,0.49989771639686664,0,1,,1,timestamp
4859,-0.14986932277679443,0.49989771639686664,0.49989771639686664,0,1,,1,timestamp
4860,-0.139328733086586,0.49989771639686664,0.49989771639686664,0,1,,1,timestamp
4861,-0.15184558928012848,0.49989771639686664,0.49989771639686664,0,1,,1,timestamp
4862,-0.15112195909023285,0.49989771639686664,0.49989771639686664,0,1,,1,timestamp
4863,-0.20007140934467316,0.49989771639686664,0.49989771639686664,0,1,,1,timestamp
4864,-0.19313552975654602,0.49989771639686664,0.49989771639686664,0,1,,1,timestamp
4865,-0.18978279829025269,0.49989771639686664,0.49989771639686664,0,1,,1,timestamp
4866,-0.15536679327487946,0.49989771639686664,0.49989771639686664,0,1,,1,timestamp
4867,-0.15169744193553925,0.49989771639686664,0.49989771639686664,0,1,,1,timestamp
4868,-0.14800702035427094,0.49989771639686664,0.49989771639686664,0,1,,1,timestamp
4869,-0.1808248907327652,0.49989771639686664,0.49989771639686664,0,1,,1,timestamp
4870,-0.17173419892787933,0.49989771639686664,0.49989771639686664,0,1,,1,timestamp
4871,-0.2000499665737152,0.49989771639686664,0.49989771639686664,0,1,,1,timestamp
4872,-0.18221700191497803,0.49989771639686664,0.49989771639686664,0,1,,1,timestamp
4873,-0.17257159948349,0.49989771639686664,0.49989771639686664,0,1,,1,timestamp
4874,-0.17981579899787903,0.49989771639686664,0.49989771639686664,0,1,,1,timestamp
4875,-0.1672818958759308,0.49989771639686664,0.49989771639686664,0,1,,1,timestamp
4876,-0.18847455084323883,0.49989771639686664,0.49989771639686664,0,1,,1,timestamp
4877,-0.14630629122257233,0.49989771639686664,0.49989771639686664,0,1,,1,timestamp
4878,-0.13293494284152985,0.49989771639686664,0.49989771639686664,0,1,,1,timestamp
4879,-0.14061452448368073,0.49989771639686664,0.49989771639686664,0,1,,1,timestamp
4880,-0.12275198847055435,0.49989771639686664,0.49989771639686664,0,1,,1,timestamp
4881,-0.12705954909324646,0.49989771639686664,0.49989771639686664,0,1,,1,timestamp
4882,-0.128975510597229,0.49989771639686664,0.49989771639686664,0,1,,1,timestamp
4883,-0.12299545854330063,0.49989771639686664,0.49989771639686664,0,1,,1,timestamp
4884,-0.12665098905563354,0.49989771639686664,0.49989771639686664,0,1,,1,timestamp
4885,-0.16413648426532745,0.49989771639686664,0.49989771639686664,0,1,,1,timestamp
4886,-0.15759190917015076,0.49989771639686664,0.49989771639686664,0,1,,1,timestamp
4887,-1.0695255994796753,0.49989771639686664,0.49989771639686664,0,1,,1,timestamp
4888,-0.6385761499404907,0.49989771639686664,0.49989771639686664,0,1,,1,timestamp
4889,-1.4492043256759644,0.49989771639686664,0.49989771639686664,0,1,,1,timestamp
4890,-1.9059693813323975,0.49989771639686664,0.49989771639686664,0,1,,1,timestamp
4891,-0.2999192476272583,0.49989771639686664,0.49989771639686664,0,1,,1,timestamp
4892,-1.9034943580627441,0.49989771639686664,0.49989771639686664,0,1,,1,timestamp
4893,-0.30830323696136475,0.49989771639686664,0.49989771639686664,0,1,,1,timestamp
4894,-0.35332822799682617,0.49989771639686664,0.49989771639686664,0,1,,1,timestamp
4895,-1.8898372650146484,0.49989771639686664,0.49989771639686664,0,1,,1,timestamp
4896,-0.3355444073677063,0.49989771639686664,0.49989771639686664,0,1,,1,timestamp
4897,-0.7833552360534668,0.49989771639686664,0.49989771639686664,0,1,,1,timestamp
4898,-1.6093461513519287,0.49989771639686664,0.49989771639686664,0,1,,1,timestamp
4899,-0.7847161889076233,0.49989771639686664,0.49989771639686664,0,1,1.3890235424041748,1,timestamp
4900,-0.7648583650588989,0.49989771639686664,0.49989771639686664,0,1,,1,timestamp
4901,-1.4297325611114502,0.49989771639686664,0.49989771639686664,0,1,,1,timestamp
4902,-1.0360736846923828,0.49989771639686664,0.49989771639686664,0,1,,1,timestamp
4903,-0.24067458510398865,0.49989771639686664,0.49989771639686664,0,1,,1,timestamp
4904,-0.2685360312461853,0.49989771639686664,0.49989771639686664,0,1,,1,timestamp
4905,-0.25882378220558167,0.49989771639686664,0.49989771639686664,0,1,,1,timestamp
4906,-1.0345767736434937,0.49989771639686664,0.49989771639686664,0,1,,1,timestamp
4907,-0.48641496896743774,0.49989771639686664,0.49989771639686664,0,1,,1,timestamp
4908,-1.1407440900802612,0.49989771639686664,0.49989771639686664,0,1,,1,timestamp
4909,-0.5002871751785278,0.49989771639686664,0.49989771639686664,0,1,,1,timestamp
4910,-0.5420235991477966,0.49989771639686664,0.49989771639686664,0,1,,1,timestamp
4911,-1.702275037765503,0.49989771639686664,0.49989771639686664,0,1,,1,timestamp
4912,-0.5565459728240967,0.49989771639686664,0.49989771639686664,0,1,,1,timestamp
4913,-0.5322511792182922,0.49989771639686664,0.49989771639686664,0,1,,1,timestamp
4914,-1.6688673496246338,0.49989771639686664,0.49989771639686664,0,1,,1,timestamp
4915,-1.335322380065918,0.49989771639686664,0.49989771639686664,0,1,,1,timestamp
4916,-0.5574901700019836,0.49989771639686664,0.49989771639686664,0,1,,1,timestamp
4917,-1.3368566036224365,0.49989771639686664,0.49989771639686664,0,1,,1,timestamp
4918,-1.3392679691314697,0.49989771639686664,0.49989771639686664,0,1,,1,timestamp
4919,-1.1233408451080322,0.49989771639686664,0.49989771639686664,0,1,,1,timestamp
4920,-0.2630758583545685,0.49989771639686664,0.49989771639686664,0,1,,1,timestamp
4921,-1.5892298221588135,0.49989771639686664,0.49989771639686664,0,1,,1,timestamp
4922,-1.765161395072937,0.49989771639686664,0.49989771639686664,0,1,,1,timestamp
4923,-0.5276693105697632,0.49989771639686664,0.49989771639686664,0,1,,1,timestamp
4924,-0.8746789693832397,0.49989771639686664,0.49989771639686664,0,1,,1,timestamp
4925,-0.5112140774726868,0.49989771639686664,0.49989771639686664,0,1,,1,timestamp
4926,-0.12913760542869568,0.49989771639686664,0.49989771639686664,0,1,,1,timestamp
4927,-0.4594416618347168,0.49989771639686664,0.49989771639686664,0,1,,1,timestamp
4928,-0.14233717322349548,0.49989771639686664,0.49989771639686664,0,1,,1,timestamp
4929,-0.37844160199165344,0.49989771639686664,0.49989771639686664,0,1,,1,timestamp
4930,-0.3720475733280182,0.49989771639686664,0.49989771639686664,0,1,,1,timestamp
4931,-0.9623810052871704,0.49989771639686664,0.49989771639686664,0,1,,1,timestamp
4932,-0.36439958214759827,0.49989771639686664,0.49989771639686664,0,1,,1,timestamp
4933,-1.0836002826690674,0.49989771639686664,0.49989771639686664,0,1,,1,timestamp
4934,-0.37275034189224243,0.49989771639686664,0.49989771639686664,0,1,,1,timestamp
4935,-1.0173124074935913,0.49989771639686664,0.49989771639686664,0,1,,1,timestamp
4936,-1.0254229307174683,0.49989771639686664,0.49989771639686664,0,1,,1,timestamp
4937,-0.6293118000030518,0.49989771639686664,0.49989771639686664,0,1,,1,timestamp
4938,-0.6062646508216858,0.49989771639686664,0.49989771639686664,0,1,,1,timestamp
4939,-1.0333853960037231,0.49989771639686664,0.49989771639686664,0,1,,1,timestamp
4940,-0.27332815527915955,0.49989771639686664,0.49989771639686664,0,1,,1,timestamp
4941,-1.0079100131988525,0.49989771639686664,0.49989771639686664,0,1,,1,timestamp
4942,-0.275471955537796,0.49989771639686664,0.49989771639686664,0,1,,1,timestamp
4943,-1.0269713401794434,0.49989771639686664,0.49989771639686664,0,1,,1,timestamp
4944,-1.017082691192627,0.49989771639686664,0.49989771639686664,0,1,,1,timestamp
4945,-0.8686565160751343,0.49989771639686664,0.49989771639686664,0,1,,1,timestamp
4946,-0.8657492399215698,0.49989771639686664,0.49989771639686664,0,1,,1,timestamp
4947,-0.20292435586452484,0.49989771639686664,0.49989771639686664,0,1,,1,timestamp
4948,-0.8540492057800293,0.49989771639686664,0.49989771639686664,0,1,,1,timestamp
4949,-0.20350778102874756,0.49989771639686664,0.49989771639686664,0,1,,1,timestamp
4950,-0.8768301010131836,0.49989771639686664,0.49989771639686664,0,1,,1,timestamp
4951,-0.8634530305862427,0.49989771639686664,0.49989771639686664,0,1,,1,timestamp
4952,-0.7764153480529785,0.49989771639686664,0.49989771639686664,0,1,,1,timestamp
4953,-0.17581485211849213,0.49989771639686664,0.49989771639686664,0,1,,1,timestamp
4954,-0.9816657304763794,0.49989771639686664,0.49989771639686664,0,1,,1,timestamp
4955,-0.4693690836429596,0.49989771639686664,0.49989771639686664,0,1,,1,timestamp
4956,-0.45968902111053467,0.49989771639686664,0.49989771639686664,0,1,,1,timestamp
4957,-0.9240455627441406,0.49989771639686664,0.49989771639686664,0,1,,1,timestamp
4958,-0.9433140754699707,0.49989771639686664,0.49989771639686664,0,1,,1,timestamp
4959,-0.44025281071662903,0.49989771639686664,0.49989771639686664,0,1,,1,timestamp
4960,-0.19185487926006317,0.49989771639686664,0.49989771639686664,0,1,,1,timestamp
4961,-0.8543713092803955,0.49989771639686664,0.49989771639686664,0,1,,1,timestamp
4962,-0.27672284841537476,0.49989771639686664,0.49989771639686664,0,1,,1,timestamp
4963,-0.8984652161598206,0.49989771639686664,0.49989771639686664,0,1,,1,timestamp
4964,-0.2804069519042969,0.49989771639686664,0.49989771639686664,0,1,,1,timestamp
4965,-1.5607917308807373,0.49989771639686664,0.49989771639686664,0,1,,1,timestamp
4966,-1.614851474761963,0.49989771639686664,0.49989771639686664,0,1,,1,timestamp
4967,-0.2803352177143097,0.49989771639686664,0.49989771639686664,0,1,,1,timestamp
4968,-0.2590421438217163,0.49989771639686664,0.49989771639686664,0,1,,1,timestamp
4969,-1.6823029518127441,0.49989771639686664,0.49989771639686664,0,1,,1,timestamp
4970,-1.999375343322754,0.49989771639686664,0.49989771639686664,0,1,,1,timestamp
4971,-1.9312485456466675,0.49989771639686664,0.49989771639686664,0,1,,1,timestamp
4972,-1.916113018989563,0.49989771639686664,0.49989771639686664,0,1,,1,timestamp
4973,-0.4739241600036621,0.49989771639686664,0.49989771639686664,0,1,,1,timestamp
4974,-1.9520995616912842,0.49989771639686664,0.49989771639686664,0,1,,1,timestamp
4975,-0.5089322328567505,0.49989771639686664,0.49989771639686664,0,1,,1,timestamp
4976,-1.7485617399215698,0.49989771639686664,0.49989771639686664,0,1,,1,timestamp
4977,-0.5057069659233093,0.49989771639686664,0.49989771639686664,0,1,,1,timestamp
4978,-1.1338304281234741,0.49989771639686664,0.49989771639686664,0,1,,1,timestamp
4979,-1.7070108652114868,0.49989771639686664,0.49989771639686664,0,1,,1,timestamp
4980,-1.0905016660690308,0.49989771639686664,0.49989771639686664,0,1,,1,timestamp
4981,-1.6880767345428467,0.49989771639686664,0.49989771639686664,0,1,,1,timestamp
4982,-1.071945309638977,0.49989771639686664,0.49989771639686664,0,1,,1,timestamp
4983,-1.2155733108520508,0.49989771639686664,0.49989771639686664,0,1,,1,timestamp
4984,-0.5752754807472229,0.49989771639686664,0.49989771639686664,0,1,,1,timestamp
4985,-1.3909509181976318,0.49989771639686664,0.49989771639686664,0,1,,1,timestamp
4986,-1.9265711307525635,0.49989771639686664,0.49989771639686664,0,1,,1,timestamp
4987,-1.9520821571350098,0.49989771639686664,0.49989771639686664,0,1,,1,timestamp
4988,-2.028768539428711,0.49989771639686664,0.49989771639686664,0,1,,1,timestamp
4989,-1.9902622699737549,0.49989771639686664,0.49989771639686664,0,1,,1,timestamp
4990,-0.6757287979125977,0.49989771639686664,0.49989771639686664,0,1,,1,timestamp
4991,-2.048588275909424,0.49989771639686664,0.49989771639686664,0,1,,1,timestamp
4992,-0.6818752288818359,0.49989771639686664,0.49989771639686664,0,1,,1,timestamp
4993,-0.4694517254829407,0.49989771639686664,0.49989771639686664,0,1,,1,timestamp
4994,-1.3974372148513794,0.49989771639686664,0.49989771639686664,0,1,,1,timestamp
4995,-2.3674674034118652,0.49989771639686664,0.49989771639686664,0,1,,1,timestamp
4996,-0.4633268117904663,0.49989771639686664,0.49989771639686664,0,1,,1,timestamp
4997,-2.5721521377563477,0.49989771639686664,0.49989771639686664,0,1,,1,timestamp
4998,-0.45642784237861633,0.49989771639686664,0.49989771639686664,0,1,,1,timestamp
4999,-2.5732176303863525,0.49989771639686664,0.49989771639686664,0,1,0.7154260873794556,1,timestamp
5000,-0.3914705812931061,0.49989771639686664,0.49989771639686664,0,1,,1,timestamp
5001,-0.6558057069778442,0.49989771639686664,0.49989771639686664,0,1,,1,timestamp
5002,-2.0325586795806885,0.49989771639686664,0.49989771639686664,0,1,,1,timestamp
5003,-1.048076868057251,0.49989771639686664,0.49989771639686664,0,1,,1,timestamp
5004,-0.6635984182357788,0.49989771639686664,0.49989771639686664,0,1,,1,timestamp
5005,-0.6378688216209412,0.49989771639686664,0.49989771639686664,0,1,,1,timestamp
5006,-0.6574929356575012,0.49989771639686664,0.49989771639686664,0,1,,1,timestamp
5007,-0.9171104431152344,0.49989771639686664,0.49989771639686664,0,1,,1,timestamp
5008,-0.31260931491851807,0.49989771639686664,0.49989771639686664,0,1,,1,timestamp
5009,-0.3200717568397522,0.49989771639686664,0.49989771639686664,0,1,,1,timestamp
5010,-0.9620535373687744,0.49989771639686664,0.49989771639686664,0,1,,1,timestamp
5011,-0.9694764018058777,0.49989771639686664,0.49989771639686664,0,1,,1,timestamp
5012,-0.314301460981369,0.49989771639686664,0.49989771639686664,0,1,,1,timestamp
5013,-0.3611257076263428,0.49989771639686664,0.49989771639686664,0,1,,1,timestamp
5014,-0.9899924993515015,0.49989771639686664,0.49989771639686664,0,1,,1,timestamp
5015,-0.46727293729782104,0.49989771639686664,0.49989771639686664,0,1,,1,timestamp
5016,-1.0221905708312988,0.49989771639686664,0.49989771639686664,0,1,,1,timestamp
5017,-0.9986556768417358,0.49989771639686664,0.49989771639686664,0,1,,1,timestamp
5018,-0.4376397728919983,0.49989771639686664,0.49989771639686664,0,1,,1,timestamp
5019,-0.8861619830131531,0.49989771639686664,0.49989771639686664,0,1,,1,timestamp
5020,-0.3188861906528473,0.49989771639686664,0.49989771639686664,0,1,,1,timestamp
5021,-0.37292200326919556,0.49989771639686664,0.49989771639686664,0,1,,1,timestamp
5022,-0.9000799059867859,0.49989771639686664,0.49989771639686664,0,1,,1,timestamp
5023,-0.3125518560409546,0.49989771639686664,0.49989771639686664,0,1,,1,timestamp
5024,-0.3372473418712616,0.49989771639686664,0.49989771639686664,0,1,,1,timestamp
5025,-0.8937519788742065,0.49989771639686664,0.49989771639686664,0,1,,1,timestamp
5026,-0.21776734292507172,0.49989771639686664,0.49989771639686664,0,1,,1,timestamp
5027,-0.21514034271240234,0.49989771639686664,0.49989771639686664,0,1,,1,timestamp
5028,-0.17960891127586365,0.49989771639686664,0.49989771639686664,0,1,,1,timestamp
5029,-0.41133391857147217,0.49989771639686664,0.49989771639686664,0,1,,1,timestamp
5030,-0.8975348472595215,0.49989771639686664,0.49989771639686664,0,1,,1,timestamp
5031,-0.4000653624534607,0.49989771639686664,0.49989771639686664,0,1,,1,timestamp
5032,-0.9462739825248718,0.49989771639686664,0.49989771639686664,0,1,,1,timestamp
5033,-0.9750596284866333,0.49989771639686664,0.49989771639686664,0,1,,1,timestamp
5034,-0.5146595239639282,0.49989771639686664,0.49989771639686664,0,1,,1,timestamp
5035,-0.4965044856071472,0.49989771639686664,0.49989771639686664,0,1,,1,timestamp
5036,-0.9727526307106018,0.49989771639686664,0.49989771639686664,0,1,,1,timestamp
5037,-1.1195451021194458,0.49989771639686664,0.49989771639686664,0,1,,1,timestamp
5038,-1.1336678266525269,0.49989771639686664,0.49989771639686664,0,1,,1,timestamp
5039,-1.1546108722686768,0.49989771639686664,0.49989771639686664,0,1,,1,timestamp
5040,-1.1406562328338623,0.49989771639686664,0.49989771639686664,0,1,,1,timestamp
5041,-1.1130213737487793,0.49989771639686664,0.49989771639686664,0,1,,1,timestamp
5042,-0.6617246866226196,0.49989771639686664,0.49989771639686664,0,1,,1,timestamp
5043,-0.681995689868927,0.49989771639686664,0.49989771639686664,0,1,,1,timestamp
5044,-0.6744632124900818,0.49989771639686664,0.49989771639686664,0,1,,1,timestamp
5045,-0.6961095333099365,0.49989771639686664,0.49989771639686664,0,1,,1,timestamp
5046,-0.9692391753196716,0.49989771639686664,0.49989771639686664,0,1,,1,timestamp
5047,-0.7143716216087341,0.49989771639686664,0.49989771639686664,0,1,,1,timestamp
5048,-0.1634034961462021,0.49989771639686664,0.49989771639686664,0,1,,1,timestamp
5049,-0.15872924029827118,0.49989771639686664,0.49989771639686664,0,1,,1,timestamp
5050,-0.3016016185283661,0.49989771639686664,0.49989771639686664,0,1,,1,timestamp
5051,-0.3040054440498352,0.49989771639686664,0.49989771639686664,0,1,,1,timestamp
5052,-0.2992156445980072,0.49989771639686664,0.49989771639686664,0,1,,1,timestamp
5053,-0.1509699672460556,0.49989771639686664,0.49989771639686664,0,1,,1,timestamp
5054,-0.26002901792526245,0.49989771639686664,0.49989771639686664,0,1,,1,timestamp
5055,-0.14109401404857635,0.49989771639686664,0.49989771639686664,0,1,,1,timestamp
5056,-0.24708901345729828,0.49989771639686664,0.49989771639686664,0,1,,1,timestamp
5057,-0.4139889180660248,0.49989771639686664,0.49989771639686664,0,1,,1,timestamp
5058,-0.41695937514305115,0.49989771639686664,0.49989771639686664,0,1,,1,timestamp
5059,-0.7098339796066284,0.49989771639686664,0.49989771639686664,0,1,,1,timestamp
5060,-1.003595232963562,0.49989771639686664,0.49989771639686664,0,1,,1,timestamp
5061,-0.3964407742023468,0.49989771639686664,0.49989771639686664,0,1,,1,timestamp
5062,-1.0369071960449219,0.49989771639686664,0.49989771639686664,0,1,,1,timestamp
5063,-1.017098307609558,0.49989771639686664,0.49989771639686664,0,1,,1,timestamp
5064,-0.3995875418186188,0.49989771639686664,0.49989771639686664,0,1,,1,timestamp
5065,-0.9856328964233398,0.49989771639686664,0.49989771639686664,0,1,,1,timestamp
5066,-0.9585796594619751,0.49989771639686664,0.49989771639686664,0,1,,1,timestamp
5067,-0.971936047077179,0.49989771639686664,0.49989771639686664,0,1,,1,timestamp
5068,-0.9598135948181152,0.49989771639686664,0.49989771639686664,0,1,,1,timestamp
5069,-0.9541388750076294,0.49989771639686664,0.49989771639686664,0,1,,1,timestamp
5070,-0.6631240844726562,0.49989771639686664,0.49989771639686664,0,1,,1,timestamp
5071,-0.65744549036026,0.49989771639686664,0.49989771639686664,0,1,,1,timestamp
5072,-0.6814519762992859,0.49989771639686664,0.49989771639686664,0,1,,1,timestamp
5073,-0.6743102669715881,0.49989771639686664,0.49989771639686664,0,1,,1,timestamp
5074,-0.9517607688903809,0.49989771639686664,0.49989771639686664,0,1,,1,timestamp
5075,-0.39956310391426086,0.49989771639686664,0.49989771639686664,0,1,,1,timestamp
5076,-0.3820056617259979,0.49989771639686664,0.49989771639686664,0,1,,1,timestamp
5077,-0.9730913639068604,0.49989771639686664,0.49989771639686664,0,1,,1,timestamp
5078,-0.7941869497299194,0.49989771639686664,0.49989771639686664,0,1,,1,timestamp
5079,-0.7980222702026367,0.49989771639686664,0.49989771639686664,0,1,,1,timestamp
5080,-0.8084908723831177,0.49989771639686664,0.49989771639686664,0,1,,1,timestamp
5081,-0.785563051700592,0.49989771639686664,0.49989771639686664,0,1,,1,timestamp
5082,-0.3554149270057678,0.49989771639686664,0.49989771639686664,0,1,,1,timestamp
5083,-0.8102298974990845,0.49989771639686664,0.49989771639686664,0,1,,1,timestamp
5084,-0.799609899520874,0.49989771639686664,0.49989771639686664,0,1,,1,timestamp
5085,-0.8468786478042603,0.49989771639686664,0.49989771639686664,0,1,,1,timestamp
5086,-0.9256612658500671,0.49989771639686664,0.49989771639686664,0,1,,1,timestamp
5087,-0.8416504263877869,0.49989771639686664,0.49989771639686664,0,1,,1,timestamp
5088,-0.8415486812591553,0.49989771639686664,0.49989771639686664,0,1,,1,timestamp
5089,-0.3139147162437439,0.49989771639686664,0.49989771639686664,0,1,,1,timestamp
5090,-0.9593124985694885,0.49989771639686664,0.49989771639686664,0,1,,1,timestamp
5091,-0.31916069984436035,0.49989771639686664,0.49989771639686664,0,1,,1,timestamp
5092,-0.34033992886543274,0.49989771639686664,0.49989771639686664,0,1,,1,timestamp
5093,-0.9884803891181946,0.49989771639686664,0.49989771639686664,0,1,,1,timestamp
5094,-1.007608413696289,0.49989771639686664,0.49989771639686664,0,1,,1,timestamp
5095,-1.0154658555984497,0.49989771639686664,0.49989771639686664,0,1,,1,timestamp
5096,-0.5219749212265015,0.49989771639686664,0.49989771639686664,0,1,,1,timestamp
5097,-0.9654809236526489,0.49989771639686664,0.49989771639686664,0,1,,1,timestamp
5098,-0.5516372919082642,0.49989771639686664,0.49989771639686664,0,1,,1,timestamp
5099,-0.9949307441711426,0.49989771639686664,0.49989771639686664,0,1,0.8775529861450195,1,timestamp
5100,-0.5973087549209595,0.49989771639686664,0.49989771639686664,0,1,,1,timestamp
5101,-1.0338672399520874,0.49989771639686664,0.49989771639686664,0,1,,1,timestamp
5102,-1.0072993040084839,0.49989771639686664,0.49989771639686664,0,1,,1,timestamp
5103,-0.36327284574508667,0.49989771639686664,0.49989771639686664,0,1,,1,timestamp
5104,-0.9736937880516052,0.49989771639686664,0.49989771639686664,0,1,,1,timestamp
5105,-0.41237446665763855,0.49989771639686664,0.49989771639686664,0,1,,1,timestamp
5106,-0.2695085108280182,0.49989771639686664,0.49989771639686664,0,1,,1,timestamp
5107,-0.9699557423591614,0.49989771639686664,0.49989771639686664,0,1,,1,timestamp
5108,-0.24996335804462433,0.49989771639686664,0.49989771639686664,0,1,,1,timestamp
5109,-0.2640535831451416,0.49989771639686664,0.49989771639686664,0,1,,1,timestamp
5110,-0.5534898638725281,0.49989771639686664,0.49989771639686664,0,1,,1,timestamp
5111,-0.5383241176605225,0.49989771639686664,0.49989771639686664,0,1,,1,timestamp
5112,-0.5316497683525085,0.49989771639686664,0.49989771639686664,0,1,,1,timestamp
5113,-0.5391159653663635,0.49989771639686664,0.49989771639686664,0,1,,1,timestamp
5114,-2.2144124507904053,0.49989771639686664,0.49989771639686664,0,1,,1,timestamp
5115,-2.178060293197632,0.49989771639686664,0.49989771639686664,0,1,,1,timestamp
5116,-0.49123382568359375,0.49989771639686664,0.49989771639686664,0,1,,1,timestamp
5117,-0.46194785833358765,0.49989771639686664,0.49989771639686664,0,1,,1,timestamp
5118,-2.054574728012085,0.49989771639686664,0.49989771639686664,0,1,,1,timestamp
5119,-0.33876684308052063,0.49989771639686664,0.49989771639686664,0,1,,1,timestamp
5120,-1.967729091644287,0.49989771639686664,0.49989771639686664,0,1,,1,timestamp
5121,-1.8572133779525757,0.49989771639686664,0.49989771639686664,0,1,,1,timestamp
5122,-0.2635055184364319,0.49989771639686664,0.49989771639686664,0,1,,1,timestamp
5123,-0.260028600692749,0.49989771639686664,0.49989771639686664,0,1,,1,timestamp
5124,-0.2671923041343689,0.49989771639686664,0.49989771639686664,0,1,,1,timestamp
5125,-0.26958948373794556,0.49989771639686664,0.49989771639686664,0,1,,1,timestamp
5126,-1.0850495100021362,0.49989771639686664,0.49989771639686664,0,1,,1,timestamp
5127,-2.0500805377960205,0.49989771639686664,0.49989771639686664,0,1,,1,timestamp
5128,-1.0987260341644287,0.49989771639686664,0.49989771639686664,0,1,,1,timestamp
5129,-1.0741322040557861,0.49989771639686664,0.49989771639686664,0,1,,1,timestamp
5130,-1.5139164924621582,0.49989771639686664,0.49989771639686664,0,1,,1,timestamp
5131,-1.0359159708023071,0.49989771639686664,0.49989771639686664,0,1,,1,timestamp
5132,-1.504902958869934,0.49989771639686664,0.49989771639686664,0,1,,1,timestamp
5133,-0.2709808349609375,0.49989771639686664,0.49989771639686664,0,1,,1,timestamp
5134,-1.907499074935913,0.49989771639686664,0.49989771639686664,0,1,,1,timestamp
5135,-2.609910011291504,0.49989771639686664,0.49989771639686664,0,1,,1,timestamp
5136,-2.7261767387390137,0.49989771639686664,0.49989771639686664,0,1,,1,timestamp
5137,-0.4829990267753601,0.49989771639686664,0.49989771639686664,0,1,,1,timestamp
5138,-0.48332786560058594,0.49989771639686664,0.49989771639686664,0,1,,1,timestamp
5139,-2.7636232376098633,0.49989771639686664,0.49989771639686664,0,1,,1,timestamp
5140,-0.46180644631385803,0.49989771639686664,0.49989771639686664,0,1,,1,timestamp
5141,-1.978896141052246,0.49989771639686664,0.49989771639686664,0,1,,1,timestamp
5142,-2.0390422344207764,0.49989771639686664,0.49989771639686664,0,1,,1,timestamp
5143,-1.6694583892822266,0.49989771639686664,0.49989771639686664,0,1,,1,timestamp
5144,-1.4824111461639404,0.49989771639686664,0.49989771639686664,0,1,,1,timestamp
5145,-0.7138264775276184,0.49989771639686664,0.49989771639686664,0,1,,1,timestamp
5146,-1.5156773328781128,0.49989771639686664,0.49989771639686664,0,1,,1,timestamp
5147,-0.31064337491989136,0.49989771639686664,0.49989771639686664,0,1,,1,timestamp
5148,-2.35750412940979,0.49989771639686664,0.49989771639686664,0,1,,1,timestamp
5149,-2.150083065032959,0.49989771639686664,0.49989771639686664,0,1,,1,timestamp
5150,-0.30643919110298157,0.49989771639686664,0.49989771639686664,0,1,,1,timestamp
5151,-2.2048234939575195,0.49989771639686664,0.49989771639686664,0,1,,1,timestamp
5152,-0.36886876821517944,0.49989771639686664,0.49989771639686664,0,1,,1,timestamp
